0.3894,-0.137,-1.9406,-0.3258,-0.9274,-0.3391,0.216,-0.6368,-0.1353,0.1193,-0.3348,1.3108,0.3542,-0.8544,0.2685,-1.293,0.6444,1.183,0.6015,0.601,0.5672,0.0788,-0.1598,0.2602,0.3239,0.0989,0.1699,0.3076,0.4924,-0.1464,0.6532,0.2854,-0.5406,-0.4722,-0.1404,0.1582,-0.8443,-0.2813,-1.3243,-0.5872,-0.8725,-0.0669,0.4346,0.4207,0.0366,-0.5376,-0.9324,1.1334,0.3236,-0.4471,-1.2101,0.5212,0.0779,0.0147,-0.0484,0.0778,-0.2267,-0.0385,-1.2644,0.521,0.3137,1.056,0.0406,0.6293,-0.1724,0.3456,-0.2035,0.2097,0.9889,0.9237,-0.7984,1.2664,-0.0549,1.0964,0.0543,-0.0941,0.3502,-0.1093,-1.4355
-0.0035,-0.0618,1.0111,-0.668,0.1445,0.4779,-1.2837,-1.2061,1.0635,1.433,0.5401,1.5061,-0.1312,0.5338,0.061,0.9108,0.9301,0.7186,0.315,-0.649,-0.504,-0.9577,-0.2083,0.4775,-0.9601,0.8038,0.2916,-0.6119,-1.2939,-0.7553,0.5719,-0.7795,-0.3483,0.9495,-0.2345,0.5931,-0.6367,0.8429,1.102,0.861,1.9096,-1.0674,-0.5031,-3.3679,1.5046,1.2159,0.853,-0.2728,0.9081,-0.5793,-0.8757,0.5879,0.456,-1.0449,-0.43,-0.1917,0.0654,-0.0286,-0.5197,0.6281,0.3252,-0.5712,0.4539,0.8629,1.4874,1.3435,0.8107,0.0282,-0.6758,0.0637,1.1016,0.4074,-1.5058,-0.1118,-0.5095,-1.5052,0.7622,-1.2007,-0.7161
1.2222,0.65,0.3921,-1.0143,-1.5136,0.433,-1.055,-0.4961,-0.632,0.6389,-0.405,1.0141,-0.9459,-0.613,-0.0579,1.0142,0.0967,1.4586,-0.5612,0.2676,0.7256,-1.743,-1.2181,0.7694,-0.8134,-0.5378,0.9212,-1.8353,-1.6954,-0.5249,1.0169,0.0409,-0.0018,-0.2919,0.4462,1.1308,0.5854,0.0368,0.7826,-0.7109,1.5897,-1.259,-0.626,-3.4095,0.9138,1.5983,0.3173,-0.5856,0.4338,-1.0192,0.7401,0.4941,-0.1126,-0.2431,-0.9141,-0.1741,-1.6735,-1.1258,0.4351,0.9937,-0.3462,-0.184,-0.8411,0.8701,1.2956,1.4671,1.0169,-0.0644,0.5322,0.1077,1.1411,-0.3942,-2.7589,0.7775,-0.0324,-1.7182,1.0538,-0.4902,-0.4595
0.5017,0.0522,-0.0169,2.2416,1.0656,0.4796,0.4706,0.3357,1.0825,-0.0279,-0.447,-0.1545,-1.0763,0.9604,0.9098,0.3473,-0.0879,0.1577,0.8942,0.9904,1.2573,0.5415,0.6929,-0.7202,-1.4711,0.7542,0.4314,-0.0472,0.2376,0.921,0.9434,0.948,-0.903,-0.2884,0.76,0.5594,0.0045,0.2296,0.8056,0.0824,-0.4591,1.3329,0.7103,-0.0,-0.3316,-0.2836,0.671,1.2384,0.7667,0.6485,0.6793,0.8784,0.6045,0.5932,0.1742,0.9747,0.1099,-0.6913,-0.3076,0.4839,0.0945,-1.5392,0.8282,0.2685,0.1626,0.2355,-0.1714,-0.2606,1.1438,0.7733,0.728,-0.0616,0.8842,0.3472,0.5248,0.6304,0.6348,1.058,1.8823
0.268,0.5372,0.9748,1.1875,1.5699,1.153,1.293,0.6325,0.8962,-0.0681,0.1956,-0.1672,0.5645,-0.4207,-0.1115,0.3454,-0.2451,0.1887,1.8786,0.28,0.0186,1.1493,0.3621,2.6312,-0.5698,0.5263,-0.0538,1.073,0.8622,1.2288,1.5086,1.0098,-0.4206,0.8485,-0.0644,-0.2188,-0.109,-0.0595,1.1644,0.8689,-0.1365,0.9484,-0.5254,0.4332,0.0617,-0.332,1.5878,-1.6596,1.385,1.6777,0.1332,0.2221,-0.1787,0.9437,1.6188,0.6286,0.2803,1.482,0.6411,-0.3263,0.0742,-0.8402,0.9996,1.0253,0.9339,1.1094,-1.0947,-0.347,-0.9605,-0.1901,0.6749,0.2419,1.1912,-0.3631,0.9136,0.6251,0.6566,0.3864,-0.1067
-0.7206,-1.6878,-0.488,-0.6191,1.3525,0.0817,0.5235,0.0008,1.0345,0.2371,0.8534,-1.0468,1.7084,-0.4884,1.4525,-1.1848,1.8235,0.7633,0.9894,1.2612,1.5663,-0.7427,-1.4751,-0.4148,0.5754,0.3549,-0.6719,-0.7862,-1.414,-1.2758,-2.1569,-1.6802,-0.9598,-0.9193,-0.7957,-1.0408,-0.0006,-1.1938,0.0688,0.4175,-1.1626,1.1754,-0.9633,-0.2166,0.583,0.4373,1.4931,0.7773,0.0317,0.8557,-0.0018,0.0406,-0.4333,0.3051,-0.6252,-0.2666,0.6789,0.5692,0.1402,-0.7719,0.0857,0.0291,0.4137,0.9576,0.836,0.819,0.407,2.3911,0.5256,-0.5705,-0.1013,-2.0257,0.5947,0.5858,1.1689,1.3456,0.1739,-0.1567,1.4418
-0.757,0.2883,-0.2369,-1.3108,-2.0239,-0.5631,-1.4359,0.2575,-1.0508,-0.0778,-0.8128,0.8444,-0.6646,-0.4465,-2.1849,0.8733,0.2528,0.1589,-0.6584,0.0561,0.3924,-0.2392,-1.1862,0.0566,-1.5894,-0.7578,-1.4275,-0.6745,1.2166,-0.1902,0.8383,-0.9524,0.0828,0.9446,-0.4853,0.3687,0.8962,-0.1331,1.0398,-0.544,0.6826,-2.3921,-1.1014,-2.5546,0.7808,-4.3205,-0.1747,0.3413,0.4424,-1.3959,0.0061,0.0106,0.4062,-2.0539,-0.781,-0.3692,-1.4081,-0.8443,-0.1506,0.3158,-0.2851,-0.0984,-1.2601,-0.2273,0.7494,1.3648,1.0236,1.6525,0.9243,-0.2017,-0.3368,-1.0442,-0.729,0.2305,-0.6889,-0.6122,0.9496,-1.218,-0.3592
-2.5992,0.8497,-0.9004,-0.7986,0.3887,0.2903,-0.8849,0.1809,-0.6144,0.7003,-0.4099,0.2057,-0.4025,0.1084,-0.3894,1.929,0.7263,-0.9286,-0.0392,0.3268,0.3538,-0.2233,0.4566,-0.2927,0.4723,0.4225,0.1564,-0.0683,1.6722,0.1547,0.6094,-0.1746,-0.1764,-0.1619,0.2756,-0.5627,0.4332,-0.784,0.0794,0.8959,0.8993,-0.2685,-0.9444,0.5208,-0.8868,-0.5195,0.1871,-0.1965,0.6302,1.0168,-0.4785,-0.4486,-0.321,-0.8159,-0.1857,-0.8907,0.9291,-0.0994,1.008,-0.0513,-0.6451,-0.159,-0.5366,-1.0655,0.0051,0.3627,0.71,1.1581,0.4646,-0.8134,-0.4903,-0.8732,-0.0763,0.4579,-0.6172,-0.52,-0.3057,0.2336,0.36
-0.5539,-0.413,-0.9106,-0.1001,0.272,0.7603,-0.242,-0.6416,1.2591,0.8317,0.1633,0.2078,-0.3039,1.1656,0.6467,-1.4036,0.6326,0.2988,1.518,-0.0922,0.3736,-0.0897,-0.1084,-0.0389,0.0903,2.0828,0.607,0.3264,-1.6364,-0.1409,-1.1727,-0.9149,-1.4024,-0.6483,1.1106,-1.6745,1.116,0.2695,0.5867,0.0194,-0.5817,1.1548,1.7587,0.0272,-0.2055,0.8468,0.2497,0.9478,0.5903,0.8883,0.6907,-0.1205,-0.3635,-0.8365,-0.524,0.8286,1.2208,0.3017,0.9564,-0.1406,-0.4142,0.741,-0.3222,0.1136,-0.0252,-0.0193,0.5586,-0.2833,-0.4979,1.3184,-0.3405,-0.2011,-0.1247,0.5474,-0.3249,0.5084,-0.8349,0.8255,0.9265
0.8585,-0.986,0.3349,0.2289,-1.066,0.2558,0.6408,-0.4004,-0.614,-0.039,0.6412,0.3467,-0.9188,0.7858,0.179,0.637,0.4401,0.9188,-0.4127,-0.2638,0.0702,-0.3115,0.7044,0.9155,0.6016,-0.4786,0.433,0.4616,-0.3255,0.4064,0.4059,0.0641,-1.3251,0.3722,-0.4134,0.8266,-0.5887,0.4957,-0.1904,0.0959,1.3989,-0.6344,0.5776,0.5138,-0.1622,-0.0969,-1.3439,0.8021,-1.2915,-0.3737,-1.0143,1.4792,1.6507,-0.233,0.0726,0.173,-0.0524,0.2564,-0.739,0.6341,1.4208,1.6386,-1.1393,-0.375,0.2508,0.5342,-0.6636,0.3546,0.909,1.2008,-0.4299,0.4321,-0.1991,-0.2456,-1.0788,-0.1572,0.5351,0.2504,-0.1016
0.7272,-1.5268,0.5658,-0.6171,-0.6797,0.8466,0.8784,-0.5898,0.181,2.1091,0.7442,0.549,0.0462,0.3039,0.719,-0.7936,-0.8966,0.5677,0.1621,-0.8089,-0.0672,0.2421,0.475,0.0303,1.3625,0.2299,0.3427,0.1398,0.2785,0.6703,-1.0222,0.0058,-1.5772,-0.5857,-0.1066,0.8916,-1.0706,0.7833,0.2874,0.5892,0.6724,-0.046,1.1013,0.2851,0.7829,0.7123,-1.6777,0.6291,0.0898,-0.3213,-1.6108,0.6576,1.384,0.6842,1.1157,0.0192,-0.2621,1.1212,0.2922,1.0283,0.2387,0.8524,0.1653,-0.3278,0.4395,1.264,-1.9623,-1.0343,0.79,1.339,0.7945,0.5677,-0.0051,1.2705,0.1362,-1.0891,0.5339,0.042,0.4503
-1.1329,0.2803,-3.0015,-1.7578,-1.214,-4.261,-3.0071,1.7942,-2.9049,-0.8191,-1.8813,0.0039,-1.1892,-0.7708,-2.7468,2.0601,-1.9959,-2.3921,-1.3078,-0.2003,0.0385,-1.8955,-0.9918,-1.6763,1.0632,-0.4178,-1.5508,-1.2152,-1.2738,-1.6019,-2.3757,-1.7502,1.5846,-1.5353,0.7379,-3.9052,1.1695,-2.923,-3.3696,-4.0021,-2.2544,1.6415,0.1123,-0.0493,-1.2997,-1.2704,-0.845,-1.1186,-0.5504,0.517,0.3779,-1.4599,-3.1142,-3.0368,-1.6284,-2.6741,-2.6532,0.0733,0.4126,-2.2523,-4.111,-0.3041,-0.3796,-2.6493,-2.2926,-2.5465,0.5578,-0.6966,-2.308,-1.6885,-0.2147,-3.8306,-1.5939,1.3513,-1.1126,2.2892,-1.9985,0.5746,0.7238
0.6962,0.5519,0.4973,-0.9534,1.4287,0.1773,0.1082,0.8586,-0.1776,0.0146,-0.9077,-0.9266,0.2207,-0.1747,-0.0444,2.2742,0.9525,-1.4698,-0.1965,0.3832,-0.4056,-1.0306,-0.3974,-0.0467,0.1114,0.6554,-0.095,0.2933,1.7434,-0.4131,1.084,0.8893,-0.0178,-0.3515,-0.0373,-0.553,-0.0405,-0.6517,0.6416,-0.0469,0.551,0.3253,-0.8645,0.3243,-0.5321,-0.4631,1.6913,0.3114,1.3798,0.7379,0.9327,0.1768,-1.2474,-0.3655,-0.6118,-0.7977,1.0518,-0.8088,0.9129,-0.2038,-0.8831,-2.0354,0.4454,-0.0998,0.374,0.2621,1.0387,0.5208,-0.3127,-1.7887,0.3928,-0.7175,-0.2406,0.9019,0.8045,1.6394,0.5619,0.9095,1.3461
-1.4209,0.5967,-0.8011,-0.4214,0.0562,-0.557,-1.6622,1.8977,-1.6299,-0.8608,-0.7838,-0.7483,0.4235,0.4651,-0.357,0.6238,-0.2759,-1.911,0.1599,0.4219,0.976,-0.7882,-1.6887,-0.9573,1.2679,1.0901,-0.0107,-0.0699,-0.0025,-0.2315,-0.7516,0.3686,0.3493,-1.6974,1.7915,0.0481,1.2693,-1.3839,-1.0031,-0.4991,-1.2108,1.1614,-0.5408,-0.4033,-1.5223,-1.0865,-0.3367,0.4737,0.2316,2.009,0.0133,-0.8139,-2.0265,-1.2869,-0.748,-1.4837,-0.2602,0.7565,1.3335,-0.6418,-1.1826,-1.0459,-0.1724,-1.0932,-1.0931,-0.6712,0.4764,0.8852,-1.3915,-1.576,-0.3265,-2.2408,0.0709,0.9094,-0.8037,2.7505,-0.0285,1.1498,1.7021
0.7655,1.2946,0.5362,-0.9933,0.9612,0.4667,-0.4317,-0.2565,-0.3588,0.3876,-0.2854,0.573,0.6311,0.4226,-2.8641,0.8605,-0.172,0.0752,0.1857,0.1306,-0.0803,-0.5535,-0.8493,0.625,-0.2536,0.6851,-0.137,0.7635,-0.0576,-0.5495,0.6958,-1.5763,1.2316,1.28,1.097,0.9901,0.1779,0.6581,0.949,0.1153,0.7863,-0.9691,0.0009,-3.1146,0.7429,1.1506,0.3072,-1.0328,1.1007,-0.1055,1.9548,-0.8238,-0.9997,0.0717,-0.6928,-0.2067,-0.1388,-1.415,1.1258,0.1092,-0.4124,-0.4438,0.717,0.3636,1.2638,1.0593,1.2676,-0.4632,-0.1858,-0.9558,0.8596,0.7475,-2.5281,0.589,-0.8265,-0.8003,0.5273,-0.7247,-1.5041
-3.5348,1.0335,-1.9544,-0.2478,0.8787,-0.9936,-5.164,2.7336,-1.5003,-1.56,-2.8638,-3.7171,0.9804,-0.8808,-1.2966,1.5885,-0.6944,-3.2618,-0.2375,1.2093,-0.3012,-1.1946,-0.9946,-1.4828,1.1507,-0.1303,-2.4827,0.5035,1.2767,0.3026,0.8387,0.5437,2.16,-1.4484,0.9808,-1.7567,3.6315,-4.5672,-1.7965,-2.1572,-2.3695,1.429,-3.0859,-0.9404,-3.9018,-4.2878,-0.0622,1.0577,-0.6494,2.1363,0.5958,-1.7627,-3.052,-1.5202,-1.1417,-5.0128,-0.3101,-2.8483,1.6574,-1.8838,-3.0608,-0.5586,-1.8321,-3.4507,-3.5658,-0.6319,2.6781,1.6994,-3.6724,-3.571,0.2432,-1.0021,0.8159,0.3754,-0.4698,3.0458,-3.4816,0.5109,1.9506
0.0067,-1.3356,-0.2013,-0.5412,0.3803,-0.0389,0.2958,0.1122,-0.1073,1.071,0.8903,-0.8418,0.321,0.5189,1.975,-0.493,0.6223,0.631,-0.2817,0.3144,0.6674,0.7625,-0.1862,0.386,-0.0055,0.7181,-0.5815,0.1191,-1.8926,0.0244,-1.4965,0.0865,-0.3074,-0.4343,1.4382,0.9007,-0.5192,0.0704,-0.8218,0.395,-0.21,0.5205,1.4592,0.5188,0.9242,0.5865,1.1769,0.4055,-0.4971,0.3655,0.8102,-0.1796,-0.224,0.0954,-0.3282,1.1141,1.0397,2.182,0.4316,0.0789,0.0385,1.5636,0.6021,0.0792,-0.2748,-0.7069,-0.2182,-0.137,-0.2685,1.0713,0.0289,0.9315,0.1794,0.0145,1.975,-0.2434,0.9655,0.9135,-0.8883
0.8176,-0.0609,0.1746,-0.9679,-0.4309,0.329,-0.5793,1.5201,-0.0094,-0.1125,1.3217,0.6676,-0.3145,-0.2152,-0.2113,-0.3752,0.3593,-0.7966,-0.3419,-0.1085,0.4402,0.3946,-0.4216,-0.369,0.4827,-0.4724,-0.2273,0.1548,-0.3532,0.3674,-0.7567,-0.285,-0.954,0.7157,0.0674,0.5249,1.5636,-0.1355,-1.1379,-0.169,-0.5551,0.1351,-0.0363,0.8046,-0.8004,-0.5445,-0.7157,1.227,0.0059,-0.1845,-0.0886,1.0269,0.6558,0.7196,-0.4717,0.0206,-0.56,-0.7837,0.1499,0.0955,1.2407,0.209,0.2687,0.1173,-0.7719,-0.6708,-0.0695,-0.4969,-0.6372,0.141,-0.822,-0.2895,0.7482,1.3994,-0.5157,0.7215,0.6265,0.2787,0.9555
-0.268,-0.3543,0.4354,-1.7578,-0.9357,-0.3784,0.5993,0.7232,0.6792,0.9763,0.6644,0.172,0.2427,-0.7576,8.0209,-1.1081,-0.306,0.7297,-0.655,4.5144,-0.8593,0.2392,-1.6782,-0.4333,-1.1383,-0.2909,0.8568,0.0556,0.2811,0.5958,0.693,-0.2773,-0.3299,0.4609,0.4516,0.4597,-0.9666,-0.4386,0.5143,-0.5307,-0.5723,-0.0336,1.7306,0.1433,0.2929,1.0251,-0.0561,1.4278,-0.7737,-0.3952,0.1807,0.4057,0.8813,0.1169,0.2757,0.2753,-0.0684,1.0533,-0.2801,0.2381,-0.0876,1.1306,0.1264,0.1117,-0.4151,-0.4125,-0.5802,-0.5921,-0.1332,1.7323,-1.489,0.2715,0.1119,-2.1534,-0.579,0.0256,1.2536,0.3755,1.6203
-0.7551,0.3475,0.517,-0.2245,0.3442,-0.2412,0.4477,0.7284,0.2699,0.1487,-0.175,0.8137,-1.095,-0.5367,0.6288,-0.0182,2.2801,-0.3306,0.0341,0.4079,0.4091,-0.6387,0.7368,-0.1683,0.8679,1.4664,0.8413,-0.5104,0.3054,0.6036,0.3679,1.2905,0.2147,-1.9942,0.8867,-0.1181,0.6237,-0.8926,0.1462,2.0086,-0.954,0.9311,-1.0491,0.3657,0.7069,0.7427,0.4507,2.5271,-0.2459,0.5422,0.5532,-0.1923,-0.3738,-0.417,-0.1295,0.2218,0.0419,-0.5764,0.5259,0.1756,-0.5631,-0.768,-0.3369,-0.3708,-0.3762,-0.114,-0.068,-0.8528,0.2962,0.8629,0.1536,-0.7145,1.5462,0.205,1.2462,0.3526,0.6004,1.1214,0.7576
0.9335,-0.4271,0.1331,0.5259,0.0165,0.7481,0.8701,-0.2387,1.316,-1.068,0.0913,-0.0843,0.5782,0.7569,-0.1032,0.921,0.4597,0.5648,0.767,-0.0834,-0.0617,0.5424,0.8858,0.7256,0.8258,-0.6278,0.6002,0.7017,1.2188,0.6005,-0.6805,1.218,-1.46,-0.7499,0.8726,1.6327,-1.1403,0.3941,0.0241,1.2767,0.1556,0.6815,0.3972,0.3639,-0.8807,-0.758,-0.3388,-0.1296,0.5612,-0.2105,-1.0126,0.3478,0.9101,0.1472,1.1065,0.3697,0.0338,0.5542,-1.2847,0.4446,1.1979,1.6959,0.2009,0.6524,0.2182,0.1609,-0.5686,0.1726,-0.109,1.2558,0.5143,0.7984,0.7439,0.3972,-0.1894,0.4609,0.5045,0.4332,-0.5237
0.427,-1.2071,0.0059,-0.2045,-0.799,0.3702,0.5058,0.2811,0.5233,1.7166,0.5873,-0.2754,0.1077,0.6611,1.0499,-0.7058,-1.7425,0.5976,0.1617,-0.6198,-0.1927,0.2883,-0.574,-1.0388,1.5012,0.4078,-0.154,-1.044,-0.276,-0.7021,0.4091,-0.5161,-0.8256,1.116,0.3583,0.7538,-1.0741,-0.1055,0.9276,-0.1503,-0.33,-0.3292,0.6321,0.2579,0.6655,0.6961,-1.4226,1.5206,-0.1838,-0.8942,0.4009,2.2796,0.3877,0.7088,-0.5174,0.1665,-0.9273,0.5407,0.9614,0.8129,0.2854,0.4193,0.4718,0.7541,-1.9693,-0.6147,-0.1788,-0.5101,0.0074,0.8017,0.1429,0.0185,0.8477,0.5303,0.3727,-0.461,0.8212,0.054,0.9787
-1.1154,1.1046,-0.1541,-0.8178,1.0463,0.8383,0.25,0.382,0.2255,0.4,1.5409,-0.911,0.6684,0.241,-0.2863,-1.1116,-0.8213,-0.3597,0.5216,-0.4119,-0.0869,-1.4915,-1.5894,-0.0357,0.8263,-0.6039,-1.4889,-1.3594,-0.6897,-1.245,-1.7089,-2.1003,-1.4678,0.7491,-1.0867,-1.7759,-0.0759,-0.0309,-0.9011,-1.1106,0.1107,-0.9881,-0.564,0.5663,-0.4027,0.2258,1.0285,1.1136,0.3666,0.704,1.2101,-0.9798,0.004,1.451,-0.8654,-0.1761,-0.6976,-0.6545,1.3701,-0.9566,0.4472,-1.4441,0.9468,0.2456,-0.5012,-1.171,0.8601,0.8981,-1.49,0.4523,-0.4077,0.4447,-1.3049,-2.6025,-1.5101,1.4943,0.2712,-1.2584,0.9697
0.0417,0.0035,1.0987,0.8496,1.6041,0.6911,-0.3874,-0.2094,0.2237,0.9843,0.0198,0.6878,0.5754,-0.2375,0.4906,1.3559,0.8596,-0.2011,0.7234,0.5904,1.0733,0.3292,0.9628,0.4293,-0.171,1.2144,0.6369,1.6292,0.3119,0.6856,0.724,0.9449,-0.3052,-0.1239,1.1642,0.6734,-0.0385,-0.1099,1.3175,0.4721,0.6584,0.4308,-0.3008,-1.8067,-0.0096,0.8771,1.689,0.1206,1.6821,-0.1464,1.9134,-0.4592,-0.7968,0.2884,-0.3702,-0.3052,0.2046,0.2831,1.1778,0.6309,-0.3248,-1.5192,0.7024,0.5723,0.8641,0.7415,0.5323,0.4404,0.1432,-0.7688,0.797,-0.0818,-1.4911,0.7273,0.8098,0.2583,1.1808,0.6598,-0.3878
0.6648,0.6345,-0.3004,0.3901,0.3524,-0.0545,0.1916,-0.2623,-0.2226,-1.028,-1.3104,0.3831,-0.5494,-0.2864,-0.8848,0.7306,-0.0478,-0.1117,-0.1616,0.3439,0.0176,-1.9019,-1.7955,-0.7145,-0.1065,0.1536,1.6208,-1.2611,0.9821,-2.6505,0.7927,-1.5034,0.0819,-0.6131,0.7149,-0.1459,0.2182,0.0548,0.0333,-1.3478,0.4836,0.3791,-0.0291,0.0865,-0.398,-0.1603,0.9332,-0.5574,0.599,0.1525,0.8757,-1.9312,-0.5867,-0.0091,-1.2935,-0.4575,-0.225,-0.1771,0.3154,0.5524,-0.4555,-0.5992,0.8296,1.3262,1.1555,1.0084,0.9699,0.9518,-0.4742,-0.7529,1.9188,0.0865,0.5742,0.4542,1.2678,1.2353,-0.5666,0.2712,0.4277
-0.1978,0.4748,-0.9185,-1.7578,-0.5712,-0.8293,0.1657,-0.712,0.6106,-0.2855,-1.636,-0.3325,1.1146,-0.0516,-0.52,-2.2697,-2.4651,1.123,0.443,1.3509,0.5519,-1.1674,-1.1514,0.8824,1.3188,-0.8062,1.3392,-1.8782,-2.0469,-1.9112,0.2383,1.3445,1.521,-0.2313,2.9575,-2.8978,0.5158,-1.194,0.5132,0.0569,-0.6385,0.8348,0.1646,-1.8871,0.4301,-0.2068,-0.0742,0.3959,-0.5414,0.5843,-0.738,0.2959,-0.8416,-1.9714,-1.1317,0.9158,-2.6513,-0.1939,0.8827,0.1253,0.2803,0.5442,-0.4523,0.6516,-0.697,-2.269,-0.2531,0.3113,0.6705,-0.215,1.1977,-1.9116,-1.5037,0.4356,0.4079,0.0951,-2.4416,0.8569,1.1274
-0.629,0.1987,0.767,-0.2088,0.1029,-0.1728,0.6382,-0.7966,0.0359,-0.1539,0.158,-0.6821,-0.4028,-0.4989,0.9506,-0.1379,-1.0512,0.2653,0.5637,0.5546,0.6946,1.467,0.8394,-0.0561,-0.136,-0.2306,-0.0476,0.8323,0.0017,0.8653,0.4215,0.1304,0.2445,-0.1441,0.2479,-0.6353,-0.2946,0.3142,1.12,0.4695,-0.737,0.2231,-0.1089,0.0552,-0.0137,0.071,0.373,-0.385,0.7782,0.6328,-0.3046,0.0063,-0.1872,0.0889,0.8804,0.1126,0.0079,-0.8716,0.3138,0.4215,0.6024,-0.0082,-0.5411,-0.0528,0.3756,0.3431,-0.0481,-0.9686,-1.2419,0.5869,0.2095,0.8108,0.298,0.458,0.5372,0.4189,-0.958,-0.7833,-0.0628
0.1118,-0.1817,0.2984,1.6187,0.2499,-0.0463,0.6595,0.5646,-0.0525,0.1877,-0.1436,-0.1415,0.883,0.4115,0.2379,0.5285,0.7147,-0.0929,-0.2243,-0.1756,-0.4588,1.7755,2.0019,1.3708,-0.3822,0.4164,1.3859,1.5522,-0.1547,1.686,0.0945,0.949,0.1505,-0.0463,-0.8053,-0.4654,-0.8008,-0.0672,-0.2412,-0.2948,1.0328,0.3119,-0.2902,0.5319,-0.1951,0.0941,0.4067,0.1821,0.0593,0.5247,0.2646,0.0847,0.2339,0.419,1.6664,0.5223,0.2532,0.1081,-0.473,0.5395,0.3177,0.2252,0.6053,0.1537,0.0555,0.1782,-0.01,-0.7121,0.281,0.122,0.1897,0.762,0.6846,0.2956,-0.6275,0.2309,0.1297,-0.0103,-1.3332
-0.1693,-0.6887,0.4216,-1.2619,-0.0084,-0.8317,-0.5367,-1.1812,-0.0456,-0.442,-0.246,0.1085,-0.0491,0.5735,-0.4859,2.2577,-0.3229,-0.7476,0.3819,0.0642,-0.7021,-2.1439,-0.7326,0.2457,-1.091,0.2723,-0.2183,-1.0818,-0.201,-2.0137,0.1234,-1.2735,0.3845,1.0561,-0.8967,-1.0957,-0.0643,1.0053,1.4022,0.1643,2.8322,-1.1202,0.5357,0.1803,-0.8157,-1.0297,-0.4424,-0.9471,0.53,0.1785,-0.3074,0.1231,-1.5699,-0.5899,-0.2097,-0.5471,-1.2876,0.779,-0.5534,0.3323,-0.5291,0.714,0.0957,-0.9374,0.7111,0.124,-0.6844,0.5699,-0.9127,-1.3453,0.5846,-0.4619,0.9116,0.1302,-0.8615,-0.6456,-0.9254,-1.2125,0.2579
1.2484,-0.1856,0.7706,-1.2027,-0.2044,0.2372,0.3792,-1.4714,0.6694,-1.2617,-1.0962,1.076,-2.7494,0.5468,-0.3877,0.2566,0.3042,1.1629,1.1192,0.6867,0.7541,-0.5177,0.2548,0.3751,-0.8633,-0.2979,-0.1849,-0.8539,-0.5476,0.4116,0.5835,-0.0037,-1.5143,0.7254,-0.7136,0.5823,-0.4687,1.0783,0.1944,-0.235,0.3535,-0.4251,0.9481,0.2389,-0.1392,-0.7694,0.0693,-1.0661,1.1578,-0.3291,-1.5016,-0.1341,0.3491,0.1908,0.3764,0.4893,-0.3711,-0.2713,-1.5485,1.1291,0.0612,0.3829,-0.1889,-0.1629,1.4621,1.4456,-1.6111,-0.4397,-0.2601,-0.1945,2.5715,0.9841,0.8765,0.1973,-0.0936,-0.6963,-0.3479,-0.7194,-1.6493
0.4967,-0.5405,-1.1373,-1.0675,1.6323,0.1464,0.068,-0.6232,0.3471,-1.9914,-1.1365,0.3468,0.4784,1.0454,0.2383,0.1602,0.8217,1.3978,-0.3943,-0.2369,0.4885,0.1085,-0.8354,0.0976,0.8819,1.0066,-0.5014,0.5839,-0.7264,-0.6741,-0.1202,-1.214,-1.3887,1.5966,0.5636,0.8956,0.6998,0.0464,-0.0135,0.291,0.4015,2.2977,1.1234,0.1358,-0.6757,-0.0402,0.3671,-0.431,0.9833,0.3019,0.073,0.8109,-0.5665,0.7136,0.6361,-0.4164,1.7475,-0.085,-0.5826,0.5414,-0.6701,-0.3314,-0.2025,1.1907,0.3916,0.5752,0.5352,0.8055,-0.5423,0.8194,-0.021,-0.0349,-0.3351,0.5991,-0.3246,1.0427,-0.2447,1.4564,0.9946
0.2334,0.3266,1.2616,0.6864,1.4433,1.3603,-0.2426,-0.9666,1.3256,0.0769,0.6682,0.4865,0.4442,-0.7692,0.8295,-1.1205,-0.0463,0.4133,0.5494,-0.0565,-0.2357,0.1839,0.6167,0.5196,0.3659,3.1346,-0.019,1.1264,-0.9635,0.7648,1.028,0.472,0.4102,0.9899,1.2191,1.0771,0.2774,0.9854,1.399,0.2496,0.5667,0.057,2.0459,-1.9473,0.6314,2.0157,1.2909,0.2904,1.9796,-0.9952,0.998,-0.5334,-1.5203,-1.7599,0.8187,0.6448,0.7421,-0.0388,0.9718,1.3341,0.0133,-0.9097,0.5662,0.216,1.594,1.2344,1.2272,0.5681,0.1956,0.5925,2.7095,0.7948,-0.3432,-0.1618,0.0799,-0.7107,1.0003,0.8929,-1.657
0.3726,-0.0412,-0.7565,-1.7578,-1.5571,-0.9845,0.0928,-0.2852,-0.7073,0.3083,0.0215,0.3201,-1.5132,0.4271,-0.471,-1.1852,0.0442,0.5032,-0.5699,-0.1771,-0.1361,0.0583,0.1583,-0.9391,0.0228,-1.9557,-0.1747,-0.7177,0.8792,0.6215,-0.2681,0.3381,0.2473,-0.4964,-1.0721,-0.4998,0.0921,-0.8003,-0.2241,-0.9965,-0.5644,-0.5905,0.152,0.6463,-0.3017,-0.5448,-0.1769,0.3024,-1.6104,-1.4037,-0.7186,-0.0761,0.4323,-0.5687,0.0705,-0.2774,-0.7044,1.1675,-1.6184,0.478,1.1733,1.645,0.3113,-0.7066,-0.4718,0.3979,0.2552,-0.043,1.5266,0.7246,-0.552,0.4416,-0.7849,0.4104,-0.3965,-0.1291,-0.3342,-0.7177,-2.2029
0.6812,0.8635,0.394,0.1448,-0.5696,0.588,0.6984,-0.3836,-0.7841,0.2355,0.1043,-0.5937,0.3012,-0.2819,-0.1667,-0.1174,-1.3428,1.1776,0.1773,0.1073,-0.3183,0.5446,-0.5747,0.6698,0.2575,0.202,0.7805,0.3986,-0.8736,0.1628,-0.2764,-0.3599,0.9472,-0.6144,0.0221,-1.5148,0.039,0.5433,-0.0239,-1.2402,0.1198,0.5819,-0.3688,0.0506,-0.0305,-0.3952,-0.3032,-0.0084,-0.6043,0.3718,1.5389,0.8227,-0.383,-0.8205,1.1884,0.5713,-0.5227,1.7311,-0.3267,0.2682,0.5432,-0.0704,0.2028,0.3529,0.268,0.0442,1.2038,0.1913,1.2186,0.3018,0.2817,0.9738,0.2361,-2.2866,-0.7203,-0.6956,-0.8994,-0.3932,0.0897
1.9703,-0.9198,-0.1384,-0.5383,-0.849,-0.3262,-0.4405,-2.9324,0.6631,-1.9713,-0.0076,0.0636,-1.4288,-0.9658,-1.6063,-0.9487,0.0812,1.7303,0.7828,-0.9935,-1.1077,0.8797,-0.9469,1.2908,0.3243,-1.2784,-0.849,-0.3233,0.8934,-0.3619,-0.8668,-1.0229,-0.8081,-0.1771,-1.3431,-0.731,0.4959,-0.567,-0.6359,0.291,-0.8311,-1.0616,-0.4273,-0.2368,0.3732,-0.3843,-0.9898,-0.2045,-0.5813,-0.9267,-1.8648,-0.4162,1.4799,-2.1079,0.4775,-0.4949,-0.0838,0.1957,-2.6475,0.6349,1.7157,1.7247,-2.6595,0.4535,-0.9079,-1.0863,0.1617,-0.4646,1.7832,1.0562,-1.2234,1.0729,-0.8172,0.7302,0.864,-1.0443,-2.5123,-2.1524,-0.6612
-0.6379,0.1511,-0.1315,-1.1741,-1.1438,-0.6002,-0.5233,-1.1117,0.3584,-0.6105,0.3806,0.421,-1.2897,-0.6576,-1.2692,-0.1804,1.4339,0.4785,-0.9203,-0.9891,0.749,-0.2405,-0.9112,0.2892,0.7474,0.5714,-0.4608,-0.8854,0.6883,-0.2939,0.1937,-1.1426,-1.8651,-0.6823,-0.1298,0.1824,-0.6657,-0.8799,-0.4161,0.5431,-0.6825,0.2161,-0.2087,0.5753,-0.0051,-0.292,-0.6638,-0.3757,-0.2715,-0.9336,-1.2261,0.8089,0.9282,0.2938,-0.843,-0.509,-0.3634,-0.0897,-1.2033,0.2811,1.2437,0.8031,0.221,0.3121,-0.0314,-0.2513,0.565,-0.2734,0.7129,1.3956,-0.6792,0.1346,0.5179,0.8048,-0.0285,-0.6846,0.0087,0.5083,-0.2968
0.4876,-0.7252,-0.5376,0.6153,-0.0417,-0.1172,0.5242,-0.7488,1.0242,1.1139,0.9476,-1.4867,-0.894,0.0034,0.7095,-0.9956,-1.1594,1.2528,0.6983,-0.0718,-0.5818,0.4337,0.6878,-0.8735,0.6125,-0.9811,0.0655,0.3116,0.5962,0.8307,0.2356,1.2779,-1.8069,0.4409,0.0461,0.8256,0.1855,0.0631,-0.2941,-0.2544,-0.4697,0.7906,1.0714,0.142,0.6045,0.6572,0.5376,-0.9706,1.4163,-0.0126,1.0263,-0.3252,-0.4875,0.2635,0.9415,0.9138,-0.1058,0.7218,-0.6541,0.7057,1.5009,0.5128,0.2989,0.8951,-0.5702,-0.2815,-0.4182,-1.0725,0.4292,1.0959,-0.0664,0.5929,0.345,0.0665,1.138,0.3073,0.0297,0.0109,0.095
0.3373,0.7701,1.1461,-0.0814,0.9862,0.7918,0.4891,-0.069,0.7521,0.2033,0.9257,0.9769,0.711,0.0339,0.204,0.5326,-0.3373,0.9211,0.8197,0.131,0.5083,1.2879,1.2066,0.5123,-0.3004,0.4855,1.0842,0.4621,0.6151,0.842,0.1628,0.8356,-1.8343,-0.0117,-1.0072,-0.3499,-1.1206,0.1467,-1.3121,0.3418,0.8872,0.383,0.5814,0.5452,0.8622,0.1931,1.3583,-0.9917,1.1298,0.3415,0.1471,-0.0793,0.6173,1.0427,1.2294,0.628,1.102,-0.7692,-0.1547,1.459,1.125,-0.6943,0.8791,0.2855,-0.2667,-0.0106,-0.5509,-0.5113,0.7738,0.3879,-0.8827,0.8096,1.1047,0.0746,0.7983,0.6482,0.4443,-0.0506,-0.5894
0.5619,-3.0154,-0.2213,-1.7578,-3.3976,-0.0323,1.0907,-2.2738,-0.7536,0.6209,1.6641,0.9689,-0.2875,-0.3189,-0.5358,-1.4248,1.943,2.1306,-2.0467,-1.7281,-0.5163,-1.4492,-0.9977,0.4952,0.9131,-1.2831,-1.3489,-2.0104,-2.7399,-1.7467,-0.1772,-0.7015,-0.0385,2.0464,-2.4049,0.3443,0.9106,0.4953,0.4282,-0.2057,-0.4848,-1.6647,-0.6456,1.4076,1.8849,1.0364,-3.5561,0.1407,-2.0251,-3.9977,-4.4111,0.6844,-0.0862,-0.1235,-1.245,-1.8651,0.3056,-0.7672,-0.5806,-0.3965,0.8988,2.5513,-0.3201,1.4386,-0.4619,0.6321,-0.5669,-0.4352,1.3487,0.6525,-1.5701,0.3382,-0.0666,0.1843,-1.2683,-2.3455,0.531,-1.3522,-2.8165
0.8638,0.8232,0.3682,-1.3056,1.1577,-0.3016,-0.2376,0.5003,-0.4328,-0.6111,-1.2789,0.7882,0.342,0.3469,-0.4868,0.5102,-1.127,-0.4285,0.0092,1.0074,1.3943,-0.8719,0.2517,1.1461,0.1261,0.7981,0.2711,-0.789,1.1126,0.2516,0.5999,0.3079,0.3172,-0.143,-0.6389,-0.1205,-0.1799,0.5368,0.2935,0.7642,1.1319,-0.0045,-1.0837,0.4491,0.3358,0.5881,0.9351,0.3928,1.2991,0.5385,1.077,-0.4405,-0.9745,0.2588,-0.7691,0.0988,0.5932,-0.4286,0.8167,0.7947,-0.8632,-2.2951,1.0988,-0.1975,1.649,0.9198,0.4742,0.642,-0.2565,-0.5848,0.9471,-0.4892,-2.4382,0.9828,0.7754,1.4759,0.59,0.0651,-0.6409
0.1337,0.975,0.9706,2.6865,0.168,0.2511,1.1809,-0.8016,0.5082,-2.6822,-0.9375,-0.6607,2.0714,-0.7213,-1.0406,0.7727,0.2413,-0.1694,1.6104,-0.3931,-0.6988,2.1422,2.5538,1.5624,-1.2178,-0.4114,0.2123,2.1427,1.6299,2.1249,0.059,2.1114,-0.1456,-1.1443,0.429,0.3601,0.3396,-0.3447,0.5806,1.4199,-0.283,0.1235,0.6676,0.2894,-1.2685,-1.2326,0.8972,-2.5045,0.3486,1.0387,0.0578,0.5626,-0.0078,-0.6217,1.9028,1.0579,0.9173,-0.5071,-0.9866,0.1544,1.1822,0.7595,0.4465,0.2981,0.9586,0.6965,-0.484,-1.1872,-0.3345,-0.502,-1.2739,1.0939,0.9897,-0.9,0.6711,0.6311,-0.8731,-0.6408,-1.6869
-0.5899,0.3502,-0.3297,0.6834,0.0509,0.3692,-0.2623,-0.7967,-0.888,-0.5414,0.2577,-0.6313,-0.0489,-0.3893,0.0747,-0.1107,-1.0701,-0.2078,-2.0363,-0.2969,0.393,0.3139,-0.7309,2.3497,0.6223,0.0211,-0.9645,1.8519,0.538,-0.1256,0.5,-1.3545,1.7452,-1.198,-0.1875,-0.8713,0.6129,-0.233,-0.7035,-0.102,-0.2072,0.2081,-1.4119,-0.0309,-0.5323,0.3256,-0.8833,-1.4326,0.5638,-0.0282,-1.0213,-0.1403,0.1791,0.271,-0.884,-0.4992,-0.0609,0.4036,-0.7735,-1.4667,-0.3865,-0.7244,-0.0762,0.2226,0.701,0.5425,-1.0263,1.3835,0.0024,-0.6373,-1.6381,1.2661,-0.8264,0.8649,0.3657,0.3501,-0.9261,0.3039,0.553
-0.0595,1.2457,0.3547,-0.4132,0.4501,-1.4603,-0.7849,0.2121,-1.7297,1.0087,-0.1788,0.8068,1.1299,-0.8032,-0.823,-0.4884,-0.4695,-1.1715,0.0171,0.0148,-0.561,0.4374,0.2203,0.2493,-0.7564,0.0413,-0.2761,1.1011,-0.5856,0.5148,0.1393,0.7374,0.9816,0.1247,-1.0392,-1.8038,0.4764,-0.7738,0.7061,-0.9673,-0.1112,-0.7715,-0.8646,-1.6144,-1.216,1.6281,0.7342,-0.4987,0.6788,-0.2033,1.541,-0.7302,-0.9577,-0.5365,0.5602,-0.3074,-0.7062,-1.5218,0.9272,0.2017,-0.4854,-1.0168,0.1334,-0.4508,0.7445,0.3072,1.3123,-0.1496,0.4166,-1.1859,-1.0186,-0.3273,-2.084,0.703,-0.8627,-0.3709,-1.1332,-0.1401,-0.6453
0.2759,-0.7652,-0.019,-0.1568,0.3445,-1.4064,0.6319,0.7405,-0.6924,-1.013,1.5684,0.3837,0.4337,0.6062,-0.3136,-1.1443,0.2624,0.1119,-0.4878,0.1109,0.5998,0.2749,-0.4461,0.1684,0.6362,0.6188,-0.0807,0.3245,-0.7427,-0.0557,-1.7633,-0.096,1.4767,-1.0452,0.0165,-0.9608,1.8659,-1.2801,-1.2305,0.6044,-1.2129,0.3906,-1.2468,0.2254,0.0343,-0.2897,0.0771,0.9723,0.0174,0.2483,-0.4866,-0.0682,0.0032,0.0187,0.1521,-0.0984,-0.186,-1.7808,-0.2312,0.1933,0.7404,-0.6465,0.4629,-0.2122,-0.3378,-3.8683,-0.9128,0.1536,-0.6603,-0.4626,-0.614,-0.0604,-0.6537,0.8683,1.1112,1.9136,-2.101,-0.495,0.9115
0.4649,-0.7463,-1.6115,-1.7578,-1.8346,2.368,-4.049,3.1603,-0.5821,-0.2819,-3.9505,-2.6216,0.2401,-2.6903,-0.5044,-0.5211,0.1906,1.1456,-4.0914,-1.1174,-0.334,-1.2124,-2.4724,-0.2856,1.9371,-2.4267,1.987,-1.3059,-2.3285,-0.6677,-0.7741,0.5016,4.6361,-2.3815,-1.0956,-1.6181,0.846,-2.6335,-3.3695,-3.6573,-3.3865,-3.7297,-1.1609,-0.1672,-2.0198,0.9553,-2.6322,-3.3166,1.5538,-1.067,0.8874,-5.401,-1.3804,-2.0698,-2.5434,-3.428,-4.3251,1.6445,0.7435,-0.8682,-3.7707,-4.3607,-3.4159,-3.4018,-1.5897,0.0118,-4.3395,-2.0971,-2.2978,-2.3655,-1.2077,-0.9331,-3.3941,-2.784,-1.2135,1.117,-5.8508,-4.6456,-3.9319
0.8625,0.9381,0.588,-1.1842,-0.1581,-0.8147,-1.6421,0.9017,-0.0418,1.7588,0.9053,0.5184,-0.6789,0.4547,-1.935,0.6021,-0.8235,0.7758,-1.1154,4.6314,-0.4892,-1.4896,-1.6499,-0.7602,1.4965,0.6306,1.2394,-1.4052,-1.2337,-2.2283,0.7181,0.2857,1.5096,1.7107,0.2612,-1.0835,0.1477,0.1073,-1.9397,-0.5825,-0.4717,-0.1253,-0.3598,-0.2729,0.7034,-0.5455,0.5775,-1.0798,-1.3582,-0.3508,-0.6048,1.8055,0.4579,-0.1044,-1.1858,0.3224,-0.0961,-0.9042,1.1714,-7.9518,1.0695,0.8823,0.8596,0.3028,-0.0603,-1.2014,-0.7045,-0.4589,1.1044,-0.8959,1.2578,-0.4151,0.6028,-1.8756,1.047,0.1391,-0.6171,0.2568,-0.7075
-0.0045,0.5223,-0.1162,-1.1632,0.1993,-0.1816,-0.9385,0.3108,-0.9689,0.5766,-0.2775,0.6007,-1.521,0.9203,-0.963,0.9582,-0.5973,0.0444,-1.4562,0.0657,0.3291,-0.5055,-0.4409,-1.2463,1.9845,-0.3795,-0.1025,-0.3696,-0.8526,-0.4355,0.9532,0.2165,1.4474,1.031,-1.5394,-1.204,0.0841,-0.9765,-0.116,-1.1625,-0.1432,-1.4354,0.5461,0.2774,0.0141,0.1535,0.3257,-1.1871,-1.6382,-0.1175,1.9375,1.0964,0.1183,-0.0633,-0.4685,-1.0753,-0.5237,-0.6116,0.7965,0.1894,0.3081,0.9553,0.7591,0.0173,-0.953,-0.9026,0.7824,0.0798,-0.0375,-1.0274,0.7291,-0.0704,-0.6822,0.304,0.1413,-0.5395,-0.2016,-0.5383,-0.6318
1.5915,0.2393,-1.2772,-1.7578,-0.0039,-0.9013,-1.2616,-0.9697,-0.8416,-0.8231,-0.5923,-0.0257,-0.1245,0.3291,-0.9779,1.6364,-0.9605,0.7753,-0.5393,-0.0805,-0.9067,-0.7394,-1.5722,-1.3823,0.6086,0.5208,-0.6732,-0.5931,-2.491,-1.5835,0.3437,-0.7378,0.5025,0.8496,-0.8897,-1.6107,-0.086,0.5086,0.4008,-0.4137,0.9612,-1.4077,0.7184,0.564,-0.1626,-0.2806,-0.5084,-1.407,0.3712,-0.9688,0.7948,0.4827,0.0183,-0.5196,-1.3052,-0.971,-0.9109,-0.624,-0.7728,0.1191,0.1238,0.4711,-1.064,-1.1716,1.3234,0.6728,0.8545,-2.5105,-0.7529,-0.9585,1.3796,0.3134,-0.6292,0.5963,-1.2249,-1.4862,-3.152,-0.99,-0.937
-0.0229,0.3979,0.1636,-1.3585,-1.2837,-0.0486,0.0888,0.3078,-0.9709,-1.1092,-1.2586,-0.1561,0.8339,1.1139,-0.9941,1.1755,-1.0993,0.0873,-2.0448,-0.3284,0.2845,-0.8915,-1.4937,-0.3365,0.9005,-0.1439,1.8245,-0.5282,-2.0087,-1.0014,0.6905,-0.1828,0.3494,0.9242,1.0968,0.3012,-0.5831,-0.6081,-0.8238,-0.9781,0.8181,1.7161,0.1264,-0.0969,-0.1936,-0.7642,-1.8946,-1.6823,-1.6927,0.0947,1.6796,-0.1698,-0.2043,-0.4373,-0.2842,-0.9505,0.7686,-0.1148,0.4017,0.5099,-0.6968,-0.2774,0.5499,-0.1617,-0.8535,-1.2247,1.1919,1.3249,-0.7448,0.6631,0.8422,0.4912,0.2884,0.2159,-0.021,0.3758,-1.0508,1.706,0.1473
0.9842,1.2244,0.3124,-0.9745,-0.2492,-0.307,-0.3548,-0.8568,-0.8188,-0.4934,-2.7556,0.1967,3.367,-1.052,-0.9749,-0.5206,-0.5203,0.2586,-1.0167,0.7914,0.3057,0.5265,0.8283,2.5728,0.3039,-0.9761,0.1958,1.2341,0.1952,0.5557,0.4576,0.1448,1.4565,-0.9288,0.0094,-0.8338,0.0304,-0.6865,1.2589,1.1271,0.091,0.0585,0.6245,-0.391,-0.018,0.0985,-0.1878,-2.1098,-1.7954,0.6408,1.9192,-0.1432,-1.1517,-0.771,2.127,-0.8023,0.3733,0.6171,-1.2469,0.9395,-1.269,1.7566,-0.7848,-1.2285,-0.1245,-2.0451,0.1061,-0.0173,-0.3527,0.4552,1.6014,1.3365,-0.1699,-2.0234,0.0386,-0.2077,-1.7949,0.2699,-0.8291
0.7183,-1.0157,0.2184,-0.0583,-0.628,0.5951,1.2046,-0.0716,0.6065,0.8292,-1.0094,-0.3117,-0.5802,0.5503,0.5112,-1.1225,0.3688,0.1723,1.1388,-0.4048,1.7132,0.6532,-0.3342,0.3215,0.4179,0.3875,0.5613,-0.5317,-0.7857,-0.8533,-2.9153,-0.3998,-0.1329,0.0451,1.074,1.908,-0.1808,-0.0015,0.2375,-0.2874,-1.0515,0.4394,0.8129,-0.0209,0.8398,0.5523,-1.4177,1.2597,-0.6258,0.2047,0.2273,0.3389,-0.1254,0.5818,0.0201,0.3249,0.025,2.7627,0.346,0.438,-1.4737,-0.3388,1.1424,0.208,-0.7566,0.0055,-0.0274,0.2988,0.1792,1.3347,-0.4343,0.4786,-0.1839,-2.2349,1.5851,0.546,0.4113,1.3534,0.09
2.0688,1.03,-0.3435,-0.3622,-0.5979,-1.0959,-0.8429,0.6767,-0.7331,-1.6194,-0.3263,-1.3191,-1.5957,-0.1764,-2.4326,-0.8667,-0.6792,0.6472,-0.889,0.5159,-0.1564,0.0812,-2.4724,1.2929,-0.0127,-1.8317,1.0274,0.1362,-0.9117,-0.6608,-0.8695,0.7332,1.1134,-0.847,1.0195,-0.9798,1.724,-1.4944,-1.619,1.1468,-1.1297,0.0317,-0.572,-0.0731,-0.8787,-1.3676,-0.5651,-2.5556,-0.8129,-0.1545,2.0072,-0.5635,-0.5724,-0.5716,1.8305,-1.0769,0.4196,1.6725,-0.2819,-0.9745,1.6517,2.3478,-0.0076,0.2934,-0.0468,-0.1051,0.1622,0.7396,-0.3763,-0.3679,-0.4014,1.0867,-0.4632,-0.0962,2.1545,0.7739,-2.8955,-0.2376,-0.2592
1.3351,-0.0296,0.0186,-0.9734,0.3988,0.2307,-1.055,-0.0456,-0.0542,-1.7929,0.041,0.3798,-0.3034,0.003,-1.2563,-0.0837,0.5188,0.6493,-0.6066,-1.1293,0.1732,-0.7756,-1.1601,1.9087,0.2474,-0.9529,1.1381,-0.4526,-0.7888,-1.0076,-0.7686,0.877,-0.7011,0.6906,-1.1843,-1.1688,0.0222,-0.0613,-1.536,0.5487,-0.843,-0.6614,0.5715,0.3671,-0.2253,-0.6636,-0.3036,-0.4462,-0.6408,-0.7488,-0.7882,-0.0077,0.2336,-0.2562,-1.5793,-0.703,1.5909,-0.4935,-0.4452,-0.702,-0.0662,0.8069,0.3361,-0.7152,-0.62,-0.7967,1.2896,0.166,-1.8411,-0.2807,0.5888,-0.9379,0.7499,0.499,-1.62,-0.2583,0.2956,-0.1908,0.2049
-0.7412,1.1435,0.6398,-0.0745,1.453,0.7867,-0.5434,-1.1659,-0.2229,0.7781,0.5862,0.715,-0.6346,1.0506,0.7149,0.7427,0.0793,-0.0043,-0.16,-0.681,0.6052,-0.0615,-0.3042,1.2613,0.4097,1.9363,-0.422,-0.5727,0.8084,0.1327,-1.4704,0.1754,-0.3251,-0.3294,1.977,1.6674,0.4985,0.2991,0.199,1.1825,-0.108,1.3959,0.378,0.0762,-0.2327,0.9458,1.0353,-1.0961,1.1271,1.3143,0.062,0.2134,-0.1313,-0.1046,-0.2683,0.1199,1.7695,-0.8908,1.1921,-0.1579,0.5478,0.0003,-0.1022,0.4028,-0.2658,-0.155,0.6953,0.3801,-0.2557,1.7512,1.4448,-0.7153,-0.3517,1.0554,-0.4691,0.3708,-0.1185,0.2177,-0.0959
-1.0075,0.2484,-0.615,1.0291,1.3607,0.5813,1.0657,-0.3051,0.9338,-0.7891,-1.0882,-0.8853,0.4761,0.2234,0.6545,-0.2828,0.1198,-0.0942,1.4693,-0.374,1.8657,0.738,0.1936,0.6079,0.2003,0.2774,0.2439,1.4879,2.3516,0.7836,-2.7537,1.5917,-1.1682,0.7725,1.3864,0.9188,-1.0749,-1.0562,-1.0177,-0.2757,-0.5504,1.3338,0.1562,0.3052,0.627,1.055,1.1715,2.9066,0.9146,0.3894,-0.9964,-0.2625,-1.013,0.2364,0.6084,0.0196,-0.8941,1.5656,0.28,-0.5042,-1.5287,-0.6308,-0.1406,0.6479,-0.6394,-0.1833,1.3789,0.1479,0.3527,0.61,-1.5804,0.4345,0.6094,-1.7164,1.2535,0.0802,0.0737,1.2507,-0.7715
0.3616,-0.1344,0.3906,1.8551,1.0882,1.6224,0.1948,-0.924,1.3363,-1.2785,-0.8237,-0.6953,0.2016,1.2793,0.446,0.614,-0.3528,1.2478,2.5171,-0.5607,-0.0334,1.4782,1.0461,-0.036,0.003,1.0494,-0.788,1.2979,0.6428,0.6214,0.5411,0.7063,-1.5238,1.0895,2.0233,1.8375,-0.7212,1.0975,0.6306,-0.2464,-0.3377,0.6786,1.5501,0.1726,-0.1443,0.0348,0.5301,-0.4139,1.1883,0.4337,-0.4352,-0.1907,1.4257,0.7528,1.7864,1.2738,0.0308,1.0916,-0.4859,-0.0476,-1.0894,-0.1129,0.554,0.6515,-0.5436,-1.0133,-0.4491,-1.1506,0.4054,1.0725,0.9275,1.296,0.6831,0.4784,-0.0774,-1.3018,-0.063,-0.119,-0.1627
1.1668,0.3788,-0.006,0.4284,1.5611,1.9658,0.5174,-0.1925,-0.5151,-1.0682,-0.8708,0.2583,1.9301,0.2255,-0.1915,0.4456,1.0607,0.2245,-0.5284,-0.0393,0.4261,1.326,0.1362,1.0826,0.0432,-0.1292,1.0419,1.3991,0.4873,0.7181,1.1465,0.8414,-0.1304,1.4084,-0.741,-2.3205,-0.1713,0.5017,0.1064,0.1153,0.9075,0.2928,-0.4892,0.3098,-0.1107,0.0641,1.0045,-1.0166,0.6553,0.6766,0.861,0.9068,-0.0755,0.7375,1.7009,0.4435,1.8803,-0.4741,0.4138,0.7706,-0.3729,-0.4455,0.7384,0.3133,1.075,0.8862,1.1754,-0.1267,0.4686,-0.4873,0.2041,1.4993,0.7142,0.8275,-0.2833,-0.1198,-0.3687,0.7138,0.412
0.1909,-1.531,1.0572,0.5352,-0.9625,-0.2679,0.1912,0.1135,-0.4013,-1.4139,-0.6412,0.0223,-0.1218,-0.0941,-0.1627,0.9926,-0.4234,0.4075,-0.9403,0.4267,1.2186,0.3102,0.0497,0.1348,-0.134,0.6168,-0.4452,0.103,0.5049,-0.149,0.6565,-0.2344,-0.3978,-0.2188,1.3707,1.178,0.3033,0.4477,0.416,-0.1395,0.4515,1.0251,0.3077,0.2002,-0.7003,-0.5013,-1.614,-0.5731,0.9291,0.4203,0.1052,0.369,-0.1543,-0.0877,0.3809,0.0645,0.9236,-0.4061,-0.9621,-0.2294,-0.6326,-0.8038,0.7695,-0.04,-0.1054,0.1722,0.159,1.0562,-0.0685,0.5303,1.0719,-0.0844,0.4016,0.8473,0.4674,-0.0102,-0.4448,0.868,0.951
0.5269,-0.135,0.795,1.1049,0.2196,0.2946,0.7002,-0.0407,0.403,-0.3822,-1.2174,-0.7288,0.2937,-0.296,-0.4302,0.3395,0.1918,-0.0017,0.3749,0.1223,0.5384,1.0484,0.4903,1.3238,0.3171,-0.2442,-0.1999,1.5883,0.7683,0.7511,0.2919,0.8039,-0.2016,-0.2887,0.4468,0.9549,0.2472,-0.641,-1.1619,0.1599,0.3514,0.5239,0.7326,0.4243,-0.0439,0.7041,-0.6093,0.3591,0.8464,0.5254,-0.7726,-0.2773,-1.1424,0.4734,1.7462,0.4009,1.2543,0.5262,-0.149,0.5214,-0.0738,-0.0176,0.9887,0.4519,0.1503,-1.3752,0.7712,0.0665,0.7333,0.0624,-0.6207,0.7631,0.6679,0.7982,0.3333,0.2321,-0.2215,1.0195,0.027
0.7428,-1.2225,1.2284,1.9978,1.098,0.6002,0.7094,0.3889,1.2945,-0.7118,0.0366,-0.996,1.3904,1.0589,0.7002,-0.2299,0.3056,0.2042,0.5353,0.5753,1.6925,0.9203,2.0721,0.9054,1.5723,-0.5973,-0.0106,1.0568,0.7294,1.1367,-0.3243,1.8011,-0.5392,-1.6705,0.2088,0.433,-0.5289,-0.2434,-1.4939,1.801,-0.3553,0.4478,-0.4026,0.2019,-0.5915,-1.6359,1.1459,0.0872,0.7233,1.3915,-0.2698,-0.0781,0.7628,0.5848,1.7139,1.1692,1.185,-1.123,-0.7166,0.8575,1.8176,-0.0412,0.9592,0.2623,0.3836,0.0522,-0.3985,0.9674,0.3164,0.5698,0.9499,-0.5658,1.1872,-1.8431,1.7751,1.2643,0.9962,0.0164,0.2399
0.1511,-0.5305,0.4289,0.9004,0.9572,0.0552,-0.1573,-0.724,1.1139,1.3935,0.7862,-0.5687,0.3696,0.8427,0.0732,-0.1768,0.1366,0.5847,-0.0083,-0.4624,-0.2615,0.9619,0.2508,0.7701,0.1459,-0.8313,0.2391,1.1855,-0.3616,0.6679,-1.1638,-0.4949,0.9283,-0.8145,-0.3219,-0.4855,-1.0635,-0.0414,0.3129,0.1556,-0.6391,1.1364,-0.1241,0.5688,1.13,0.7025,0.0566,-0.9381,0.0152,-0.0914,-1.1061,-0.1705,0.1719,0.5056,1.8704,0.4742,1.2536,0.2078,0.3745,-0.0376,-0.3478,1.3008,0.3412,0.3773,0.1577,0.363,-1.22,0.3829,0.7091,-0.2087,-0.4594,1.2024,0.6671,-1.976,0.4492,-0.318,-0.1954,0.5762,-0.6483
1.317,-1.013,0.6038,1.6077,0.6505,-0.6667,1.3706,0.0484,-0.2852,-0.7126,0.3449,-0.8579,1.1383,-0.0097,-0.7699,-0.7861,-0.1164,1.4282,0.9575,-0.5006,0.0917,1.5377,2.8798,1.1631,0.4813,-1.1809,-0.6835,1.4642,0.6504,1.2567,-2.3891,1.0976,0.3283,-1.0212,-0.8697,-0.8906,0.3371,-0.6813,-0.5755,0.1424,-0.6193,0.3334,-0.0554,0.4336,0.6326,-0.0249,0.2791,-1.6258,0.4719,0.5914,-1.0215,0.9047,-0.9293,0.5539,2.0655,1.0241,0.6706,0.7253,-0.3673,0.0202,0.4325,0.2869,1.0687,0.4023,0.4278,0.4742,-1.5392,0.5017,1.2551,0.1135,-0.753,0.9186,0.9059,1.02,1.0951,0.7428,0.3093,-0.3843,-0.2357
0.0783,0.5789,0.0716,-1.7578,0.0565,-1.1,-1.0714,0.4204,-0.0974,-0.7542,-1.7317,-0.0389,1.1329,-0.3004,-1.2684,0.3096,0.4967,-1.1311,-0.8827,0.3086,-0.645,-1.2637,-1.2728,-0.9811,-0.265,-1.173,-0.5511,1.0768,0.3584,-1.4088,0.8822,-1.3067,1.715,0.2915,0.7962,-1.0526,0.974,-1.4459,0.6642,-1.2251,0.9348,-1.0101,-0.7491,-4.6344,0.1724,0.123,-0.6994,0.6494,-0.1691,-1.0427,1.9043,-1.5254,-1.2515,-0.8508,-1.8872,-1.0646,-1.6143,0.0036,0.3746,0.5267,-1.2251,-1.4358,-0.109,-0.321,0.2713,0.3362,1.9317,0.3612,0.1561,-1.3925,-1.0532,-1.5517,-1.7098,0.7461,0.0266,1.1162,-0.5093,0.1597,0.2203
-0.5731,2.241,-0.8383,-1.7578,0.1243,-0.9229,-0.0354,0.5734,-0.0708,0.4677,-1.2504,0.6565,0.9404,1.867,-0.7958,-1.4492,-0.0659,-0.4396,-0.0755,0.328,1.2606,-1.7754,-0.66,-1.0573,1.5687,-0.2949,0.5818,-1.1837,-1.1011,-1.514,0.0816,-1.2323,2.3396,-0.5317,0.6324,-0.5028,0.7209,-1.2558,-1.9664,-1.9201,-1.0018,0.2468,-0.1924,0.3895,-0.1484,-0.3515,-0.3539,0.2686,-1.367,0.1188,1.1391,-1.6061,-0.5765,-1.2091,-0.7053,-1.159,-1.7109,0.9193,0.7909,-2.3205,-1.9721,-0.0226,0.2074,-0.693,-1.0315,-0.6142,1.4339,0.0983,0.8286,-0.2059,-0.8929,0.1403,-0.2385,0.6886,1.0773,0.7519,-1.5789,0.6879,0.0058
-0.0599,0.9904,0.3729,-1.7578,0.2948,-0.9454,-1.4048,0.9949,-1.0581,-0.055,-0.0358,0.8128,-0.3546,-2.3038,-0.3789,0.831,-0.3383,-2.3886,-1.9342,0.0621,-1.0668,-1.4486,-1.7416,1.2387,0.2117,-0.5143,-0.3579,-0.8487,0.7275,-0.7576,0.9344,0.3387,2.1653,-1.1374,0.8723,-0.1466,0.6696,-0.6177,0.9668,-0.4577,0.2263,-0.6756,-0.691,-3.7761,-0.9939,-0.4008,-1.0472,-0.8905,0.5661,-0.5026,2.6903,-1.7198,-0.9463,-0.6979,-1.6837,-1.3131,-1.8936,-0.0325,0.438,-0.4942,-0.2762,-1.2459,-0.2679,-0.9674,0.5731,0.1152,1.3464,-1.288,-0.592,-1.533,1.1284,-1.6047,-2.0776,0.4314,0.5929,-0.6065,-0.2235,-0.6705,-0.2864
-0.4557,0.1792,-1.5464,-1.0502,0.4146,-0.7229,-1.0225,1.2285,1.3683,1.8281,0.3662,-3.2889,0.9702,-0.4509,0.9201,-2.127,-0.074,0.6357,0.7123,-0.1227,-0.0576,-0.8133,-0.6844,-1.1802,1.1587,-0.4765,1.1839,-1.9657,-0.7099,-1.0636,-0.5338,-1.5946,0.5343,-1.694,-0.269,-0.3513,1.2784,-1.489,-0.8152,0.5187,-0.9423,0.1442,0.7732,0.6212,0.3987,0.5065,0.89,2.0439,-0.3918,0.3106,-0.0719,-0.0605,-0.6865,0.5155,-1.3298,0.9151,0.5408,1.603,0.4435,-1.2549,-0.4138,0.4451,1.3327,-0.5759,-0.4707,-0.0575,-0.3144,1.0709,1.049,0.155,-0.9756,-0.237,0.2706,0.8208,-0.4824,-0.8079,0.259,0.8535,2.0152
-0.029,0.4161,0.3929,0.6045,0.015,0.2805,-0.0496,-0.6937,0.5066,-1.0263,-0.6199,0.1559,-0.0928,0.3571,-0.4083,1.4118,1.2276,0.3018,0.889,-0.2147,-0.0856,1.5147,1.1721,0.0383,-0.3336,1.5917,0.7134,1.1855,0.1603,1.3767,0.4996,1.0513,-0.8418,-0.0088,-0.6571,0.161,-0.6466,0.7787,-0.1721,0.4939,1.2334,0.3271,0.3299,0.1767,-0.3311,-0.1325,-0.084,0.1332,0.9936,-0.0466,-0.2167,0.8715,-0.2331,-0.0871,1.802,0.5124,0.1273,-1.4175,-0.4681,0.4248,-0.128,0.3621,0.2691,0.0284,0.4471,0.3502,0.4314,1.0622,-0.0153,0.1279,0.731,0.4159,1.0545,0.1776,-0.5421,-0.7016,-0.7155,0.0421,-0.1402
-0.1628,-0.2532,-0.545,-0.2902,-0.1704,-0.2469,0.0863,0.4756,0.1954,1.1405,1.2024,-0.1943,-0.3064,-1.0043,0.7881,0.4973,-0.9996,0.6911,-0.6551,-0.4798,-0.8859,-0.4001,-2.4724,-0.9594,0.2387,0.9683,0.826,-1.1245,0.3882,-1.8716,0.683,-1.4161,0.9863,0.3122,0.0891,-1.2208,-0.0165,0.1093,0.3562,-1.1676,1.1675,-0.6721,0.5523,0.5338,1.2858,0.8535,0.2498,0.6541,0.7138,-0.7378,-0.4937,0.2831,-0.6862,0.5223,-1.1779,-0.6719,0.0574,0.9158,0.8402,-0.3943,0.8842,0.3869,0.6706,1.0346,0.0817,0.2803,0.2769,1.555,-0.6244,-0.7753,-1.425,-0.1848,-0.8096,1.1828,0.4688,-0.5789,-0.0097,-0.7778,0.4501
-0.6934,0.529,0.7949,0.296,0.7509,1.2038,1.7144,-1.2679,2.179,1.175,-0.0625,-1.7328,1.6697,0.1035,0.4354,0.1331,-1.0245,0.4913,2.5214,0.3834,1.3891,0.1386,-0.0092,1.6389,0.4791,1.205,-0.5393,-0.0843,-0.2999,-0.0008,0.2329,-0.3873,-0.5688,-0.1355,-0.1945,-0.3513,0.345,0.2726,1.0558,1.5379,-0.5208,0.8504,1.4249,-0.1277,0.0075,0.0673,-0.0153,0.2706,0.4707,1.4836,-1.5417,0.4577,-1.1449,-0.9103,0.8075,0.8014,0.2763,1.5743,0.6943,1.0153,-0.055,0.2411,-0.0267,1.4046,1.0147,1.1404,-1.2168,0.7378,-0.6136,0.3374,0.0472,-3.2495,0.955,0.1096,1.6123,0.6439,-0.7979,1.4237,-0.2128
1.6105,-0.2131,0.8592,-1.7578,0.6403,-0.4811,0.4406,-0.0603,0.2096,1.426,0.6884,0.3779,-2.517,0.557,0.4163,-1.5515,-0.2719,1.67,-0.0082,0.7686,-0.148,-0.3918,-2.4724,-1.9957,-3.7136,-0.5082,-0.2267,-0.6377,-1.2617,-1.0901,1.0344,-0.82,-0.0893,1.4803,-0.1407,0.0702,-0.8618,1.0285,0.2046,-0.8533,-0.346,0.083,-0.0998,0.6507,0.9807,0.6845,1.3668,-0.8578,-0.1703,-0.9845,1.1866,1.0396,0.0632,-0.0063,-0.6863,0.3284,0.131,-0.6406,-0.0691,0.7211,0.5235,-1.4432,0.74,1.5281,-1.1826,-0.9173,-0.0956,-0.7664,0.8681,-0.0556,0.0036,-0.579,-1.3831,-0.5427,0.2274,-0.8939,0.0701,-0.1916,-0.3629
0.9706,0.9192,-0.145,-1.7578,-0.3745,-1.8688,-0.1499,0.4681,0.7942,0.9966,0.4939,-1.8765,-4.2861,-0.3576,-0.5589,-0.7861,-2.5037,0.2717,-0.6507,0.2431,-0.8382,-1.8751,-1.7052,-1.4451,0.9272,-2.3626,-0.8661,-1.0849,0.1377,-2.6012,0.6001,-0.2425,1.8295,0.5382,-0.6113,-2.3632,-0.3341,-0.7811,-0.9032,-1.046,-0.9822,0.1876,0.2252,-0.5751,0.8087,-0.0186,1.1153,-0.232,-2.1008,-0.4772,5.9433,0.5964,0.4806,-0.8159,-1.461,-0.8863,-1.1443,0.1238,0.5781,-0.0258,0.2359,-0.6231,-0.224,0.3788,-0.6414,-1.2368,2.2223,0.7809,-0.5029,-0.5152,-0.891,-0.4211,-0.3859,0.2176,1.2535,0.2352,-1.0755,-0.3068,-0.6685
