0.0216,0.8221,0.2803,-0.4801,1.658,0.8332,1.3596,0.3623,0.058,0.0369,0.1012,1.7169,-2.4434,0.509,1.4109,0.8924,0.4976,0.7346,0.8119,1.5541,-0.5983,-0.2089,1.2043,0.3031,1.6235,-0.7076,-2.3417,0.1947,1.0523,-1.2141
0.0221,-0.1478,0.0971,-0.4179,-0.2125,0.7416,1.0391,-0.3999,-0.2456,-0.251,-0.0076,0.733,-3.2542,0.2335,0.4137,0.9848,-0.2776,-0.0053,-1.2323,-0.2009,-0.1929,-1.2681,0.6156,0.8558,0.6681,-0.6555,-0.7473,-0.3951,1.1927,-0.5391
0.5322,1.8264,0.1545,-0.4651,0.306,1.787,2.0077,-0.6871,-1.598,-1.4099,0.3921,1.2031,0.8149,0.5419,0.9081,0.1129,1.2738,-0.1568,-1.026,-1.087,0.0098,-1.3137,-0.9292,0.0992,-1.0792,0.067,0.6928,1.5367,0.1657,-0.7228
-1.2419,0.3141,0.1598,0.8953,0.8541,0.7342,0.8107,-1.3126,1.2343,0.6507,-0.9822,-0.1334,-1.6433,1.3082,0.6373,-0.41,-0.3612,-2.4533,-0.8524,-1.6703,-0.4679,-1.7414,-0.7095,2.6501,-1.6067,-1.2142,-0.9538,0.1028,1.2121,-0.4556
-0.6451,0.3398,1.0279,0.2414,0.3874,0.1664,0.7332,-1.2748,-0.6644,-0.629,-1.0287,-0.4049,-0.2474,2.3186,-0.5809,-0.408,0.6998,0.6862,-1.3552,0.0972,-0.7923,-1.0785,-0.9389,0.7803,-1.3135,0.464,0.0394,0.5937,1.0827,-1.0041
-0.6024,1.5617,-0.5026,-1.6853,0.5431,-0.3577,0.9715,-0.4603,-1.0898,-0.3871,-1.1499,-0.6604,-2.9877,0.7747,0.4243,0.6946,-0.4261,-0.2735,-0.6731,0.4581,-0.3624,-1.234,0.4203,-0.4044,0.2092,-1.6014,0.6193,-0.2992,0.1787,-0.2407
-0.0085,-1.029,2.1085,-0.7656,0.1506,-1.1379,-0.9338,0.7623,0.4878,0.9697,-0.4857,-0.9384,1.6274,-0.6605,-0.0006,-0.1933,-1.1624,0.3736,-2.1255,0.596,-0.2603,-1.6206,0.0291,0.8156,-0.0346,-0.3207,0.1458,-0.0905,0.6401,-1.0043
0.1403,-0.9783,-0.3508,1.462,-0.4425,-0.4652,-0.5958,0.2724,2.1527,0.7881,-0.2853,0.2915,-0.2565,0.0061,0.1709,-0.5437,-0.3759,0.5324,-0.9565,1.5239,0.0916,-0.8857,-0.8072,0.1948,-0.1692,-0.5194,-0.7743,-0.699,0.394,-0.6758
-1.0018,-1.5623,3.3569,-0.8811,-0.133,-1.3389,-1.5239,1.4306,2.3038,1.7707,1.2085,-0.1012,0.724,-1.4302,-0.2723,-0.4419,-1.1788,1.1448,1.8618,-0.3169,0.058,0.9113,-0.6385,-0.9028,1.364,-0.7595,2.5253,-0.4627,-0.8594,-1.1273
-0.0843,0.2799,0.2283,-0.4346,0.4254,-1.4523,-0.7289,0.7924,-0.637,-1.5212,0.2081,0.3719,0.1618,-0.5013,0.7662,-0.2307,-2.3318,0.7519,-0.2897,0.1826,-0.2171,0.0219,2.6867,-0.1709,0.4881,-0.3721,0.6721,1.8122,-0.7632,1.2363
-0.3743,-0.8185,-0.4471,0.059,-2.162,-0.4393,0.2888,-1.7218,0.669,0.5486,0.6188,-0.1417,-0.2433,-0.7479,-1.01,-0.1373,0.8585,0.8183,1.52,-1.2296,-0.5695,1.0825,0.5717,-1.9375,0.2182,-0.1126,-1.7885,-0.76,-0.4724,0.459
-0.715,-2.4165,2.6655,-1.3353,-1.6133,-0.8277,-0.3841,0.2133,0.3901,-0.223,0.7636,-0.1912,0.2522,-0.3571,-1.5166,-1.1873,0.5948,0.5973,0.8537,-1.5918,-0.8492,0.1188,-0.837,-1.6909,0.5807,-0.829,-0.4019,0.0541,-0.7972,0.0034
0.8024,-0.3065,-0.1199,1.0561,1.8995,-0.5498,-0.8922,0.5017,-1.0419,-0.7962,1.5924,1.4511,-0.8526,-1.5929,-0.4501,-1.7837,0.0574,-2.1707,2.6953,-1.1596,1.9539,-0.8979,0.7064,0.0761,-0.9608,-0.0911,1.4993,0.8468,-0.935,-1.3379
-0.4776,0.0943,-0.5313,0.0578,0.9094,1.3764,0.2784,0.3013,-0.5865,-0.8127,0.2609,1.2677,0.4447,-0.3726,1.4359,-0.7329,1.7006,-1.151,-0.7318,-0.7007,0.9306,-0.2079,-2.2022,1.1798,0.2084,0.1435,-0.1225,1.1806,-0.0589,-0.2058
-0.3807,0.0261,-1.5195,-1.024,1.2073,-0.3425,0.1905,0.7657,-0.4693,-0.8955,-0.5793,-0.4416,-0.1594,-0.2947,0.0424,0.4772,0.0787,-1.4007,-0.0766,0.3017,0.7955,-0.0087,0.9679,0.8659,-0.5041,-0.2113,0.3334,0.9457,-0.4704,-1.0232
-1.9546,-1.5861,-0.1627,0.5763,0.4466,-1.1973,-0.705,1.2148,0.4584,0.55,2.3068,0.3512,-2.0139,-0.3082,0.2821,-2.5853,-1.6035,-0.4974,0.749,-2.2624,0.8681,-2.5628,-0.2389,-0.8619,-0.3065,-2.5297,0.8475,-1.4966,-2.1869,-1.1749
0.3233,-0.18,-0.0573,-0.15,-0.2376,0.9078,0.2631,0.5969,-0.6566,-1.0311,0.756,1.3346,0.1935,0.7985,0.9148,0.5146,0.41,0.5546,0.2053,0.3338,0.4612,-0.1197,0.1402,0.3174,-0.9085,0.2932,1.1609,-0.1791,-0.6121,-0.0209
0.6913,-0.8476,0.881,-0.5197,-0.5138,-0.0318,-0.5529,0.6257,-0.3154,-0.1452,-0.3694,0.1536,0.0649,0.0745,0.3558,-0.6222,-0.5423,-0.8045,0.4084,0.1228,0.6414,0.2157,-1.2366,0.0931,0.544,-0.0313,0.4381,-0.754,-0.3711,-1.4053
0.714,0.482,-0.1077,0.343,-1.1587,0.3622,0.492,-0.1391,0.0392,-0.4259,-0.6052,0.0635,-0.0062,-0.2205,0.2418,-0.396,0.1705,1.7531,1.183,-0.1455,-0.0308,-0.0109,1.122,-0.881,1.5441,0.3139,-0.2122,-0.0779,-0.1555,-0.6297
1.3496,-2.3035,4.661,-0.1195,-1.6496,-1.83,-1.697,0.4493,0.9155,2.3512,0.0273,-1.5284,1.9132,-0.7561,0.1337,0.0873,-1.5442,1.4567,-0.5041,0.8433,-2.2756,-0.151,-0.8772,-0.4083,2.0287,1.8365,0.3651,0.3603,0.9988,-1.525
0.1718,-0.4977,-0.3998,0.9463,-0.6668,0.6928,0.1848,0.2807,-0.6838,-1.2105,-1.4784,-0.6788,-0.2496,0.5706,-0.5045,-0.9125,0.8945,-0.6971,-0.476,-0.4816,-0.2134,0.1028,-1.8858,-1.3148,-1.6219,-0.6107,-1.4545,-0.4405,-0.1769,1.454
-0.6142,-0.3428,-0.1167,0.0926,1.3257,1.5269,0.6024,0.3736,-0.5192,-0.1602,0.6239,0.9317,-0.1758,-0.1004,-0.0434,-0.4977,0.5041,0.1439,0.8599,-0.3684,0.599,0.8614,0.4875,0.7899,0.619,0.1899,0.5634,0.4844,-0.0733,0.1917
-0.0287,-0.7492,-0.9852,-0.1174,-0.1743,-0.6724,-1.7604,0.1235,-0.2556,0.2568,-1.6083,-1.1316,0.7961,-1.3924,-0.6088,1.2592,-1.4045,-0.9062,0.7208,0.3281,0.0681,0.7767,-0.2867,0.1784,-0.2274,0.2721,2.3355,-0.3006,-0.33,-1.2762
-0.0964,0.5787,-0.2488,-1.2763,-0.3625,-1.855,-0.6012,-0.1025,-0.6689,0.5116,-0.5093,-0.8577,-4.1772,1.9186,0.2902,1.8352,-0.1839,-0.871,0.0756,0.6877,-1.3587,1.2485,-1.2644,-0.848,0.4444,1.1698,-1.7567,-0.0234,3.1399,-0.2853
-1.2495,-0.0586,0.105,-1.4244,-0.2083,-1.5234,-0.7347,0.8236,-0.1104,-0.2612,1.521,0.8199,-0.5735,-0.0053,-0.1432,-0.2497,0.9092,1.3165,0.5378,-0.9501,0.9592,0.0469,0.2787,-1.4707,1.1981,-1.9388,-0.032,-0.8031,-1.3714,-0.2275
-1.6309,0.5462,-0.9459,0.8448,1.0622,0.6628,0.1598,0.4726,-0.2132,1.8517,-0.058,-1.1012,-1.6594,-0.4847,0.2472,-0.2661,-1.243,0.1283,-1.9127,-0.1151,0.114,-0.9697,1.6197,1.4102,-1.5622,-0.7952,-0.1422,-1.0675,-1.0261,-1.4066
-1.1027,0.4859,0.3484,1.1482,0.7135,-0.4656,-0.9543,0.9511,1.3479,0.9531,-1.2541,-0.8653,2.3974,-0.9428,0.2021,-1.4032,-0.3773,0.9745,-0.0566,-0.4911,1.0698,-0.8619,-1.2587,0.3891,0.7189,-0.7058,1.4138,0.8568,-0.0452,-1.4842
0.8437,0.6758,-0.5798,-0.2788,-0.2953,0.9482,0.9527,0.681,-0.2156,-0.5398,1.0428,1.1142,0.2117,0.2752,0.4207,0.2382,0.3092,-1.5157,0.9328,-0.3817,0.5373,0.5618,0.233,-0.1802,-0.5482,0.2533,-0.4037,-0.0487,0.5814,-0.1672
-1.7373,-1.1597,0.2427,0.5447,0.1003,0.2623,0.2743,0.917,0.5868,0.3437,1.0831,0.1822,-0.5675,-0.0305,0.7817,-0.3814,-0.9282,0.5805,0.6709,-1.046,0.3434,-0.4495,-1.4935,-0.8935,1.3725,-1.0691,-0.7367,0.5237,-0.5542,0.4719
0.2404,-0.6312,-0.4159,1.4001,0.7917,-0.3781,-0.1599,0.0167,0.8859,0.8557,0.3316,0.3423,-2.0819,-0.7308,-1.5036,-2.7712,-0.2818,-0.9592,-1.2426,-2.2159,0.7197,-2.0768,-1.2203,0.1268,-1.4678,-2.7908,-0.1017,-1.7565,-1.8103,0.5937
-0.4515,0.3859,0.062,0.1495,-0.2549,0.1086,0.4266,0.3719,1.0716,-0.0049,0.3668,0.9946,-0.7357,-0.2203,-1.3147,-0.5841,0.5792,0.3343,0.3838,-0.7699,0.8187,-0.3117,0.6349,0.2317,1.0684,-0.6798,-0.6939,-0.7562,-0.0127,-0.1966
0.0748,-1.2529,-0.1662,2.7216,-0.4186,1.0381,1.3322,-1.0917,1.4757,0.6057,0.332,0.5172,-0.7689,0.378,-0.8157,-0.4434,-0.3496,-1.1818,-0.855,-0.9583,-0.2342,-0.0206,-0.6303,-1.1234,-2.3056,-0.7279,-0.7371,-3.5606,0.46,0.9388
-1.7094,0.5362,-0.1652,1.9703,0.2523,1.0223,1.2924,0.2687,0.5797,0.3761,0.4724,0.8576,-0.8944,-0.7855,-0.2553,-0.9944,-0.6197,-0.3954,-0.4135,-1.2562,0.9576,-0.4482,-0.137,0.1229,-0.5461,-1.2423,-0.214,0.5427,-0.4609,-0.2922
1.069,2.6554,-0.1188,0.2482,2.3243,-0.4453,-0.6168,0.0942,0.2558,0.0441,2.3019,1.9271,-0.531,1.9428,-1.0315,-0.9811,2.7282,-1.2257,-0.3744,0.426,0.9996,-1.2143,-0.3448,0.3858,-0.408,-0.3105,1.1584,0.2306,-0.6773,-1.167
-1.1512,0.3118,0.2296,0.9797,-0.3436,-2.0762,-1.8279,0.5989,0.5815,0.0154,0.9634,1.0756,-1.2149,0.1614,-1.7479,-0.264,-0.4611,-0.1609,0.4369,-1.6286,0.941,-1.4232,-0.0798,-0.8191,-0.5041,-2.2226,1.3954,0.0268,-0.7791,1.6424
-1.3697,-0.2697,0.2416,-0.6745,0.3608,-2.6129,-2.5756,1.4544,0.5262,0.2266,1.0081,0.7745,-0.8005,1.8529,-0.2836,-0.7398,-0.8522,-0.2981,-0.8018,-1.9322,0.1573,-1.2016,-1.2765,-2.0117,-1.6796,-2.5126,0.1468,1.4376,-0.8039,2.6181
-0.0864,2.1184,0.0218,1.336,1.2367,-0.4708,-0.2281,0.5224,-0.8294,-1.4232,0.8787,1.251,-1.3316,0.2648,-2.1033,-1.0273,-0.4634,-0.3425,1.1222,-0.8858,0.6436,-2.1898,1.0797,-0.4992,-1.9756,-1.2569,0.7505,0.061,-1.375,0.7833
-0.5231,-1.0508,3.1807,0.3779,0.4792,0.3273,-0.3298,1.2247,1.2306,0.8852,1.1015,0.1148,0.7387,-0.9627,1.0224,-0.5356,-0.3309,0.0033,-1.4076,-0.2234,-0.475,-1.9371,-1.6197,0.5896,0.0049,1.9337,-0.5088,0.483,-0.0731,-1.7453
-0.5208,-1.4916,1.4317,0.3795,0.9176,-0.3752,-0.0902,1.4076,0.7294,0.0346,0.3708,0.1969,0.0772,0.0045,0.5124,-0.997,0.5604,1.2463,-0.8127,1.0668,0.3623,-1.9701,0.3653,-0.1538,0.97,-1.337,-0.47,1.3906,-0.5529,-0.6706
0.3183,-0.4806,-0.9784,0.5645,0.578,0.053,0.0173,0.4045,1.0988,-0.2854,-0.2669,0.3736,-0.3926,-0.2545,-0.2019,-0.2413,-0.0948,-0.1003,-0.152,0.4257,-1.1991,-0.4907,-0.5056,0.6027,0.6917,-0.5189,-1.4716,0.6629,0.1368,0.2974
-0.3609,-1.1989,-1.4119,-0.2476,0.542,-0.2068,-0.2425,0.1652,-0.7008,-0.5176,0.2307,-0.2401,-0.81,-0.7012,0.3211,-1.6018,1.3678,0.3589,0.0064,0.0455,-0.2943,-1.2694,-0.6872,-0.0685,1.147,-0.6216,-0.6805,-0.0229,-1.1379,-0.5984
0.4852,0.5506,-0.4866,-0.0863,-1.1276,-0.1291,0.584,-0.3306,0.1069,0.4933,-0.678,-0.8031,-0.2133,0.4744,-0.9463,-1.7761,1.9508,-0.1491,-1.1443,0.4725,-0.3137,0.7258,-0.6484,-0.5616,-0.4465,-0.7967,-1.3895,0.1514,0.0731,-0.0449
-0.194,0.8396,-0.1511,0.0985,0.2081,-0.6005,-0.8479,0.0912,-0.2141,-0.511,0.6694,0.3097,-0.0408,-0.6854,-0.2906,0.6252,1.4344,1.5931,1.7536,2.6287,0.9196,0.6198,1.7421,-1.1957,1.2482,-0.0752,0.0351,-1.1871,-0.5522,-1.1207
0.9533,0.8271,-1.0187,-1.1638,1.458,0.1792,-0.2708,-0.0695,-1.4391,-1.4158,2.1316,1.5418,-0.6887,-0.1397,-0.1324,1.0602,0.0616,0.1945,-0.3691,0.538,-2.6235,-0.0711,0.0841,0.017,-0.8167,0.2647,0.0112,-0.3005,-0.6183,0.6326
-0.7331,1.1494,-0.3844,-0.023,-0.0295,-0.7011,-0.9524,0.0697,-0.1726,-0.3895,0.5677,-0.6518,-0.1302,-1.4442,-1.1006,0.6246,1.2959,1.9556,2.3334,-1.1325,0.4823,-0.142,0.8687,-0.5672,0.7635,-0.892,-0.7747,-1.3505,-0.7579,2.6963
-0.4399,0.3077,-0.564,0.9993,0.3441,0.2943,-0.3451,0.5412,-0.0597,-0.4168,-0.1227,-1.417,-0.7757,0.5418,0.3699,-1.2354,-0.934,-0.0635,-0.1367,-0.9568,1.0515,-1.015,0.3185,1.2904,-0.4563,-1.2862,0.7187,-2.1856,-0.8354,-0.1919
-0.7322,-0.5469,-0.9706,0.2728,-0.5618,-0.5436,-0.8769,-0.2376,1.1256,1.7815,2.5157,-0.5899,-0.5583,-1.0641,-0.6755,-0.7955,1.8128,0.63,0.1466,-0.0379,0.0287,-0.2802,0.6063,0.5814,-0.6219,-0.9804,-1.4531,-2.086,-0.7228,1.3246
-1.9014,0.4898,-0.8819,0.2779,-0.4264,-0.418,-0.1405,0.0927,1.4757,1.9724,0.2262,-1.4289,-1.1295,-0.1695,-0.3711,-0.7405,0.2589,0.7433,-0.185,-1.0672,0.4986,-0.8184,-0.5624,-1.8105,0.8236,-1.4216,-0.5965,-0.5763,-0.7615,-0.5516
-0.918,0.2224,-0.0181,0.147,-0.2831,-0.4909,-0.6126,0.772,1.0067,0.6242,1.8837,0.6529,0.1477,-1.9506,-0.5426,1.5923,0.3347,1.1291,2.8307,-1.064,1.4119,0.634,1.2451,0.1941,0.7484,-0.1123,-0.005,0.4496,0.2162,-0.4994
-1.9006,-0.5041,-0.5744,-0.1373,-0.0098,-0.6001,-1.0676,1.2848,0.5128,-0.4349,0.9857,0.0777,-0.7043,-1.4298,1.6473,-0.3917,-0.8511,2.1713,0.4134,-0.8858,1.2883,-1.0474,1.4303,-0.205,1.3382,-1.2875,0.5394,1.104,-1.322,-0.3709
-1.8033,-0.274,-0.1281,0.6134,0.0496,0.1697,0.8346,0.8486,2.4595,1.9603,-0.4893,0.1595,-0.9174,0.3571,-0.4682,-0.6826,-1.4633,0.1692,0.0445,-0.7815,0.8183,-2.7704,-2.373,-0.6061,0.048,-0.6287,-1.567,0.4083,-1.2519,1.4864
0.2963,-1.2579,3.9536,-0.3956,-0.6723,-0.4244,-0.9339,0.9179,1.2426,0.3837,-0.0192,-0.2748,0.7183,-0.7614,0.5267,-0.1369,-1.3702,1.3287,-0.9917,0.6163,-0.6475,-2.5944,-2.4174,-0.5427,1.1282,1.2985,-0.7589,-0.3656,-0.1945,-0.1754
-0.2152,0.49,0.1918,-1.7087,0.4758,-1.0388,-1.0615,0.5801,-1.212,-0.9287,0.8426,0.1442,-0.3593,0.4823,-0.8538,0.035,0.3811,1.5061,0.4061,-0.6982,0.2297,0.4263,0.4816,-1.4184,-0.452,0.4215,-0.2276,-0.148,-1.5588,0.6098
-0.3083,0.1908,-0.0769,0.3975,-0.9214,-0.5037,-0.4302,-0.3921,0.0393,-0.5984,0.093,-0.1682,0.4871,2.9792,-1.0449,0.5878,-0.0907,-0.2172,0.0587,1.0384,-1.0613,0.9022,0.0165,-0.7777,-1.4914,0.4212,-0.4462,1.2866,-0.1911,0.62
-1.0626,-0.1761,-0.532,-0.4961,0.1247,-0.481,-0.4899,0.2294,-0.6256,-0.5674,0.4452,0.8154,-0.728,-0.3939,0.2032,-0.4399,-0.5293,1.3483,2.5949,-0.7409,0.9617,0.4964,0.8314,-0.5537,2.0479,-0.3599,-0.2906,0.4296,-1.0906,1.363
0.9032,0.1399,-0.9984,0.2717,0.685,-0.8367,-1.4923,0.0546,-1.219,-0.8033,0.225,-0.1761,-0.6493,-1.2958,1.1548,-0.8725,0.9169,-1.1234,0.3354,1.4715,1.16,-0.7028,1.5818,0.8805,-0.7362,-0.0482,0.0301,-0.3413,-0.6505,-1.1975
-1.0807,0.9855,-0.4054,-1.1194,-0.0041,0.2977,0.7502,-0.0011,-0.7256,-0.7315,0.575,0.3536,-0.4459,-0.1697,-0.2177,0.2533,0.1518,-0.2454,1.7718,-1.1457,1.068,1.5267,0.4634,-0.7088,0.1321,-0.4585,0.6057,-1.3149,-1.1293,-0.4743
-1.1245,-0.927,0.0297,-1.3834,-0.3397,0.6272,0.0506,0.3889,-0.9797,-0.5297,1.0582,0.3423,-0.7528,-1.4687,0.0867,-0.2995,0.0356,1.4614,1.2283,-1.3891,0.7202,-0.1708,0.8652,-1.3759,1.8195,-0.4828,0.0364,0.1246,-1.9626,-0.3232
0.895,-1.6978,1.8823,-0.2226,-1.7854,-0.422,-0.1026,-2.8853,0.2903,1.7072,-0.1605,-1.785,0.3783,-0.2064,-0.5066,-0.3664,1.1236,2.1032,0.8648,-0.0607,-1.0749,-0.1284,-0.0971,-1.4982,2.7799,0.4992,-0.2098,0.9095,0.4496,0.3098
-0.1288,-0.5871,-0.7594,0.5141,1.5974,0.4041,-0.0227,0.1536,2.2855,1.5459,0.403,0.5164,-1.147,-0.5373,0.1123,-0.5153,1.6199,-0.5475,0.3682,1.5133,1.2453,-0.479,-1.8994,0.5036,-0.1762,-0.9932,-0.4071,-0.2287,-0.4407,-0.0948
0.0728,-1.0504,-0.131,0.7794,-0.0372,-0.5674,-0.8619,0.2877,0.315,0.7795,-0.1737,0.3932,0.6975,-0.4382,0.4423,-0.4119,-0.5994,0.3195,0.4641,0.0334,0.1991,0.3232,-0.1805,-0.114,0.9661,0.0441,-0.1833,0.961,0.9021,1.0188
0.4533,-0.128,0.5416,0.5311,-0.041,0.9814,1.1737,0.4478,-0.4752,-0.0311,-0.963,-0.2673,3.0281,-0.5464,0.6132,0.0485,-0.6513,1.4764,-0.9322,-0.1449,-0.0364,-0.0535,0.303,0.1652,0.8249,-0.1459,-0.4088,1.3806,1.6058,2.4037
-0.2824,-0.5421,0.2759,0.7529,0.1461,1.1016,1.4548,0.0026,1.2721,0.6935,0.7798,1.0075,0.3102,-0.4779,-0.2564,-0.4671,-1.1756,-0.3636,0.7819,-0.0278,0.4891,0.1513,-0.395,0.2138,1.5511,0.0748,0.3598,0.4029,1.393,0.768
1.0434,0.9277,0.2023,-0.5917,1.7318,0.6909,0.3746,-0.5147,-0.3002,-0.569,0.7813,1.1109,0.6215,1.2897,1.2595,0.5485,0.1492,-1.4924,-0.2979,0.4598,0.3815,1.7346,0.6779,1.5083,0.0842,0.7359,0.3304,0.8107,0.9168,-0.492
-0.4876,0.4954,0.1456,0.4612,1.0187,1.3939,1.5533,0.5177,2.8569,1.6363,0.9797,1.4302,0.8169,-0.6407,1.8651,0.1002,-0.6763,0.3291,2.366,-0.4482,0.5742,-0.0735,-1.0948,1.5758,0.0845,0.2357,1.2715,1.854,0.6303,-0.3643
-0.5243,-1.4661,0.0532,0.1261,0.5927,-0.2534,-0.3274,0.2021,0.468,-0.2936,-0.4202,0.4429,0.7893,-1.2138,0.9124,-1.6074,-1.1285,-0.2485,-0.6903,0.4778,0.4982,-1.0319,-1.061,0.712,0.3869,-0.8303,0.3386,0.7446,0.9268,-0.5663
-1.5185,-1.0538,-0.1723,0.9576,1.2806,-0.7021,-0.9442,-0.0043,3.6932,4.6713,0.8008,-0.0923,2.362,-0.0192,0.0759,-2.1476,-1.636,-1.5958,-1.048,-1.4273,0.5904,-1.6293,-0.472,1.4942,0.4201,-1.1227,0.3028,0.3488,1.7964,-0.9655
-0.0273,0.0557,-0.226,0.5461,1.7101,-0.3859,-0.9172,0.3289,0.0899,-0.1818,0.9307,0.818,0.2952,-0.9433,0.7033,1.225,-1.1536,0.5914,-0.2332,0.4386,0.9271,0.9393,-0.2296,1.9166,-0.3124,0.3554,1.1751,-0.1431,0.7318,-0.285
-0.2866,1.4241,-0.3918,0.5639,0.6308,2.8953,2.8061,0.5337,-0.5495,0.2818,0.4621,1.3813,0.2131,2.1101,0.2433,0.3225,0.94,-0.324,2.0703,1.3967,0.8783,-0.022,-0.6382,0.8474,-0.307,0.2713,-0.2057,1.2245,0.5587,-0.193
0.3615,0.2063,0.0394,-0.1892,-0.0245,1.173,0.8633,-0.1669,0.3036,-0.1458,-0.1297,1.6844,0.5945,0.2652,0.0064,0.2605,-0.3378,0.0517,-0.5102,0.1894,-0.9671,-0.5193,-0.5624,0.3967,0.1949,0.7551,-0.1422,-0.1219,0.8863,1.3478
1.8451,-0.5764,-0.6126,1.025,-2.5279,-0.9326,-0.5142,-3.2754,0.4647,0.9206,-0.5076,-1.8675,1.013,-0.5541,-2.2365,0.5325,1.5072,0.9762,-0.7573,0.6259,-2.075,0.283,-0.9869,-0.5414,0.5319,1.376,-0.9498,-1.4002,1.7283,0.0888
1.0026,-1.5762,3.6947,1.1114,-0.9416,-0.3841,-2.1445,-0.2489,1.4963,1.2339,-1.2756,-2.705,2.0237,-0.8456,1.3604,0.5565,-1.1789,3.5823,-2.3117,1.4572,-2.2703,0.2314,0.6401,0.4245,1.5636,1.1027,-0.6688,0.8145,0.6519,-0.5376
0.2003,0.1708,0.8581,-0.2377,-1.5658,-0.1149,0.2901,-0.6257,-0.2992,-0.688,-1.6667,-0.5933,0.395,0.625,-0.4582,-0.1837,0.4228,0.5477,-0.7988,-0.5494,-0.9506,-0.5204,-0.3586,-0.7543,0.4608,0.5171,-1.3294,-0.0579,-0.0515,0.9626
0.4853,1.2595,0.2592,0.6226,-0.0467,0.199,-0.5782,0.4978,1.0517,-0.0465,-0.3369,0.0051,-0.1142,0.4156,-2.1049,3.085,-2.5144,1.0342,-0.6792,-0.1505,0.2499,0.9493,0.1434,-0.1167,-0.3278,0.3932,0.262,-0.1752,-0.8295,-0.6652
0.8936,0.7563,-0.8349,-0.2976,0.7469,1.5719,1.1466,-0.0507,-1.0251,-0.5003,-0.0363,0.161,0.069,-0.2971,0.7441,0.1038,-0.4349,-0.6491,0.2841,0.324,0.2022,1.0122,0.2001,0.1726,0.3134,0.1011,1.1406,1.8216,0.5284,-0.3382
-1.5986,-0.5758,-0.5634,0.9049,0.4418,0.0438,-0.4062,0.715,0.7455,1.7771,-1.936,-1.2756,-0.0791,0.833,0.0338,-0.5109,-0.1959,0.7545,-1.7956,-1.6808,1.0299,-0.9778,-0.1303,0.8936,0.6522,-2.0979,0.0996,-1.1228,-1.8836,-0.8653
-3.8092,-2.1047,2.1256,-0.6382,-0.9982,-1.3133,-1.483,0.4441,0.6879,0.4379,-1.4736,-0.9122,0.3635,-0.8362,-0.567,-0.1837,-1.2571,1.5558,0.643,-1.7041,-1.2034,0.6829,0.8196,-1.7535,0.7173,-2.9398,0.5302,-0.5804,-2.0382,-0.8347
1.7925,0.9857,-0.0706,-0.7565,1.3295,-0.1708,-0.2215,1.368,-1.3385,-1.24,2.6118,1.6045,0.0011,0.6204,1.2422,0.8773,-0.2135,0.1217,1.0992,0.5239,1.2301,0.4356,0.1569,0.2159,0.9038,0.6949,1.5025,1.6357,-0.1649,0.2473
-0.6494,-0.6758,-0.5803,-0.4552,-0.1788,-0.0205,-0.3155,0.4013,-0.0183,-0.4394,-0.8553,-0.3651,-0.1152,0.0559,0.2098,-0.8339,-0.3701,-0.5546,-0.4951,-0.468,0.4636,-0.8919,-0.6747,-0.5383,-0.0571,-0.5,0.0381,0.1574,0.19,-0.5984
0.0198,-0.4667,-0.4893,-0.1996,0.7227,0.7133,-0.3548,0.9023,-1.2618,-1.2022,-0.0064,0.1542,0.1159,-0.2584,1.4936,-0.0575,-0.4075,-0.0931,0.1779,-0.1076,0.1557,0.5124,0.7189,-0.1029,0.6762,0.4276,0.3764,1.8725,0.1003,-0.0759
0.665,0.5108,0.4514,-0.6271,-1.0088,0.7409,1.8614,-0.4257,-0.5542,0.1045,0.2657,-0.2645,-0.693,-0.3138,0.1486,0.5549,1.1297,-0.9075,0.249,0.9847,-0.3217,-0.3786,-0.0033,-0.2815,-0.9166,1.9302,-1.7982,-0.4302,2.1897,-0.8449
0.629,1.6928,-0.6636,-0.4778,1.4919,1.0638,1.5518,0.5712,-1.9339,-1.9537,3.3204,2.6667,-0.9949,-0.4348,0.164,-0.8535,-0.4581,-0.9358,0.6388,-0.0208,0.6818,-0.6466,1.437,-0.2816,1.2862,-1.2965,-0.1725,1.7943,-0.4962,-0.1233
-1.1569,-1.1673,0.151,0.6599,0.6392,0.1566,0.4028,0.7287,0.2099,0.2217,0.9065,0.3378,-1.3642,-1.5578,-0.3398,-2.3166,-1.9485,-1.8804,-0.4581,-1.0461,0.4769,-2.2797,-1.1859,0.5888,-0.9795,-1.4334,1.8079,-0.2867,-0.453,0.1455
-0.7952,-0.4227,0.1579,-0.8146,0.4123,-0.3682,-0.3041,0.4137,0.106,-0.6582,-0.7939,-0.0898,-0.3652,-0.2383,1.0406,-0.9753,-0.6991,0.4794,0.5128,-1.1688,0.6204,-1.4605,0.2161,-0.5202,-0.048,-1.3307,0.4528,-0.3496,-0.5905,0.5556
-1.0705,0.4267,-0.1548,-0.2697,0.2138,-0.5338,0.2244,0.0881,0.0983,-0.297,0.6035,0.2293,-0.2012,-0.3151,-0.2811,0.2235,1.4965,0.8847,0.7638,-1.4187,1.6509,-1.1267,0.5481,-0.6131,0.7237,-0.3041,-0.6715,0.2231,-1.4882,1.526
-1.4413,0.8398,0.4215,-1.0252,-0.2462,-0.7669,0.2616,1.2349,-0.8974,-1.0812,1.0913,0.5076,-0.1843,0.3175,0.0612,0.5591,-0.2438,-0.5569,0.2603,-2.2023,-0.2528,0.8192,1.3064,-1.5788,-0.0223,-0.2474,-0.7498,0.5939,-1.6198,-0.4791
0.8744,1.2481,-1.0805,0.5046,-0.4496,-0.9013,-1.22,-0.1199,0.0108,0.449,0.1084,-0.0937,-0.4035,-0.1551,0.0258,-0.0788,2.111,1.8518,1.3625,-0.5939,0.0645,0.9157,2.9491,-0.0306,0.2767,2.5971,-0.7202,-1.0963,-0.2195,1.2994
-1.9296,-0.4487,-0.5315,0.4285,0.6186,0.3875,0.1614,0.6274,-0.5621,-0.6165,1.9731,0.6741,-1.2951,0.1103,-0.1379,-1.2131,-0.389,0.1662,1.1806,-2.7447,1.0812,-1.2505,-0.3402,-1.5404,0.7593,-1.3611,0.022,-0.3097,-1.9833,-0.1707
1.78,1.028,-0.5328,3.0022,0.4181,-3.4396,-4.2576,-1.126,-0.3606,1.3856,-1.3995,-3.18,-0.3296,-1.7899,-4.2367,0.5752,1.4208,0.427,2.7766,2.9398,-1.025,-0.3188,1.8876,2.9751,0.3748,-0.0164,1.3557,-3.3688,-0.3482,-1.3973
0.7359,-0.6873,-0.0223,-0.6521,0.0076,-0.2409,0.0105,0.7829,1.445,0.3272,-0.1906,0.7263,1.8177,-0.6494,0.9016,1.4985,0.4786,0.3057,0.3111,0.9842,-0.1707,-0.254,0.0354,0.1155,2.1782,1.0008,-0.7141,0.8206,0.7337,-1.407
-1.5839,0.5835,-0.4246,-0.294,1.0322,0.5886,0.4308,0.3372,-0.8895,-0.7807,1.3778,1.0738,-1.2637,-1.6321,-0.691,-1.5894,0.1379,0.2651,1.6493,-1.3912,1.2447,-0.8536,-0.1263,-0.7972,-0.9001,-1.6499,-0.4281,-1.1527,-1.6424,-0.7124
-0.9885,-0.3135,0.1333,-0.3802,0.2331,0.0795,0.2861,0.696,-0.4235,-0.3876,1.2649,0.9923,-0.9307,-0.4842,0.3233,-0.974,-0.1911,-0.291,1.6724,-0.5649,1.0123,0.1394,0.8628,-0.6904,0.4919,-1.2406,0.3619,-0.4494,-1.2636,0.3313
-1.2707,-0.2927,-0.4119,0.7082,0.9202,0.8583,0.4218,0.807,1.8832,1.4657,-0.9131,-0.354,-0.7906,-0.9142,0.6392,0.2267,0.6963,-0.8273,0.9092,-1.1172,1.5148,-0.0098,0.7129,0.588,-1.4251,-0.9424,0.6488,-0.3707,-1.0135,-0.4493
-1.0088,-0.4185,0.4876,-1.4063,0.0203,-0.2648,0.3096,0.878,-1.5454,-0.7028,1.638,0.0025,-0.6692,-1.2048,-0.3595,0.3772,0.6256,-1.2635,0.9625,-0.7591,0.3396,0.3589,0.2757,-1.8215,-0.0866,-0.4257,0.57,-1.2027,-1.3085,0.0709
-0.115,0.2576,-0.3,1.486,0.2283,0.9487,0.782,0.1751,0.4748,0.4102,-0.0385,0.9414,-0.1018,-0.5786,0.4475,-0.6736,0.5767,-0.6697,1.5361,0.241,0.2177,-0.6682,-2.3947,1.0245,0.0599,-0.451,0.9466,0.903,1.2271,-0.0829
-0.3903,1.3374,-0.3726,0.6804,0.5588,1.901,1.738,-0.674,-1.0371,-0.9065,-1.0112,0.06,-0.1266,0.1657,-0.2596,-1.0746,-0.9022,-0.7502,-0.7878,-0.4569,0.1068,0.1798,1.0613,0.1168,-0.8526,-0.3517,0.1175,-0.5098,-0.0134,-0.5119
0.5384,-0.2687,0.4878,0.9702,0.0229,0.8406,0.6884,-0.2756,0.3025,0.3679,-0.5191,0.0603,0.5864,-0.2958,0.6477,-0.3765,-0.4137,0.704,0.5893,0.5261,0.2591,-0.2757,0.5627,0.3319,0.9422,0.0134,-0.4404,0.5577,1.3228,0.0952
-0.7277,-0.5985,0.3726,-0.0826,1.5725,0.7416,0.7266,0.6076,-0.5912,-1.2517,0.9007,1.4279,-0.0361,-0.7833,1.6361,-1.3773,0.7502,-0.4659,-0.5197,-0.5736,0.3766,-1.432,-0.6188,-0.6227,-0.6918,-0.6519,-0.1311,0.7164,0.1776,-0.6353
0.239,0.9876,-0.0226,0.3463,0.602,2.0109,1.7385,-0.0908,-0.2195,-0.174,-0.7321,-0.1358,-0.1934,2.187,0.3349,-0.7558,-0.4315,-0.6074,-0.6585,0.6059,0.1591,-0.4288,0.2291,0.0576,-1.0716,-0.0023,2.1272,1.0146,0.5996,-0.7243
2.3054,1.1639,0.3039,1.4459,-1.4417,0.3614,-0.1649,-3.659,0.0364,1.4363,0.904,-3.7611,0.3574,0.3685,-2.5508,-0.0152,3.0322,0.6996,1.5539,-0.35,-1.1472,0.4966,1.6584,0.6533,0.9235,2.3012,-0.6053,-1.4966,1.6729,-0.397
2.5619,1.8651,1.4959,3.0803,-1.1765,0.9669,0.3954,-2.4577,-0.1007,2.0625,1.6081,-2.6165,0.7939,0.791,-1.7849,1.0047,2.5044,1.0223,0.33,-0.6147,-1.3616,0.6392,1.3374,1.6032,0.9172,1.5432,-0.8591,-0.7155,3.1295,-0.4384
1.2466,0.2547,-0.2414,0.4885,0.2143,1.0844,1.5549,-0.7745,-1.3739,-0.2651,-0.2592,-0.015,-0.2435,0.0243,-0.9986,-0.6617,1.0335,-0.3886,-0.8496,-0.883,0.2453,-0.9427,0.4461,1.8208,-0.9268,0.6605,-0.5758,0.7214,1.3871,-0.545
0.1189,0.1929,-0.8465,0.2018,-0.5217,0.552,0.4933,-2.3702,-0.2607,0.0158,-0.4408,-0.0084,-0.6467,0.5983,-0.9581,-1.878,0.7969,-0.9894,-0.0879,-0.8758,0.8941,-1.1175,1.075,1.7842,-1.306,-0.6095,-0.7497,-1.2488,0.7382,-0.2856
0.5226,0.4118,0.0447,1.0312,-0.4451,0.0088,0.012,-0.5144,-0.6351,0.8284,-0.2956,-0.0405,0.1459,0.0783,-2.1282,-0.6512,0.4488,0.181,-0.8964,-0.2387,-0.0983,-0.6231,0.1297,0.7461,-0.469,0.1423,-0.8191,0.5416,1.936,2.1199
0.1703,-0.6857,0.1453,0.3058,-0.1749,0.4722,0.0591,0.2789,0.4362,-0.2213,0.715,0.6217,0.0451,-0.7853,0.234,0.1095,-0.3831,0.031,0.408,0.5522,0.5535,-0.3055,-0.0403,0.1015,0.4023,0.1177,-0.4253,1.0906,-0.308,-0.4795
0.1443,-1.1946,0.425,-0.2235,-1.0159,-0.7825,-1.1309,-0.6788,0.5424,-0.0739,-0.2333,-0.052,0.7992,-0.092,0.0977,0.1037,-0.688,1.4572,0.3092,0.2123,-0.4273,0.1333,0.1933,-0.4486,1.6259,0.3569,-0.5695,0.7207,0.1856,0.4264
1.4783,1.2,0.3862,-0.812,-0.9095,-0.3503,0.1265,-1.3757,-0.5658,-0.77,-0.5215,0.1158,0.1685,-0.3569,-1.1881,0.445,1.1055,-0.5534,1.1805,-0.2946,-0.016,1.3488,1.417,-0.5609,-0.6633,1.0145,0.0796,-0.9852,0.0192,-0.5948
0.8285,0.3607,0.3143,0.1313,-1.351,-0.4958,-0.4005,-0.2959,0.655,-0.0716,-0.5124,0.2669,0.0261,-0.1902,-0.2997,0.1372,1.4404,-0.4811,1.0176,-0.1833,-0.5857,0.5035,1.2159,-1.1643,0.4123,0.5432,-0.6769,-0.7188,0.5892,0.4103
-1.3736,-0.2762,-1.1455,1.9462,0.7739,4.1428,2.9825,0.5221,1.67,0.3137,-0.644,0.313,-0.9212,-0.1956,0.3563,-0.2212,-1.1498,-1.2379,-0.527,-1.3102,0.9218,0.2983,-1.4616,2.2712,-0.5396,-0.8836,2.0531,-0.3273,-0.3244,-1.2691
0.0505,-0.4951,0.1075,-2.0013,-0.3275,-0.7151,-0.2727,1.3707,-0.894,-0.3778,1.0213,1.415,0.7323,2.6595,-2.6191,1.067,1.345,-0.9659,-0.2817,2.7908,-0.3253,1.1219,0.1808,-0.2767,1.0635,0.6205,-0.1558,0.9595,0.4069,-0.6597
0.0617,0.2495,-1.1524,-1.0543,-2.0508,-1.3949,-0.8008,-1.2534,-0.5965,-0.6196,-0.4459,-0.9379,0.8674,0.7672,0.721,0.4904,1.3695,2.6978,-0.9756,-0.0582,-3.3256,0.1902,2.8709,-0.5368,1.1124,0.5987,-1.5027,0.7532,-0.4713,2.2549
-0.3875,0.3163,-0.577,1.9156,-0.4424,2.0776,1.4046,-0.8009,0.5027,0.3692,-0.7516,-0.4294,-0.2278,0.4601,-0.5837,-0.2457,-1.2842,-1.109,-1.5443,-0.2536,-0.2243,-1.5481,-1.0467,1.6478,1.0397,-0.7437,-0.0742,-1.882,0.6354,0.3974
-0.011,-0.5354,-0.2512,0.6064,-0.5677,-1.5222,-1.604,1.4005,0.8974,0.3945,-0.0732,0.2056,1.0085,-0.3989,0.6214,2.1105,-1.5938,-0.3295,0.7629,0.4411,0.155,2.1318,0.3498,0.3676,0.4134,1.0731,2.9245,2.0262,-0.1741,-0.6804
0.3047,1.5679,-1.0658,-0.1778,-0.2228,1.5371,0.8731,0.139,-1.04,-1.3865,-0.1768,0.2919,1.5904,0.6098,-0.8948,-0.888,-1.2593,-1.4494,-0.7689,-0.4127,0.7605,-0.2584,-2.5507,0.2129,-0.4155,-1.0716,0.1567,-0.5736,-0.4312,1.6027
0.5233,-0.6588,-0.3338,-0.7936,1.649,0.7076,-0.1443,1.4405,0.6359,1.2031,0.9602,0.5362,1.1572,-0.6612,1.4351,0.0616,0.5951,0.8719,0.3122,3.6459,0.9178,0.7786,-1.3349,0.2499,0.4465,0.1273,1.2169,0.492,0.3743,-0.5598
-0.3387,0.969,0.3814,1.4092,0.6835,0.1934,0.1937,-0.7756,1.5643,1.6622,-1.5951,-1.1351,-2.1742,-0.0213,0.3427,0.855,0.0301,-0.5973,-0.5041,-0.5422,0.0162,-1.3837,-0.67,2.2703,-0.9706,-2.2738,-0.6786,-0.4316,0.6305,-0.5118
-0.2711,0.7776,0.2397,0.2864,1.0617,0.9518,1.308,-1.2739,0.7251,0.1547,0.0521,1.0698,-2.2425,0.846,-0.0949,-0.084,2.9126,-0.7328,-0.1877,-0.4545,0.5116,-0.176,0.5481,1.3185,-0.6707,0.2505,-1.5059,-0.3933,1.8335,-0.0335
-0.0365,0.4343,0.2402,0.9446,-0.0489,1.3413,1.426,-0.6493,0.2456,0.6739,-0.0953,-0.2021,-1.06,-0.5797,1.4332,1.3987,-0.5703,0.7414,-0.813,0.6516,0.054,-1.5831,-1.3114,1.1235,-0.8959,-0.4186,-1.4768,-1.7913,0.2809,-1.3447
-0.9132,-1.033,1.395,-2.4398,0.1393,-0.3688,0.18,1.3681,-0.6673,0.2889,1.0537,0.6575,-0.1212,-1.4357,-0.2668,0.9903,0.2203,0.7182,0.5839,-1.3984,0.315,0.5321,0.4351,-1.1842,-0.1475,-0.683,0.3324,-0.7306,-1.32,-0.6972
0.0012,-0.6984,0.3052,0.0538,0.3447,0.1994,0.1976,0.8278,0.0081,-0.0993,0.0858,0.6084,4.273,-0.3526,0.3385,-0.5469,1.1657,2.1828,0.4141,0.2702,-0.3845,1.135,1.7883,-1.527,1.8778,0.2705,-0.5074,0.3978,-0.1846,0.7946
-0.9523,1.6778,-0.8929,-2.7556,0.2774,-2.6961,-1.4275,0.8408,-2.2595,-0.7624,0.8653,0.0751,-0.4707,1.0378,-1.0298,0.8417,-0.3306,-0.2715,1.1745,-1.047,0.661,0.9855,0.5462,-2.6723,-1.3472,-0.3552,0.5113,0.4269,-2.083,2.4002
2.9976,-1.0883,-0.5065,0.8537,-2.0262,-1.1462,-3.514,-2.1847,0.9415,3.3276,1.8876,-5.0787,1.6177,-0.6166,-2.5016,2.5254,-1.5982,-0.6399,-0.441,4.8817,-2.8025,1.6139,-1.4367,3.1434,-1.5074,2.3917,0.9887,0.7669,0.9909,0.395
0.7475,-0.1315,0.3665,-0.5121,0.1819,0.0371,-0.5097,0.3433,-0.2443,0.2361,0.9354,0.9568,0.5545,-1.2542,0.735,1.1955,-0.0617,0.8417,2.0501,0.9184,0.4876,1.1654,0.4055,0.7804,1.0979,0.6726,0.939,1.2648,0.4611,-0.3825
-0.4339,0.6777,-0.8695,0.7866,0.2578,1.3521,0.8026,0.3171,-1.0472,-1.2576,1.207,1.1232,-0.8716,-0.1009,1.0968,-0.6253,2.3123,0.0304,1.6665,-0.9222,1.8471,0.7598,-1.7241,-0.6915,-0.3649,0.1143,0.5257,0.5587,-0.3438,0.2847
-0.4528,0.733,-1.0344,-0.9014,0.3708,-2.2997,-0.9616,-0.4736,-2.0659,0.221,0.6888,-0.4637,-1.1913,0.8938,-1.1026,0.5044,-3.6445,-0.0609,-0.2303,-0.5159,0.2048,-2.0272,0.8749,-0.2858,-1.0312,-0.8551,-0.8642,-1.0654,-1.6358,0.7946
-0.2095,0.432,-0.1069,1.2383,0.4765,-1.4142,-1.6794,0.3999,-0.6876,-0.9942,0.8174,0.9363,-0.051,-0.7322,1.8,-1.2495,-0.1578,1.2923,-0.2281,-0.6846,1.4501,-1.4384,-1.5393,1.0703,0.544,-1.0248,0.9686,0.5805,-0.604,-1.4611
-1.0369,-0.8228,-0.0772,2.1003,0.6207,1.4002,0.3492,-0.2913,0.7794,-0.0963,-0.222,0.4721,-0.817,1.0123,1.6852,-1.2536,-1.05,-0.603,-0.8364,-0.632,0.9512,-1.5635,-0.9403,1.3959,-1.3197,-1.0166,0.5691,-0.2041,0.422,0.8233
0.3814,-1.3298,-1.3478,-1.1389,0.5591,0.3321,0.3164,-0.075,-2.0516,-2.1538,-0.5552,-0.029,-1.0007,0.9176,-0.8676,-1.3411,-0.8417,-0.8688,-0.1144,-0.1882,0.9054,-0.5989,0.4566,-0.7911,-0.1588,-0.5331,-0.6168,-0.1008,-0.7755,0.5061
-1.0635,1.1273,-0.4808,-2.941,0.5689,0.4563,1.1734,0.3707,-1.823,-1.6233,1.5258,0.8883,-0.4671,-0.8801,0.2747,-0.1963,1.1625,-1.1251,1.519,-0.2271,0.0763,1.1977,0.2073,-1.7943,-0.3864,0.5848,0.4769,0.0768,-1.3695,-0.0939
-2.0306,-0.474,-1.0154,0.0774,0.4486,0.7656,0.3276,0.0298,0.0518,0.2813,-0.8053,-0.6282,-1.1925,-1.2829,0.3764,-1.4741,0.5501,-0.4807,0.2722,-1.445,0.5852,0.0681,-1.9508,-0.8785,1.4611,-1.1356,-0.6285,-0.3071,-0.8658,-0.2624
0.1463,0.9077,0.6437,-0.0049,0.735,-0.3434,0.2121,1.8529,-0.5118,-0.9842,1.3383,1.142,0.2272,-0.3209,0.0979,0.804,0.5588,0.3636,-0.3541,0.6898,0.3407,0.6681,-0.3271,-0.4414,1.1046,0.2123,-0.1765,1.5984,-0.5275,-0.442
-1.4913,0.2358,0.2822,0.3031,0.042,1.7599,1.0928,0.2369,-0.7386,-1.0186,-1.3328,-0.78,-0.3853,0.5668,-0.1208,-0.9413,-1.6539,-1.8703,-0.9869,-0.6563,0.203,-0.9307,-1.038,-0.7765,-0.7319,-0.6609,1.245,-1.4388,-1.0738,-0.592
0.2815,-0.553,1.1225,-0.6374,0.9387,0.1766,0.2082,1.0843,-0.884,-0.43,0.078,0.5256,0.0952,-0.8977,0.8322,-0.0672,0.1771,-0.616,-0.1298,-0.3553,0.6544,0.4725,0.5077,-0.2886,0.5231,0.1858,1.749,0.8419,-0.6283,-0.5112
0.733,-0.103,0.1379,1.6837,-1.6105,-0.7585,-0.3801,-1.1284,2.1862,2.1613,0.2519,-0.3641,-0.6223,0.159,-1.1553,-1.0502,1.173,0.9482,0.4644,-0.7732,-0.7723,-0.0685,0.7611,-2.4927,0.6097,-0.0762,-0.8685,-1.4668,1.1308,0.3801
-0.673,0.7742,-1.0334,-0.8505,0.4332,1.2416,1.0819,-0.0263,0.2069,-0.0298,-0.2338,0.5493,0.1105,0.2224,-0.0652,0.1043,0.5279,0.5289,0.994,-0.1313,0.5209,0.4532,0.5291,1.4751,-2.0225,2.2985,0.4808,-0.6219,-0.9599,0.6569
0.4735,1.159,-0.6005,1.1448,1.313,-1.4263,-1.8269,1.2865,-1.1927,0.4021,-1.1428,-1.4725,-0.4058,-0.3538,-1.0058,0.1674,0.1096,3.1402,-1.5593,-0.6286,-0.9636,-0.3801,0.6521,-0.7034,-2.4659,0.147,2.015,2.4764,-0.3403,2.2955
-0.5272,0.4528,-0.5838,0.4596,0.8562,1.3797,0.6481,1.1237,0.7831,0.6377,0.1271,0.469,0.1158,-0.9517,0.9341,0.0402,0.8492,1.5279,1.5216,-0.5525,1.0617,-0.2092,-0.5507,2.1219,1.5256,-0.7662,-0.6334,-0.1428,-0.6423,0.0121
-0.157,-0.5923,0.1836,-0.4966,0.4833,-1.0494,-1.8111,0.7014,-0.2652,0.9235,-0.0008,-0.1912,-0.1449,-1.5963,-1.4941,0.2464,0.4496,-1.1392,0.1661,0.9576,0.6026,-0.3809,-0.9385,0.2969,-1.4496,-0.6378,-0.6722,-0.1993,-0.8043,-0.9805
0.1761,0.0089,-0.7316,0.0601,-0.4698,0.9148,0.7455,0.5884,-0.1714,-1.2275,-1.0139,0.4057,-0.1851,-0.064,-0.0349,0.4956,0.9082,0.4307,0.0031,-0.528,0.374,0.2852,-1.0719,-0.0947,0.606,-0.5717,-1.2342,0.6558,-0.5431,1.2962
1.8693,1.8204,-0.0976,-0.4325,-1.1106,0.8397,0.8786,-0.8352,-0.0541,0.3894,0.1026,0.0317,1.3237,0.6373,-0.173,2.2895,1.3997,0.5239,0.7058,0.4443,0.0696,1.6108,1.5326,0.8869,-0.0384,2.3626,-0.5426,-1.4173,0.9842,0.4171
2.8751,1.7347,-0.8174,1.0025,-2.7736,-0.4217,0.3687,-3.4507,-1.1936,0.6663,0.5825,-0.555,0.3368,1.4815,-1.9901,-0.4289,2.8386,0.7513,0.7168,-0.2437,-3.3761,1.054,-1.097,-0.5486,-1.2717,1.6409,-0.391,-0.4541,0.2427,4.7109
0.7837,0.2638,-0.3546,1.06,-0.9908,0.9679,0.3624,0.0239,-0.1474,0.0145,-1.6246,-2.0946,-0.1115,-0.2199,0.398,-0.2521,1.5074,0.1559,-0.7202,-0.1449,-0.2902,0.1645,-1.7125,-0.1284,-0.4179,0.037,-0.3191,-0.1686,1.5907,1.01
0.5372,1.8139,0.0033,-0.023,0.6587,-0.0859,-0.1769,-0.2832,-0.4084,-0.8968,-0.8722,0.0637,0.5508,0.1813,0.2531,0.7728,-1.9053,1.2099,-0.4637,2.0473,0.707,0.3741,-0.1111,-0.3043,1.5486,0.7339,0.891,-0.6536,-0.6147,0.3292
-0.0129,-1.2625,-0.7872,1.5537,0.5032,-1.5039,-1.6988,0.8097,1.4425,1.0946,-0.0891,-0.4381,0.958,-1.4791,1.2779,1.2844,0.4041,-0.2047,-1.489,0.0897,-1.8343,0.1923,0.602,0.882,-1.1377,0.1111,0.0448,1.3231,0.3002,-1.1821
-0.0668,-0.6945,-0.4147,0.3046,0.4475,0.3306,0.1343,0.0272,-0.2768,0.4507,-0.8562,-0.3838,0.5326,-0.0984,0.3764,0.4453,-0.2677,0.8838,-0.4076,-0.0037,-0.2913,-0.1139,0.5724,0.4721,0.4769,0.5729,-0.5458,-0.4154,-0.8991,-0.4843
-1.5678,0.2194,0.425,-0.9021,-0.1384,-1.0719,-0.7228,0.4893,-0.7769,-0.9775,-0.2157,-0.14,-0.8907,-2.0922,0.0876,-0.7987,-0.6478,-0.4317,1.0806,-0.8926,0.8486,-0.9485,0.0054,-0.4146,1.2458,-1.5838,1.3883,-0.5799,-1.9346,-0.8754
0.5265,-0.6409,0.8755,0.1709,0.1082,-1.5351,-1.3742,1.0032,-0.2077,-0.5203,1.2759,0.6435,-0.0391,0.3386,0.3763,-0.7101,0.1624,0.3128,0.9192,-0.9151,-0.0679,0.3962,-0.6557,-1.6365,0.3325,-0.9229,1.2521,0.8481,-1.6295,0.2688
0.3743,-0.369,-0.2824,-2.6985,-0.762,-1.8417,-1.0753,0.0647,-1.5468,-1.1651,1.7631,0.9848,-0.0843,-1.52,-1.3786,0.5263,1.8085,0.7661,1.9735,0.238,0.0859,0.8671,0.4829,-1.924,0.9155,0.4418,-0.1422,-0.6912,-1.4871,0.4605
0.4026,0.1977,-0.7825,-0.7854,0.1137,-0.1179,-0.0613,0.8242,-1.1098,-1.35,1.9948,1.6249,0.4169,0.9724,0.1062,0.2047,0.2553,0.9692,0.4317,0.3352,-0.433,0.5695,1.0045,-0.1129,0.3612,1.3436,-0.6235,2.2712,-0.3181,0.3677
0.2353,0.6103,0.425,-0.2924,0.7141,-0.8982,-0.4474,0.2781,-0.4994,-0.1788,0.8979,0.4127,0.5327,0.5275,-1.7376,-0.3454,-0.3997,-1.3746,-0.3099,-0.8278,-0.5617,0.9256,-0.7934,0.192,-2.0404,1.2418,-0.8401,1.4984,-0.2382,-0.3559
0.9212,0.4589,-0.2974,0.9424,-1.3231,-1.0308,-1.557,0.1467,0.9972,1.4189,-0.1626,-3.861,1.3336,-1.2423,-1.871,0.3623,-0.0088,0.1825,-0.5164,0.941,-0.408,1.1752,-1.4017,0.1176,-0.9991,1.3971,0.09,-0.1567,0.2118,-0.8934
0.4757,-0.2892,2.675,-0.7744,0.0976,0.2559,-0.0977,1.2675,1.0414,0.784,0.4747,-0.1638,0.9979,-0.7011,0.2607,0.3751,-0.0976,1.8309,-0.8853,-0.7692,-0.4314,0.7258,0.1673,-0.1464,0.6667,-0.0079,-1.028,-0.1224,-1.7515,-0.993
-0.1472,-0.1233,-0.6013,0.7205,1.4268,0.6087,-0.1379,0.3415,-0.0436,-0.3443,-0.2054,-0.3335,-0.452,-0.7504,1.3304,-0.4798,1.0558,0.6998,-0.324,1.3905,1.5015,-0.18,-0.2191,-0.2588,0.1358,0.3551,0.4491,-0.097,-0.528,-0.6525
0.2757,-0.5152,-0.2184,-1.6106,-1.2662,-1.2598,-1.0695,0.272,-0.1839,-0.3163,-0.7382,-0.1536,1.176,-1.3751,-0.3262,1.7541,-0.1222,1.3053,0.9826,-0.1303,-1.0202,0.4362,-0.2709,-0.999,0.933,1.0331,0.5134,0.8153,-0.3288,0.4387
-0.821,1.2206,0.2675,0.4164,-0.8102,0.1971,-2.4321,-1.0571,1.087,1.0407,-2.29,-3.5893,0.638,-1.5016,-1.1451,3.4013,-0.3414,1.0843,-0.6242,-2.2486,-1.9675,2.681,0.5074,1.8603,-0.7942,-1.2049,-1.3661,-3.7387,0.1865,-0.7334
-0.1336,0.5618,0.4031,-0.5973,0.941,1.4193,1.5956,0.8823,-1.1498,-1.029,1.3626,0.5247,-0.0331,0.1102,1.4616,0.3737,0.0847,-0.1211,0.2007,0.4449,0.6776,-0.0385,-1.021,-1.5391,-0.4642,0.2347,0.698,0.6204,-0.8531,-0.4601
0.3842,-0.8478,3.5946,-0.8597,-0.406,-0.5246,-0.5011,1.162,0.4008,0.6408,0.7747,0.4272,1.4655,-1.0304,0.5048,0.533,-1.2426,0.7256,-0.6486,0.6333,-1.7589,-0.274,0.0835,-0.2409,1.2146,1.4279,0.6705,0.2544,-0.1576,-1.2285
1.482,0.8216,2.2816,-0.3034,-1.936,0.335,1.192,0.081,0.5901,0.5244,0.122,-0.4655,1.2908,1.556,-0.908,0.6795,1.4806,1.1129,-0.1688,-0.6285,-1.7838,1.187,-1.4394,-0.6463,0.5279,1.8139,0.5634,-1.0429,0.0759,-0.3003
-0.8219,-0.5602,-0.7553,0.0754,-0.5995,-1.0391,-0.8965,-0.1512,-0.6607,-0.7784,-0.267,0.1944,0.677,-0.787,1.1092,-1.9237,-0.2111,0.5935,-0.2265,0.2571,-0.7121,-1.1753,1.3518,-1.1642,-0.3335,-0.5895,-0.8261,-0.4087,-0.6881,-0.2653
1.2358,0.4044,-1.1214,-0.9759,-1.3002,-1.2299,-1.3614,-1.994,-0.7498,-0.5104,-0.3349,-0.2963,0.3199,-0.8704,-0.3231,0.2927,0.829,1.6612,1.9676,-0.2129,-1.076,1.0846,-0.008,-0.06,0.5334,1.195,0.2477,-0.8687,0.2005,0.3696
0.62,0.6171,-0.5111,-1.061,-0.4526,-0.0815,-0.2575,0.1021,-1.1555,-0.396,0.2292,0.4564,0.3311,0.256,-1.5714,-0.0544,0.02,-0.5205,0.1281,-0.4027,0.1839,1.286,-0.9393,-0.8406,-2.5109,1.4942,-1.0625,-0.338,-0.1282,0.8984
1.925,0.6748,-0.6982,-1.0231,1.1192,0.1733,-0.3055,0.5411,-0.5588,-0.7629,0.8301,0.3772,0.2043,-0.2249,0.0965,2.2451,-0.1473,1.1938,1.0797,0.2458,1.6416,1.2214,0.6381,0.3264,-0.1788,0.4657,1.0616,0.2833,-0.1179,0.2043
2.7737,0.203,-0.7754,-1.2805,-2.4191,-1.1098,-0.016,-2.398,-1.1861,0.0113,0.4714,-0.0387,1.2715,1.5225,-1.9745,0.6674,2.6186,1.3207,1.8302,0.2196,-2.731,2.0129,-0.5852,0.681,-0.8509,2.945,-0.1955,0.286,0.5567,1.4389
-1.0707,0.3809,-0.8348,0.2708,-0.0866,0.8659,0.872,0.9121,0.2985,-0.3486,0.4087,0.7984,-0.3535,-0.4136,0.5029,-0.2528,-0.7044,-1.7991,-1.1067,-0.9691,0.2814,-0.9488,1.1581,-1.2579,-1.8284,-0.5254,-0.9804,0.9297,-0.6426,-0.2332
-1.4786,-0.5762,-0.6775,-0.1537,0.0907,1.4204,0.7514,0.7191,-0.1921,-0.6035,-0.3658,0.0286,-0.5916,-0.3013,0.9891,-1.4451,-1.3706,-1.1383,-0.0811,-1.2121,0.3888,-0.9627,-1.0185,-0.798,0.8856,-1.6307,1.0676,-0.7564,-1.1304,-1.7645
0.139,-0.1012,-0.7968,-1.8567,-0.1535,-0.7061,-0.0662,0.6179,-1.4615,-0.8675,-1.0485,-0.503,0.2281,-0.2274,0.7784,0.0268,-0.3547,-0.2589,-0.0055,0.1087,-0.1277,0.1136,0.9976,-1.8717,1.7426,-0.2517,-0.0218,0.3328,-0.4617,-0.0279
2.2027,-0.4009,-0.4559,-0.181,-0.9182,0.3278,0.3441,-0.3642,0.1367,0.5821,0.6896,-0.0026,-0.4829,-0.4337,-0.2,-0.3138,2.0143,-0.4488,-0.1142,-0.6702,-0.4897,0.5553,-0.6479,-0.0027,-0.2517,-0.4569,1.6466,-1.0008,0.1334,-0.979
-0.4485,0.1287,-0.748,0.1882,0.3195,0.3509,-0.5963,-0.8536,-0.4183,0.9882,1.3926,0.1537,-0.9868,-1.161,-1.0448,-0.9268,-1.2455,-0.8406,0.4208,-0.8609,1.0912,0.1445,-0.3364,0.1502,-1.695,-0.8359,0.3147,-1.6274,0.4329,0.0301
0.1085,-0.074,-0.5337,-0.6725,1.6126,-0.8329,-0.6862,0.5477,-1.0533,-0.4093,0.0287,0.5884,1.7332,-0.8688,2.0698,0.3649,-0.3303,0.2772,1.5086,-0.1232,0.5535,0.604,-0.3995,0.5773,0.7264,-0.0816,0.4677,0.0641,-0.4071,0.7166
0.8132,-2.4305,-1.4713,0.5347,-0.7184,0.2615,-1.3468,0.1408,0.4142,1.2928,-1.4625,-0.8154,1.525,-0.8964,0.5945,-0.3145,-1.0157,3.6593,-2.1277,-1.4649,-1.9959,1.3954,0.1373,0.7036,0.7758,-2.1126,0.3642,0.1655,-0.3398,-0.8484
1.307,-1.5666,1.5232,1.3753,-2.4121,-0.3067,-0.8327,-3.2402,0.6705,0.6923,-0.9604,-1.5265,1.0723,-0.8591,-1.0611,1.6434,0.0827,0.7718,-0.845,-0.0997,-2.6574,1.3933,-0.9757,-1.0584,-1.025,0.9923,-0.8152,-2.0034,-0.2051,-0.7025
-0.9264,0.7549,0.1302,1.2813,0.0856,1.0608,0.2134,0.2817,-0.1375,-0.1573,-0.7989,-0.3197,-0.1584,-0.0173,0.2095,-0.5005,-0.8235,-0.9368,-0.066,-0.297,-0.5598,-0.0293,1.4792,1.0716,-0.1888,-0.9301,0.566,-0.2839,0.0192,-0.983
2.0269,0.5677,-0.0777,1.6949,-2.4562,0.5417,0.3812,-2.6445,0.1789,1.5459,1.1385,-1.9508,0.6524,0.5375,-0.5348,0.1188,2.7758,0.5948,-1.3616,3.4558,-3.9381,1.4205,-0.5423,0.5492,-0.1594,1.2105,2.55,-1.3462,0.4478,0.5949
-0.376,-0.7823,0.9025,1.185,0.9487,-0.046,-0.969,-0.1909,0.5484,0.1112,-0.5409,-0.8204,-0.2262,-0.458,0.3247,-0.3304,-0.9575,0.333,-2.0404,0.6287,-0.3851,-0.4812,-0.0271,0.8025,0.327,-0.083,-1.4727,-0.7098,-0.4576,0.238
1.0743,1.1803,0.0472,-1.1088,1.752,1.3899,1.5556,-0.1289,-0.2413,-0.7292,-0.5568,-0.3783,0.2195,0.4676,0.5559,0.6979,-0.6856,-0.1145,-0.4593,1.2978,1.4254,1.4785,0.2616,0.6152,0.1131,0.9043,0.7478,0.4654,0.2748,-0.4202
1.5688,0.625,-1.049,-0.0899,-0.9116,0.8578,0.4733,-1.1613,0.255,-0.2948,-1.203,-0.2053,-0.0191,1.706,0.4225,-1.2236,-1.3877,-1.342,-0.8599,-0.6263,-0.5998,-0.6251,1.6422,-0.0285,-0.845,0.47,-0.8126,-0.2321,-0.5163,0.1602
-0.2825,-0.3632,-0.4897,-0.2417,-1.2194,1.5102,1.8803,-0.981,-1.0127,-1.1791,-0.0956,0.5089,-0.3068,0.7329,-1.2198,-0.4815,0.0417,-0.5479,-0.4584,0.0163,0.2553,-0.2423,-0.4948,-0.4492,-0.3145,0.194,-1.5993,-0.3981,-0.8623,0.3431
-1.3766,-0.1274,-0.4746,1.9757,0.4848,1.6507,1.6374,-0.067,1.8159,2.8177,-1.2966,-1.0143,-1.3462,1.0085,-0.0149,-1.7581,0.0829,-1.3426,-1.0129,-0.9943,0.764,-1.5719,-1.722,1.1525,-1.0599,-1.221,-1.6002,-1.6405,-0.7794,-0.3777
0.4976,2.1692,0.6626,0.4178,2.3999,0.595,0.6883,-0.3987,0.4299,-0.4544,-0.4124,0.3505,2.9341,2.5039,0.0622,-0.6759,-0.9509,-0.1133,-0.6409,2.1661,1.2837,-0.8905,0.6616,0.2606,-1.0387,0.269,1.2996,0.6906,-0.3659,-1.6398
0.881,-0.5726,0.0808,0.6605,-1.3101,-0.1978,-0.8179,-0.2492,1.0863,1.0886,0.2448,0.6877,-0.14,-0.3664,-0.0399,-0.2781,-0.6139,0.8563,0.6724,0.9125,-0.1636,-0.2416,-0.3874,0.4709,0.2339,0.0703,-0.9265,-0.1163,-0.2605,0.5234
0.7798,-0.67,-0.1122,1.1368,-2.3138,-0.3258,-0.5599,-1.3116,0.6945,0.1539,-0.7171,-1.0173,-0.1264,-0.0839,-1.7121,-1.8152,-0.0171,0.137,-1.83,0.0072,-1.6119,-0.3006,-0.2622,-0.9667,-2.1181,0.9257,-1.4457,-0.6712,-0.1228,0.7496
0.4774,-0.1035,-0.0639,-0.7222,-0.6291,-0.8433,-1.0435,-0.1645,0.5155,0.0016,-1.1107,-0.7611,0.1744,-0.3542,-0.6458,-0.2028,0.0093,0.484,0.503,-0.0881,-2.1532,0.5581,-0.4932,-0.4288,-0.7871,0.4148,-0.7205,-0.3006,0.1568,0.1101
-0.6814,1.3109,0.3462,0.823,-0.7627,0.2644,-2.3822,-1.0131,1.1367,1.7645,-1.5009,-3.5311,0.7332,-1.4487,-1.0921,3.5423,-0.2516,1.1589,-0.5376,-2.1266,-1.9348,2.8533,0.5834,1.9844,-0.7601,-1.0365,-1.2823,-3.5986,0.2885,-0.7063
-0.0551,0.1545,-0.2427,0.7128,0.1593,0.6307,0.125,0.0518,0.6619,0.1043,-0.2461,-0.0291,-0.0667,-0.0082,0.4495,0.0076,0.0063,-0.3063,0.1699,2.0789,0.368,0.3069,-0.3335,0.8828,1.2912,0.6982,-0.2194,0.0716,0.2269,0.6591
-0.3907,-1.4077,2.0323,-1.0497,-0.3604,0.7271,-0.1116,0.3293,-0.1646,0.4249,-0.566,-0.8494,0.3386,0.3489,-0.2673,-0.1631,-0.7212,-0.6517,-1.0911,0.087,-0.2492,-0.0094,-0.5715,0.1599,0.5044,-0.2323,0.2974,-0.7099,0.3463,-1.0864
-0.4791,0.0507,-0.7489,-0.1954,0.1452,0.0047,-0.3067,-0.3289,0.5443,-0.0526,-1.1424,-0.3727,0.1617,0.3109,0.1701,-0.3427,-0.41,-0.0249,-0.6438,-0.4356,-0.0265,-0.0175,0.9896,0.447,0.5763,-0.0622,-1.4056,-0.0108,0.5059,0.0467
-0.0685,-1.0351,0.1305,-0.3168,0.1521,-0.7934,-0.8938,0.3909,-0.2974,-0.4463,-0.9894,-0.5338,1.0043,-0.8895,0.1851,-0.2871,-0.8666,-0.2667,-1.1679,-0.0952,-0.3866,-0.147,0.8528,-0.6992,-0.0573,0.1925,-0.777,0.0763,0.155,-0.5193
1.5851,2.0382,0.2042,2.2507,-1.828,0.4872,0.9065,-2.0683,0.7058,0.6234,-2.0144,-2.1188,0.5441,2.0284,-2.8211,0.9335,1.5283,-0.7163,-1.4699,0.0474,-0.8659,0.3785,-0.096,0.5391,-1.449,1.8119,-1.0828,-1.1618,0.973,1.4031
0.7939,0.0219,0.668,1.0807,-0.7606,-0.8672,-1.6038,-0.6416,0.3539,0.108,-1.7674,-1.696,1.1681,0.3434,0.9307,1.4216,0.4746,2.4206,-1.0362,0.6168,-1.0325,0.3713,1.9408,-0.3419,-0.4439,0.2209,-1.6227,-0.3037,0.3328,2.5841
-0.2786,-0.0232,-1.2994,-2.2612,-0.1737,0.5755,0.9295,0.2012,-1.5489,-1.6074,-0.8908,-0.6392,-0.2554,0.7042,0.2056,0.5201,0.3143,-1.2792,-0.9358,-0.6028,0.6465,0.1523,-0.0783,-1.3569,0.1601,0.314,0.393,-0.5554,-0.6631,0.2869
0.384,-0.0043,0.0375,0.0326,0.5173,-0.1786,-0.4968,0.6707,-0.7005,-0.9249,-1.0252,-0.4621,0.2067,0.3911,0.7026,0.1047,-1.328,-0.8768,-0.2615,0.639,0.3771,0.1378,0.5835,-0.1996,0.0706,0.4855,0.7008,0.527,-0.0474,-0.3847
1.9569,0.203,-0.0933,1.399,-1.9758,1.0963,0.64,-3.4305,-0.4256,0.7273,-0.1341,-1.882,0.5141,0.7322,-1.7346,0.9684,1.7641,0.3475,0.9765,0.4892,-1.0227,1.4283,-0.3308,0.4612,-0.5743,1.8902,-0.8523,-2.2367,0.0588,-0.291
0.7875,1.2077,-0.2155,-1.6827,1.0145,-0.6659,-0.2621,0.0801,-1.0821,-1.0647,-0.067,0.5931,-0.3962,0.2005,-0.887,1.7357,2.9007,0.7997,0.8062,-0.0959,-0.178,0.6977,0.7101,-0.4695,0.1696,-0.3295,-0.5705,-1.5179,-0.8696,1.6421
-0.3432,-1.1806,-0.9601,0.5545,0.61,0.2313,-0.3265,1.144,0.2047,-1.5004,-0.8916,-0.3018,-0.1014,-0.595,0.9412,-0.3822,-1.4696,-0.3756,-0.5519,-0.5309,0.7675,-0.9354,-0.2468,2.2094,-0.3161,-0.5629,0.6682,-0.4055,-0.7078,-0.7139
0.931,0.7285,-0.7233,-1.5077,1.5062,0.2413,1.1481,1.7712,-1.7417,-1.8255,-0.1626,0.5028,0.8026,1.0207,3.0357,0.8987,0.6367,1.6049,1.4321,0.4591,1.0447,0.8073,0.995,-0.8181,0.3266,0.5376,2.8063,1.3096,-0.34,-0.4734
0.2618,-1.4904,-1.0767,0.2941,-0.6447,-0.2464,-0.135,-0.1137,-0.0453,-1.1195,-1.9282,-0.6893,0.2032,0.3133,-0.6045,0.2968,-0.031,0.1796,0.3666,-0.4439,-0.7139,0.2271,2.0821,0.3593,-0.1851,0.5278,-0.9103,-0.7908,0.1554,0.1417
0.0163,0.7677,-1.1464,-1.9268,-0.8701,0.0657,0.8934,0.3746,-0.896,-0.7766,0.7437,1.5406,1.5297,1.3811,0.8344,-0.1528,0.5208,0.6231,0.6243,0.3973,-0.1526,0.5446,1.1071,-0.1992,0.3576,1.5531,0.1567,0.653,-0.5973,1.6832
0.0916,-1.6252,4.2447,-1.2374,-0.3073,-0.8151,-1.023,1.2915,-0.2778,1.1426,0.4487,-0.6252,0.4931,-1.1881,0.0773,0.2641,-0.8677,0.1879,-0.9618,0.9959,-0.0659,-0.0516,-1.5327,-0.2929,0.3746,0.1133,1.2074,-0.3307,-0.0393,-1.2161
0.388,2.3874,-0.4602,0.1281,-0.631,2.748,2.7078,0.1737,-1.2904,-1.5991,-0.1141,0.3348,0.2416,0.4915,0.2313,1.0062,0.9614,0.6105,-0.6136,-1.4692,-0.8458,0.6608,2.3678,-0.9165,0.942,0.4161,-1.1078,-1.0107,-0.9838,-0.5642
-0.0192,-1.6126,1.6393,-1.5714,-0.486,0.6587,-0.2807,0.6176,-0.2474,0.1866,0.2649,0.076,0.5404,-0.5097,0.0488,0.0879,-0.4254,-0.2889,-0.472,-0.1289,-0.007,0.9034,0.0251,-0.9671,0.9613,0.088,-0.2359,0.2134,-0.5492,-1.021
-0.1681,1.8661,-0.3766,-1.4,0.5668,-0.3861,1.3568,0.4567,-1.3504,-0.5585,1.0789,1.2632,0.2691,0.4408,1.1099,-0.4119,1.4577,-0.744,-0.6927,-0.0533,0.6182,0.1611,0.4209,-1.0139,-0.3939,-0.0091,0.2957,1.2508,0.2329,1.5697
0.1354,1.4888,-0.3703,0.1656,-0.2168,0.6469,0.7738,0.0445,-1.3412,-0.7208,-0.6499,0.3331,0.2587,0.486,-0.4687,-0.0604,-0.1876,-0.7463,-0.0295,-0.8443,0.5951,-0.3437,0.9408,-0.8884,-0.1147,0.4388,-1.2691,-1.002,0.1198,0.1138
-0.0858,0.4802,-0.0706,-0.2492,-0.0076,0.3748,0.9011,-0.34,-1.3254,-1.2042,0.9872,1.5218,0.5359,2.3312,0.5208,-0.1734,0.3415,-0.4235,-0.1093,1.2444,-0.0523,-0.2102,0.2701,-1.0663,1.0354,0.1299,0.1481,0.9822,-0.119,2.1133
0.2908,-0.5843,0.3577,-0.495,0.7749,-0.563,-0.0107,1.0829,-1.0744,-1.0647,0.4023,0.9602,0.7549,0.5936,0.7305,0.1907,-1.0585,-0.8686,-0.6856,0.3606,-0.3516,-0.0933,-0.1122,-1.1947,-0.046,0.8623,0.4661,1.1813,0.0515,0.3423
0.0197,0.8729,-0.4476,-0.5085,0.9411,-1.0442,-0.5954,0.436,-0.3113,0.3687,0.0786,0.4864,0.5301,0.7698,0.9176,-0.1458,-0.8173,-0.089,-0.9122,0.0044,0.1921,-0.609,0.2132,0.6268,-0.7852,-0.0472,0.1407,-0.6952,0.0298,1.209
0.7517,0.1669,-0.3656,0.8959,0.6262,0.6319,0.4018,0.6694,0.3634,-0.1143,1.3155,1.5506,2.4936,0.7997,1.2729,0.1251,-0.3461,-0.4604,-0.9281,0.3401,0.4021,0.0822,0.0171,1.5858,-0.3713,0.5181,-0.196,1.6308,0.5024,0.1722
-0.8567,1.5974,-0.9763,-0.6352,-0.2346,-1.2148,0.1072,0.2887,-1.6958,-1.8449,-1.9054,-0.8458,-0.4127,2.6322,0.0081,-0.418,-1.2607,-2.0013,-1.2817,-0.1405,-0.1636,-1.1926,0.999,-1.8614,-0.786,-0.2399,1.0879,0.4515,-1.1122,0.8028
0.0011,0.0206,0.1914,1.653,0.7064,0.1183,0.5119,0.9361,-0.5653,-0.7952,0.2167,0.7425,0.7774,0.7908,1.7695,0.283,0.101,0.0557,-1.1436,-0.1953,0.2096,0.1861,0.4517,-0.6887,0.2944,-0.1411,0.475,1.1834,0.4967,0.0161
-0.2107,-0.2367,0.3223,1.5127,-0.3171,-0.6169,-0.4161,0.6533,-0.7156,-0.2126,-0.1703,-0.7546,0.5416,2.236,0.4654,1.7619,-0.7215,-2.0313,1.3349,0.5116,0.3049,0.4657,2.6764,-1.1055,-0.7705,0.0438,1.9139,0.6364,0.2908,-0.1783
2.0735,1.0618,-0.2522,0.0535,-1.4995,-0.6742,0.9206,-1.9246,-1.6815,0.959,-0.7709,-1.4486,1.1385,1.6263,-2.6894,-0.0377,0.7596,-0.7615,-1.1597,0.5312,-0.9637,0.4241,-0.0411,-0.2213,-1.3445,1.4683,-0.6784,-0.0812,1.2316,0.966
0.326,-0.6192,-0.0131,0.7854,0.1393,-1.3117,-1.3244,-0.0776,-0.4698,-0.7496,-0.6811,0.1466,1.0977,0.2449,-0.4721,0.2525,-0.2784,-1.1205,-0.6172,0.5408,-0.3592,0.6794,-0.6794,-0.0279,-0.2042,0.2319,-0.0563,0.2163,0.4467,-0.6342
-0.41,-0.5375,0.8111,-0.5964,0.7395,-0.2455,0.4891,0.5294,-1.397,-0.6253,0.0414,1.0009,0.1727,-0.1442,0.5773,-0.8932,-0.2748,-0.7245,-0.7689,-0.0711,0.4688,-0.2576,0.537,-1.6756,-0.3717,-0.3039,-0.2402,0.4322,-0.4443,1.9133
1.3839,0.9116,-0.3584,-1.4258,2.0237,-0.3924,-0.2844,-0.0348,-0.7611,-0.0202,0.3042,0.4766,1.4379,0.1141,0.8598,1.62,0.1288,-0.4651,0.047,1.103,0.7134,1.6145,-0.0205,0.6883,1.5338,1.2121,1.7508,0.6275,0.9598,0.0682
0.8641,1.6729,-0.4033,-1.2041,1.5116,0.3663,0.7855,-0.2618,-1.2413,-0.4461,1.0661,1.1002,0.2379,0.8273,1.33,1.0759,-0.6998,-0.9732,-0.0698,0.0978,0.4481,1.3358,0.6866,0.6785,-1.1585,0.8258,1.2995,1.171,0.5664,-0.1294
0.3171,-0.7044,-0.1002,-0.5276,-0.2046,-0.0002,0.6051,-0.0962,-1.5125,-1.1897,-0.568,0.3742,0.0796,-0.2568,-0.129,-0.3783,0.3813,-1.2403,-0.8212,-0.224,0.2278,0.3402,-0.5408,-0.7957,-1.8464,0.2133,-0.2507,-0.9757,-0.1912,0.1242
0.1301,-0.0287,0.3838,0.1117,1.5027,0.2803,0.4023,0.6069,-0.6301,-0.166,0.4178,0.6744,0.8704,0.1667,1.5536,-0.3043,-0.1672,0.3111,-0.0569,0.7155,0.2761,0.2048,-0.3581,-0.3697,0.107,0.0014,2.1856,0.7069,0.435,-0.5575
1.1714,1.1834,-0.37,-1.3722,0.8987,-0.2529,0.4943,0.5842,-1.2634,-0.8479,1.2238,1.6083,0.6325,2.3058,0.6503,0.3996,0.6269,-1.0519,-0.3559,0.033,0.2725,0.8184,-1.307,0.6768,-0.5266,0.771,1.2643,0.4213,0.1203,-0.2421
0.7639,0.1126,0.406,0.5298,-0.5202,0.5399,0.366,-1.86,-0.2789,-0.2665,-0.518,-0.2341,0.6395,0.2296,-0.5341,0.4049,0.8732,0.9666,0.3199,-0.3384,-0.3397,0.2529,0.0935,0.5343,1.038,0.2519,-0.5491,0.0673,1.0001,0.5031
-0.3453,0.8262,-0.0305,0.5961,0.6088,0.9415,0.3825,0.5841,-0.787,-0.81,0.4635,0.5019,-0.4073,1.9781,1.2749,-0.4365,-0.5369,-1.5149,0.3672,0.0084,0.2933,-0.4015,2.766,-0.6697,-1.411,-0.2715,1.2991,-0.5456,-0.5084,-0.7203
0.1317,0.8904,0.2772,0.2306,-0.0012,0.8859,0.6633,-0.7757,-0.9218,-0.2631,-0.0507,0.0901,-0.0781,0.4759,0.5541,-0.1151,-0.2003,-1.8259,0.0467,0.4422,0.8689,0.223,1.3226,0.0157,-1.6167,-0.1219,1.151,0.0023,0.3712,-0.7922
-0.2501,-0.3259,0.4057,-0.284,1.2404,0.623,0.0851,-0.5539,-0.8428,0.4936,0.4042,0.7298,-0.61,-0.8334,1.0038,-0.4113,0.9515,-1.0292,-1.1973,-0.7761,0.3955,-1.6414,-0.6818,0.1896,-1.4956,-0.6145,0.1658,-0.6309,-0.2727,-0.8764
1.2144,0.1314,0.3038,-0.4877,-0.4002,0.0593,0.3946,0.6193,0.988,0.4149,0.8172,1.1174,0.2686,-0.6934,0.5205,0.2275,0.2871,0.2072,1.5187,-0.2489,0.3249,0.4656,0.2625,-0.312,1.0632,0.674,-0.5125,1.5201,0.3054,1.0714
2.1935,0.8414,-0.8445,-2.7938,-1.8529,-2.8432,-2.139,-1.5015,-1.6728,-1.0852,-2.0035,-2.0844,1.6269,0.049,-1.4868,1.7446,0.6694,-0.3177,0.1015,0.9778,-2.7336,2.44,-0.5285,-0.6022,-1.4361,3.1404,-0.2368,1.5982,1.5378,0.5179
-0.3163,-0.3125,-0.3045,0.213,1.4667,-0.0012,-0.4352,0.634,1.1872,1.2458,0.9973,-0.7873,-0.7918,-1.2184,0.431,-0.9733,-0.5258,-1.9333,0.0712,-0.6396,1.048,-0.5625,-1.0375,-0.6295,-0.1096,-1.2195,0.1003,-0.019,-0.958,-0.3022
-0.3324,-0.3177,-0.387,0.1652,1.4423,-1.0585,-1.7572,0.2296,1.1145,0.8276,-1.3022,-1.4958,-0.1058,-1.6197,-0.5742,1.9473,-1.1143,-1.6697,-0.8162,-0.8746,0.8644,0.6328,-1.0085,0.7772,-1.2207,0.4765,1.8528,-1.1654,-0.057,-1.1631
0.4438,0.6059,-0.5202,-0.6941,1.6271,0.1204,-0.2165,0.998,-1.0329,-1.271,2.2918,2.2539,0.1978,0.1411,2.1636,0.5291,1.1869,1.2926,0.129,0.4582,1.8018,1.141,0.8716,0.02,1.0078,0.6978,0.2047,3.8937,0.0946,-0.1682
0.4837,1.4552,-0.7235,1.9398,-1.2836,-0.7425,-0.7664,-1.3886,-0.2577,-0.6207,-0.9806,-1.499,0.1295,2.4355,-0.0914,-0.3108,-0.1495,-0.0178,-0.6616,-0.5006,-0.1456,1.4752,1.362,-0.2326,-0.9884,-0.1351,-1.7825,-0.6654,-0.7269,0.6057
0.2923,0.4177,-0.5096,1.3098,-0.7008,0.3537,0.0836,-1.5712,0.1232,-0.1832,-2.1303,-1.9011,-0.1563,0.4326,-1.0686,0.0132,-0.1573,0.5338,-0.9451,-0.4939,0.1348,0.4136,0.5627,-0.7477,-1.4121,-0.3314,-1.9517,-2.1732,-0.6453,-0.1704
1.4027,0.2977,1.0969,-0.1977,0.4257,-0.21,-1.6091,0.3246,0.2382,0.5513,-0.7941,-1.1631,-0.1395,-0.4392,0.0954,0.0377,-1.2369,-0.1927,0.4053,1.1563,1.5498,-0.2849,0.5827,1.174,0.0458,-0.0412,-0.3001,-2.3564,-0.0765,-1.5063
1.2993,0.9938,-0.7365,0.075,-2.3257,-0.0672,-0.0911,-2.3743,0.6617,0.8803,-1.3871,-1.6439,0.9583,2.2386,-1.112,0.1631,1.2883,0.0981,-0.4851,0.5969,-1.8072,1.7048,0.8046,-0.357,-0.2689,1.0797,-1.2465,-0.9845,1.1891,0.2718
0.2163,0.3432,-0.4382,-0.3837,-0.5443,0.9161,0.3101,0.3394,-1.0485,-0.4494,0.2441,0.3261,-0.1647,0.6843,-1.2052,-0.1151,-0.4005,-0.6562,-0.3172,-0.5384,0.3879,0.8502,-0.0325,1.1734,-0.8029,0.5534,-0.8432,0.2944,0.3944,1.1886
0.4757,0.1338,-0.5698,-0.5317,-0.215,0.8278,-0.1748,-0.7181,-0.1394,-0.1514,-0.631,0.0584,-0.3714,0.0306,0.3618,0.1458,-1.0298,0.1579,-1.561,0.3165,0.078,0.3262,1.1089,1.6063,0.5047,-0.3354,-1.3845,-1.0326,-1.2408,-0.9435
-0.7674,-0.604,-0.1032,2.5042,1.0115,-0.0594,-0.3563,0.3266,-0.0746,0.3142,0.96,0.2664,-0.8057,0.0795,1.0033,-0.4061,-0.4081,-0.7223,0.9777,0.583,0.783,0.2521,0.4884,0.2078,1.0916,0.3477,-0.2299,0.1291,-0.7691,-0.0894
0.4899,1.4188,-0.3113,-2.2273,-0.5717,-3.1444,-0.2078,0.9669,-2.3522,-1.7982,-0.7381,0.0107,0.5456,-1.1673,-0.3782,1.6652,1.6671,0.1904,4.8263,-0.4016,-0.0802,1.6859,-0.6498,-1.2981,0.95,0.9478,0.1268,1.0366,-0.4755,-0.02
0.9223,1.1102,-0.6366,-1.3721,-0.6052,-0.6057,0.0076,-0.5627,-0.6533,-0.528,-0.4111,-0.3665,0.2748,0.6196,0.0648,1.3572,1.5662,0.2211,-0.7564,1.683,0.0598,0.189,0.0377,-0.2323,0.3015,0.4662,-0.4747,-0.3061,0.2515,-0.5096
-1.1973,-1.1486,-1.0451,-0.3287,0.0118,-2.0297,-1.3987,0.3663,0.8564,-0.4916,-1.7701,-0.7768,-0.4252,-0.1267,0.8724,-1.8411,-1.2871,-0.4883,-0.7208,0.7773,-0.563,-1.9513,-0.0737,-0.8937,-1.1888,-1.9375,-0.8057,-0.1478,-1.2366,-0.3334
0.1709,-1.0071,0.2315,-0.5667,-1.2563,-0.7004,-0.6032,-0.3124,0.9685,1.3357,-0.7533,-0.2901,0.1562,-1.0577,-1.3886,0.5921,-0.1521,0.2905,-0.3278,-0.9327,-0.4242,0.2443,0.3063,-0.8825,0.1123,-0.9811,-0.4882,0.4306,-0.9079,1.5791
0.8871,-0.6802,1.4985,-0.5776,-0.3262,-1.0714,-0.5972,0.7558,0.2447,0.4359,-0.2564,-0.932,0.3919,0.9621,0.708,-0.0072,-0.7552,-0.5446,0.1989,0.6603,-2.0863,0.4337,0.7695,-1.1939,0.4049,0.8902,0.6944,0.6643,-0.3583,-0.9022
0.4538,-1.3423,1.2484,-0.2987,-1.0715,-0.2192,-0.5308,-0.9661,0.657,0.1756,-1.2813,-0.9204,1.5315,-0.3753,-1.4157,0.7999,-0.5687,0.1488,-1.0595,-0.3888,-2.9322,1.5288,-0.7384,0.2052,1.0055,1.2105,-0.1191,0.3993,1.2184,-0.9568
0.9147,1.3895,-0.3352,-0.6834,-0.6446,-0.2549,0.7377,-1.0943,-0.6146,-0.3268,-0.4171,-0.7241,1.3001,0.2697,0.4371,1.4944,0.7784,0.3597,-0.679,1.377,-1.0721,1.0291,1.5605,-0.0188,-0.1113,0.465,-1.484,-0.708,0.0162,1.667
0.9732,0.4657,-0.5462,1.0372,-0.2031,-0.7935,-0.4408,-0.7727,-0.8194,-0.1227,-2.0279,-1.8519,0.3713,0.2476,-1.1554,0.3735,0.5569,0.3848,0.396,0.495,0.1178,1.1251,0.8519,0.269,-0.8758,1.3206,-1.1339,-0.9668,-0.2738,-0.6025
-0.4167,-0.991,-0.8207,0.1823,0.0593,0.5229,-1.0382,0.4022,1.0975,0.6944,-1.0985,-0.3623,0.3606,-1.6016,-0.0739,0.8826,-1.0354,1.1129,0.4564,0.0063,-0.1069,0.1189,-0.2937,-0.4719,0.3752,-2.3589,1.7504,-0.4605,-1.795,-1.2648
0.4263,-0.0268,1.6157,-0.6914,-0.1091,-0.2623,-0.7126,-0.0179,-0.2737,-0.1859,-0.3414,0.1815,0.5279,1.4384,-0.0686,0.7466,-0.5069,0.0101,-0.2567,0.9568,0.1865,0.6413,1.0947,-0.6344,0.1453,-0.9775,1.4618,0.4011,-0.1426,-0.6238
0.1873,0.2888,-0.0781,-0.0753,-0.2381,-0.3556,-0.2152,0.2337,-0.1535,-0.3953,-0.6169,0.0981,1.1817,-0.5247,0.5149,1.3857,0.6154,1.6264,-0.4761,1.3147,0.0372,0.9796,0.7983,-0.8684,1.4514,0.531,-0.331,0.935,0.37,1.0372
0.0433,-0.7769,1.0658,-1.3158,-0.4973,-1.2528,-0.7249,1.4952,-1.3617,-0.4869,0.9068,0.7955,1.2721,-0.6315,0.3589,0.3515,-0.4581,0.2723,0.4254,0.4267,-0.6142,0.5236,-0.122,-0.778,1.1046,1.1563,1.1543,0.85,-0.2333,-0.7895
0.9099,-0.72,1.636,-0.5294,-2.0866,-0.0854,-0.6689,-1.0721,1.4009,1.2961,-1.0192,-1.2157,0.6566,-1.0748,-0.5917,0.7323,0.8492,1.0981,0.1229,-0.6249,-1.506,0.5855,0.0214,-0.0465,0.9675,0.5797,-0.8242,-0.8384,0.2893,-0.2526
-0.2955,-0.0368,0.5283,1.1597,0.8514,-0.6496,-0.6595,1.3334,-0.0234,-0.8204,-0.1926,0.742,0.633,-0.3123,0.7397,0.0159,-0.7788,-0.7706,0.2239,-0.6953,0.2406,-0.7606,-0.6135,-0.1782,0.4407,-0.1775,0.0368,0.2887,-0.1384,-0.9349
0.0761,-0.6222,-0.6548,0.1924,-0.1213,0.8171,0.0837,0.5172,0.1759,0.42,0.3936,0.1567,-0.0337,-0.4836,1.0769,0.4715,-0.2301,-0.4163,0.5438,0.8332,0.2321,0.4725,0.44,0.2058,-0.4224,-0.0519,-0.3595,0.1843,-0.3827,-0.3834
-0.103,0.3437,-0.9018,-0.1709,-0.1433,-0.0404,0.0282,-0.1895,-0.4112,-0.7282,-0.2301,0.0835,-0.4001,0.3046,0.3595,-0.15,0.4896,-1.4926,0.5605,-0.2932,0.1716,1.1058,1.4571,-1.0113,-1.1389,0.3962,-0.0577,0.4702,-0.0448,-0.3582
-0.3025,-0.4871,0.4543,0.3072,0.6332,0.0614,-0.5206,0.2904,0.0455,-0.4884,-0.8036,-0.6565,-0.1358,-0.0414,0.5503,0.7545,0.4308,0.5448,-1.4628,1.3041,-0.001,-0.1318,-0.5364,1.2227,0.457,-0.2527,-1.337,-0.7378,-0.9898,0.4865
0.7669,-2.6936,5.7628,-0.4608,-0.5277,-0.2019,-0.9656,0.9752,0.2808,1.0024,0.2648,0.0958,1.7533,-1.7133,0.0324,1.5042,-0.5571,1.3572,-0.2684,0.8577,-1.7396,0.6236,-0.4005,-0.977,-0.0916,0.2022,1.5676,0.3937,-0.488,-1.2592
-0.1775,-0.4199,-0.2718,-0.5728,0.1914,0.3524,0.7124,0.1102,-0.7037,-0.8628,-0.4201,-0.4847,0.3636,-0.373,0.3322,0.2332,-0.3409,-0.1674,-0.3067,0.2098,-0.5412,0.734,1.9107,-0.8386,-0.1355,-0.4147,1.1313,0.3159,-0.0543,-0.563
1.3596,0.1046,-1.2309,-0.1595,0.9535,0.7233,1.1863,-0.0022,-0.6288,-0.4513,0.6507,1.0485,-0.6318,-0.2847,1.1767,-0.3834,1.4152,0.6466,1.0086,-0.2989,0.8012,0.4775,-0.6188,-1.1802,0.026,0.062,-0.4812,-1.4595,-0.533,-0.1147
0.5193,0.679,-1.2524,-0.7407,0.9767,0.0047,-0.6048,0.6686,-0.2772,-1.1504,0.0661,0.7586,0.5832,-0.3896,0.4758,0.8462,-0.1307,-1.7092,0.5757,0.5335,1.0141,0.8749,0.4543,0.4442,-0.8389,-0.4808,1.3687,0.4963,-0.6134,-0.2164
-1.6753,-1.745,-1.3773,0.9419,1.8212,1.1626,0.8799,0.3454,0.5097,-0.0792,1.034,0.8384,-1.4874,1.368,1.939,-1.7232,-0.6797,-0.214,0.4748,-0.9618,1.5215,-1.6905,1.9438,0.8607,-0.2275,-1.2294,0.5865,1.9543,-1.5303,0.9587
-0.3604,-1.2118,-0.6196,0.3107,-0.0667,0.9286,0.3072,0.5703,0.2506,-0.1044,-0.4756,-0.1874,-0.4719,-0.6058,0.6937,-0.9372,0.265,-0.0951,1.4996,-0.5075,0.5822,-0.0789,-0.6688,0.1485,0.1157,-0.623,-0.9089,-0.3121,-0.4526,-0.7929
0.635,-0.0717,-0.8684,-2.4398,-0.717,-1.0571,-0.4214,-0.4729,-1.1247,-0.7733,1.0513,1.7752,0.4699,0.1323,0.9857,1.2011,0.8821,2.2639,2.2566,3.1332,-0.0903,1.0118,0.9634,-0.6984,1.1697,0.4656,0.3255,0.618,-0.3925,0.8007
0.6656,-0.6862,-0.7093,-2.4341,0.3363,-1.547,-0.6531,0.9555,-1.6963,-0.8579,-0.4921,-1.2859,0.8205,-0.5108,2.4815,1.9972,-0.3082,0.7432,-0.1426,0.4384,-0.6423,1.4426,0.969,-0.6726,-0.7771,0.8303,1.2578,1.2695,0.0368,0.8775
0.7493,-1.5977,3.7669,-0.2897,-2.1113,-1.9589,-1.5893,-0.4886,1.0289,0.4983,-0.7419,-1.7134,1.2439,-1.2242,-0.998,0.1658,-1.292,0.6879,-0.7178,1.4897,-2.8669,0.2051,-1.6745,-0.1602,0.3813,1.235,1.0038,-0.7752,0.8482,-0.4733
1.3886,2.6019,0.9355,-1.3852,-0.4668,0.9086,0.7257,0.3917,-0.986,-0.7244,-0.5206,0.2694,0.1663,0.1012,-0.0978,1.1048,-0.1584,-0.7784,1.3653,0.8889,0.3513,2.6224,1.7184,0.4841,-0.2453,0.8436,0.2297,-0.2448,-0.0247,-0.6776
0.3801,-0.8146,-0.9442,-0.8304,-1.1569,0.8643,0.4159,-0.4105,-1.0352,-0.4878,-0.7378,0.238,0.2023,0.5609,0.1572,0.4264,1.3068,0.0975,0.7426,1.6112,-0.157,1.0524,-0.1178,-0.4176,-0.4648,1.2634,-0.5887,-0.1866,0.2946,0.8763
-0.4273,0.429,0.425,0.3836,-0.5071,0.0864,0.0991,0.3489,0.0629,-0.5897,0.1853,0.7233,-0.979,1.0074,0.6418,-0.8756,0.574,-1.1566,0.9859,-0.9929,0.8298,0.6691,-1.3998,-1.3085,-0.2342,0.0574,-0.7653,1.3662,-0.6036,1.1273
0.5601,0.259,-0.5676,-0.0264,-1.9011,0.5404,0.7043,-0.5978,0.6823,0.1542,-1.3867,-0.3454,0.4235,-0.1653,-0.2035,0.6926,0.7771,0.0332,1.0259,-0.1513,-0.6225,1.4225,0.2783,-0.4605,0.8148,0.5467,-0.3527,-1.1136,0.4816,-0.0191
-0.0931,0.9708,-1.0014,-2.7385,0.9795,1.0026,1.258,-0.0683,-1.8018,-1.1764,-0.1671,-0.2234,-0.5513,1.4565,1.1553,-0.3866,0.3683,-0.7435,0.4699,-0.4657,1.1659,0.7082,0.4036,-0.7638,-1.104,0.5412,-0.0522,0.6359,-0.0032,0.1217
1.2687,0.6812,-1.2188,-1.5026,-1.8037,2.4487,2.3528,-1.0277,-1.204,-0.9685,-1.5528,-0.66,0.2995,2.8339,-1.1297,-0.1982,0.0122,-0.7457,0.793,0.3668,-0.7462,1.8521,0.9905,-0.2794,-0.8031,1.3809,-0.5743,-0.5331,0.0127,0.7085
0.8298,1.456,-0.725,-0.0672,0.9951,0.6996,0.4242,0.2362,-0.9032,-0.7684,1.0008,0.9546,-0.6071,-0.0832,0.1049,-0.0391,1.753,1.0771,3.3515,0.885,0.8331,0.9016,-1.0473,0.0049,-1.0181,0.8327,1.1727,0.391,-0.4953,-0.0205
0.7387,1.454,-0.236,-0.5166,-1.1361,-0.7263,-0.4241,0.512,-0.5815,-0.7058,-0.6318,0.2733,0.0735,0.4777,-0.3646,0.0554,-0.9754,-1.073,2.1384,1.8896,-0.2823,1.7541,-0.395,-0.6173,-0.1887,1.3555,-0.6859,-0.9954,-0.0523,1.0461
0.0561,1.0326,-0.577,0.2445,0.8966,0.7024,0.7748,0.4253,-1.1064,-0.5713,1.4831,0.3682,-0.493,2.2918,1.6403,-0.3028,1.268,0.7143,1.7889,0.4109,0.8721,0.215,-0.3889,0.4836,0.4218,0.3685,-0.0683,1.5732,-0.5778,0.1321
0.8144,-0.1703,-0.0321,0.0077,0.8723,0.1078,-0.3823,0.6295,1.6955,1.0532,0.548,0.8459,3.305,-0.6063,1.7678,0.0872,1.2545,1.8713,1.143,1.5432,0.9374,0.9278,-0.2744,0.1002,1.2563,0.2453,-0.1384,1.0297,0.7723,-0.5505
1.5366,-1.3322,-0.2851,0.4226,-3.3981,-0.2258,0.3922,-2.4596,-0.2239,0.1727,-0.4754,-0.625,0.3417,1.5935,-1.4664,-0.1908,-0.3559,0.1647,-0.4434,0.0436,-1.3508,0.6086,-1.106,-0.1634,-1.8185,1.0266,-1.2568,-1.432,0.6492,1.3916
0.6397,-0.6091,-0.237,1.1215,-0.4984,-0.4505,-0.4741,-0.7143,-0.1637,-0.833,-1.9652,-0.7663,-0.0906,2.322,-1.0403,-1.1016,2.4002,0.9341,-0.674,-0.5957,-0.8429,-0.3369,1.9427,-0.9114,-1.7343,0.091,-2.0351,-0.2348,-0.1416,2.809
0.2729,-0.5212,-0.8049,0.4971,1.4991,0.2973,-0.03,-0.1766,-0.9035,-0.6863,0.1019,0.6592,0.5936,-0.8859,-0.1782,0.2112,-0.4025,0.6249,0.3842,-0.0431,1.2074,-0.3648,0.7146,0.312,1.6995,-0.0942,0.4676,1.5253,0.4759,-1.1926
0.5421,1.5904,0.263,0.5,0.4433,-0.0671,0.2346,-0.5197,0.602,0.156,-0.5871,0.3025,-1.9134,0.4421,-0.3447,3.3669,0.3529,1.1047,-0.8443,0.3133,-0.3514,-1.2067,0.6753,2.1917,-0.6073,0.0943,-1.1625,-0.6153,1.6082,-0.5391
0.0812,-1.2177,0.3702,0.722,-0.1253,-1.3841,-0.5867,-0.255,0.7904,1.5464,-1.3047,-1.9004,-2.5931,-0.1272,1.8826,2.1409,-0.1605,1.6568,0.0056,1.6517,-2.0704,1.6786,1.1606,0.2749,0.2096,1.9686,-1.9761,0.7138,4.3648,-0.4621
-0.0002,2.2275,1.4711,2.6357,-2.1311,3.3297,3.5678,-4.741,0.0025,0.9591,0.346,-0.5709,-0.8688,1.1382,-1.5087,1.0435,1.5919,-0.7304,0.1856,-0.0556,-2.5361,1.003,0.8773,0.2589,-0.8538,2.7748,-0.9403,-2.1529,4.5498,2.039
-0.7419,-1.2485,0.4493,0.5987,0.3958,-2.5401,-1.7963,0.2163,1.5415,2.2943,-1.0966,-1.3742,-3.0375,2.3018,-0.0606,3.1841,-0.9931,-0.9663,0.462,1.3648,-0.6681,2.7861,-0.1894,0.4909,0.3112,0.4786,-1.6092,0.0685,4.1771,-0.5976
0.4339,0.3554,0.0609,0.3286,0.3998,0.3504,0.5819,-0.5433,1.4746,1.3362,-1.4301,0.0032,-0.9124,0.6063,-0.8104,1.9556,-0.7146,1.1752,-0.9907,0.9774,-0.7163,-1.4333,0.4917,1.4894,-0.2111,0.6553,-1.2888,-1.82,1.4413,-0.8663
0.4541,0.5035,1.8281,0.5927,0.2007,0.3824,1.226,-0.3401,0.6211,1.0331,0.321,0.5611,-1.716,1.4459,-0.1429,1.7386,0.9929,0.0291,0.0444,-0.2253,-1.2582,0.9278,0.7073,0.6131,1.0026,2.1162,-2.107,-0.5299,2.5591,-0.0335
0.2961,0.8489,0.3564,-0.7849,1.3661,-0.3958,0.2677,-0.4657,-0.4581,-0.754,-0.1936,1.4164,-1.6247,-0.6299,0.8872,1.0321,0.5674,1.1999,-0.5042,-0.406,0.7648,-1.8274,0.424,-0.0488,0.664,0.163,-0.6968,0.6651,0.9672,-1.1802
-1.0322,0.2408,0.0083,1.7643,0.201,1.5352,1.1987,-0.7143,2.4842,2.3251,-1.5314,-0.8932,-0.8195,0.12,1.0331,0.3755,-1.161,-0.431,-1.158,-0.2113,-0.9536,-1.9068,0.1982,2.6805,-0.1682,-1.3866,-0.9383,-0.1402,0.0364,-0.964
-0.3011,0.3336,0.9022,-1.5949,-0.0138,-0.7065,-0.5264,0.4824,-0.4049,-0.1064,-0.4712,0.472,-1.5772,-0.893,0.1533,1.086,-1.3971,-0.1578,0.0847,1.5748,-0.2678,-1.2982,0.3551,0.2897,-0.6411,0.2548,-1.5448,-0.0793,1.006,-1.2346
-0.4551,1.1174,-0.1322,0.5861,0.8013,-0.0441,0.2958,0.1825,-0.6131,-0.9594,-0.1303,0.9508,-1.6426,-1.1382,0.3167,1.5582,0.0666,-0.4383,-1.6805,-0.445,0.2195,-1.5271,-0.6613,1.5924,-1.2961,0.445,-0.6745,0.3627,0.9211,1.153
0.7812,1.1901,-0.0432,-0.9142,-0.4518,-0.3125,0.7569,-0.6448,-0.4655,-0.6354,-0.8162,0.1343,-1.4996,0.3379,0.3097,1.8826,0.6708,0.0723,-1.4801,-0.4631,0.0033,-1.8338,0.829,0.7417,-0.6486,-0.9066,-0.7235,0.0372,0.1496,0.5857
0.466,2.1864,-0.6449,-3.1403,1.2204,1.1493,2.0401,-2.9046,-0.7467,0.2983,-0.5621,-0.1028,-3.0063,3.6273,-0.4792,1.8353,-0.9016,-1.8238,-1.606,0.7478,-0.6858,0.5069,-1.5807,2.4835,-1.4934,2.9094,0.1893,-0.0982,3.5245,-0.7125
0.1379,1.2629,-0.3885,-0.6155,0.2384,1.6788,2.2222,-0.3309,-0.4312,-0.2179,-0.6291,0.2953,-1.4509,0.9048,1.2093,0.8732,-0.3675,-0.4021,-0.9429,-0.5776,0.2228,-1.2001,0.0642,0.8744,-0.1833,0.1532,-1.3948,-0.6382,0.8993,-0.0971
