-0.8726838953207334,0.11307187603989383,0.1277599770496684,-1.0489415160988291,-0.9414208492966772,-0.6850859675100458,-1.7577751593092656,-1.3804526497040106,-0.8343443004392745,-1.3163933050575118,-0.9628250070329754,-0.05511697425480233,-0.9401984141990962,-0.2631315999314112,-0.07814890618839898,-1.7556810549773543,-0.5266814401058323,-0.21185988019216118,-0.7515815585701979,0.19009834962891914,-0.21973571533017927,-0.32946390580890056,-0.031042354254684157,-0.3650766663670941,-1.7328220103234595,-0.6880127412452478,0.2104836515418052,-0.7394557804345017,-0.39314215744302494,-0.7480490996147214,0.7233246580562609
-0.12838500007068537,-0.05214386045848152,-1.1108778865587108,-0.7116160398976288,-1.203129373266775,-0.33615067676924565,-1.0146272189224799,-0.831024875353817,-1.5233153518266915,-0.6413768750528788,-0.778249781637079,-0.8807514251134039,-0.7048240158334795,-1.2068365741724627,0.10748347547897064,-0.8224165326513118,-0.2516740052976082,1.0284677696863103,-1.3332912307969222,-0.4572799785454504,-1.0034286387109614,-0.8829957466736481,-0.9343387203609981,-1.0945890758978256,-0.5070624415181135,-1.1756946090341827,0.08530342117381368,-0.30815864236866636,-0.07018841837383535,-0.45872524863629727,-0.3522386066504979
-0.18913551665404987,-0.9674831183898396,-0.6149102848347422,-0.9138233444287762,-0.9747868197716073,0.05800408785760447,-0.9911555621602246,-0.09892386975589251,-0.17526332715588777,-1.3778718331734576,-1.3003187395511775,0.08921869469140498,-0.8107307127492538,-0.6707159465091159,-0.579127383764267,-1.7902133632070596,-1.4178717660632905,-0.725513450173638,-1.2765816236037832,-0.7158323178654726,-1.1869830157803394,-1.0047775556362895,-0.14765005665100722,-0.40802131817748083,-0.4912489712824564,0.0010387210252606471,-0.1477960654084479,0.3876215352403301,-0.5113355359821254,-0.44044843192694005,-0.8191912727402964
0.5224453860358251,0.805804580690106,0.7524419038628886,0.16170457354296375,0.21897759310402232,0.9894273054024065,1.3113302057325873,0.9444583350460425,0.848900067319675,-0.09086971631325858,0.631142090070096,1.7296523951883522,1.0891698915341532,1.5057924761285508,0.3647060684074019,0.8190467775642927,0.22090565013600805,0.48735443931619493,0.5652531972029847,1.4590670460244617,-0.396452504551707,1.2340364351998647,0.149496874057984,-0.08181076387400665,1.1801108793917938,0.9415863514746795,1.187990849597425,0.9457837765718901,1.5596744499513449,0.7930618425375494,0.41904928655495227
0.9714631886606713,1.4214543037216352,0.40919149192935644,0.4715345427234153,0.6410397516749597,0.8589704308603322,-0.15675866701963903,0.8086588737610929,1.2100496279826918,0.5336973626982069,1.6048833735441164,1.3487291368679815,1.0832601036882747,-0.12025473888155758,0.6884850391301585,-0.002608642959832319,0.5804744211915118,0.6158446914176756,0.7194594583114029,0.5073590516299227,0.9605304132013289,0.43731230851021985,-0.3495875670825601,0.5295480819359798,-0.5935990123140773,0.7525226323031837,0.07108138326551233,0.6271129802570019,1.186789439844946,0.039325576431306686,1.0279161038725904
0.5833052166569235,1.676317140581446,0.6163028479603083,0.37723234123576,1.1391389841715576,0.36920646958705455,0.5473857596039783,0.7598259512032827,1.4484948155374937,-0.19490827970966385,0.7778657679258912,0.8498230835479632,1.4006241602015814,0.7005892203945246,1.0165224553888133,0.5057305852919406,0.9485554548145387,0.35328398100433306,0.36254811803190734,0.39226011885909584,1.320452338226986,-0.9793809531510137,0.8156939089191466,0.6213647368609115,-0.25029541524649834,0.73050070642549,0.798607494322596,0.8402524184778017,-0.7961620824398306,1.196894629992526,0.12841962227411108
1.7098858936562988,0.7581750756770618,1.1233201175113345,0.5052783456910901,2.0217047154082755,0.7958714439104547,0.9795987999084699,1.4617780169771861,0.7038349975080134,0.4438235576202723,1.2033203139541222,0.8445960208746954,0.32855590395083173,-0.12107418890791144,1.1728387026292415,1.4191497142116094,0.33852527231357665,0.15219590012969553,0.6345215404435051,0.6149608420662575,1.0289021238113936,0.24364581280985065,1.3019416099451244,1.5876873110149272,0.5705678008883909,1.2004925269496483,0.03248296309419996,1.0830435733900596,1.053390153362375,0.945418564160246,0.4895064301813845
-0.7750584211087174,0.36602814350953955,0.3577553017439669,0.1644270151728257,0.6965618205390566,0.18414723484167222,0.0462372427335791,0.19622345786275686,1.0922624047562524,0.17775617579672748,0.22681228750681737,0.6037166609168056,0.6363431521772462,-1.1407080749924576,1.0449739698292029,-0.21609946674441427,0.01593979697197581,-0.16627106489110655,0.2940493360411614,-0.821087955695501,-0.43692277093168336,0.8613275841227727,-0.40282713441488405,0.6524612727399607,0.17783557099449007,-0.9350482879275847,0.256713721728329,-0.15023187669336763,-0.3494455012034806,-0.029369260326787133,0.055555067028926375
-0.7127539781139907,-0.05363462867050617,0.09386771868362437,-0.761656835942214,-0.010496150818119054,0.2523227108084872,-0.8825594187966959,-1.323543905977525,-0.9624043655752894,-0.6304452086480451,-0.7270067581722264,-1.7408430057607882,-0.5597299580206485,0.18676973982330936,-0.4907359813376802,-0.5755131461166672,-0.2912608893737176,-0.5383729835060987,-0.8673865906791274,-1.0801880404130824,-0.7741393237042458,-0.4565358461599597,-0.7322741904190898,-0.3745922504318179,-0.26684169377557404,-0.021853549874974065,0.2532971223373686,-0.2966564011459249,-0.9352941873983858,-0.39818299107278077,-0.1466053558413241
0.45209875555432916,-0.31338161559239563,0.5935129392993774,-0.13538871410786185,0.06438919506668431,-0.17227199302144805,0.14622334984028196,-0.6209415363022339,0.41184001729197106,0.9390466641095481,1.4127402961974547,0.33080535935320626,-0.9933884318901645,0.6087703186332004,-0.4624389199352269,-0.42338270340370043,-0.5619300607449922,-0.13119069038762457,-0.9355541335950454,0.0729262498157569,-0.9987957997676984,-1.0275662930897844,-0.9878657112280265,-0.1824204426607821,-0.8983026531928504,-1.2901828954214305,-0.943754892405446,-0.6800640135284212,-1.2759972445273506,-1.2811063112198007,0.33239045343614315
0.2621316757791944,0.5839919172687109,-0.26116445300067226,0.4294470072548486,0.6400510007983665,0.7699679949648769,1.1837672418936533,1.456696769851498,1.3064897968271176,1.007390516709403,0.772256778041073,1.1230708217417233,1.585565266595579,0.9088149050989958,-0.042428172148400334,1.1285357083063075,0.8226285400979745,1.3364392158985594,0.6604008736782009,0.22226941847773668,0.537121137041261,-0.13521476062002402,0.053599154989158126,1.0904508287198054,1.0265335216073668,0.7571394592605274,-0.2998072620734048,0.3662310150426574,-0.08274799524738141,1.1019665509591894,0.20542690783523077
-0.8757913246284886,-0.37055971962621465,-0.7559922960453802,0.2578553676123042,-0.8969078632431955,-1.6881159647611532,-0.6632794367900479,-0.9615769542666308,-1.4241117911088974,-0.1402587492873183,-0.4224905480001337,-0.10408115418673347,-0.4637034393858952,-1.2108304504770069,-0.3863129686375063,-0.6891625970725364,-1.1803427742422188,-0.43208604059605465,-1.088797447419464,-0.7331869127055444,0.07381957712958176,-0.9440177122903656,-1.3607273383940335,-1.0580351879325884,0.010732652718028812,-0.3110776968199602,-0.45253905142649836,-0.5902070130411384,-0.03872595104796031,-0.6501833681582975,-0.015803855223325808
-0.2341878577155161,0.84441737901446,0.5775845081723369,0.801342780576948,1.268175644591846,-0.1465716888137515,1.808546463555846,0.2835150735753953,0.24788618890901803,1.3239955998814228,0.5740808779299219,0.9944938580822242,1.2874831270398124,0.5710315386829008,-0.3475422424852612,0.28117117542334746,1.3766190933253446,0.7505703670279281,0.3316840280368699,0.9876776762527189,1.090511931747408,0.9520742862711622,0.10304637172114517,0.36222026794975803,0.5881033958118442,0.5550074905324588,0.9356042361260039,-0.46201781345420245,0.6969154763593957,0.3687092468469868,0.07803766642455529
0.8757036980360094,0.5102438608741918,0.35069538064682454,0.5731309926793635,0.9126493912022963,1.216605715321632,0.5392106734224175,0.9240515009461517,1.258656045891716,1.3549330405921887,0.7369090113849198,0.8486609129702612,0.1708378390361116,0.6409571297560326,1.0413312466039921,0.8097940549757594,0.2781582648760051,1.0312942017251678,0.6292259759733342,0.5182814038938337,0.46305584009708894,0.5996802913919139,0.39395566907169605,0.933300347762082,0.39249804036447145,1.3721193648711796,1.2933367501475206,0.09966105787184931,0.564604083797284,0.18837161339720937,0.3339641930222258
-0.036262562246728414,1.2157922191065635,0.4046413654997169,0.45927037395746295,0.07350111570272644,1.8263892322388733,0.9663859365878049,0.12183731963510319,1.0993230915770262,0.3499289301433498,1.1715241314372333,-1.0373508787237709,-0.09382140856453391,0.8538128060468185,-0.1850880211465994,-0.6830686544216872,0.1968798470979135,1.3170758078450782,0.5845525944340211,1.2473831880781427,0.5632395779816767,0.6054686557116647,1.0483221931316367,0.2193787633596114,-0.09344718755401853,0.48591432767755055,0.6659692426811683,-0.3313805469530454,-0.482496514248625,-0.082419790697349,0.23398775771136135
0.21289885213992676,0.621752281005168,1.6228179574512516,0.8316398989590146,0.8586760162674135,0.09026014372717339,1.184520868276929,1.6141223571988332,0.6149757866657938,1.2019509864475477,0.27531568984522853,0.9455820040758823,1.1449749120401096,1.2982301414769095,0.6866344026045504,0.5297825327076017,1.141529090815483,0.7832925265387464,0.8909756475825327,0.8680110667529214,-0.15843474675512392,0.06906629541145637,0.6691652114464366,-0.23941071005978387,1.0057453659724396,1.01141530000156,0.7243167748457251,-0.015134203579859395,1.2198214185169012,1.5323052439244855,0.5708263883395185
-0.10782448793940869,0.5426753373647044,1.2477070403842867,1.425577553695947,1.389376451043141,0.2130780648363768,1.0346229924458215,1.099679223093746,0.9774895525153156,-0.23489604409875697,0.3328831460089476,0.9967078933672788,1.1293452567860578,0.8098886464148068,0.7627904110626936,0.8573677801776316,0.7233522650449926,0.5453637280439652,0.7087824065628112,0.8985528191615401,0.7776554525928128,0.8215404340144699,1.2892554222132682,0.7368107911340941,0.265640554135983,1.0174407098545735,-0.12236767042762886,0.004726112429458085,0.6976755814426785,0.7718982579585961,-0.12523763713546598
0.7417143267733356,0.9068042101145285,0.31056899662763693,0.8776132626978941,0.5836029898706718,1.1569843945551832,0.01745178069087261,1.0645173494518587,1.1196478166915649,0.33231375524450435,0.3561612078844472,0.8941169012831754,0.6692640795777017,0.9545431153697264,0.4664992973072846,1.1138967459475027,1.5321407229851136,0.8759323091382176,0.1242623563647367,0.5943109481243022,0.08465601603796602,0.9525549718233168,-0.057750709811541845,0.4541644363467004,0.08797090122560858,0.6390496594249699,0.3775606598379512,0.6338138544242335,0.5409272265658267,0.020370410203251532,0.8107265063810425
1.7240545520527761,1.0697286404102238,1.329962878353745,0.6357213605968771,0.802663364915908,1.596420311948086,1.1509241596112503,0.7405433313274736,1.4660722646792377,-0.3238537351198162,0.055208187697244004,0.7601529741786276,1.048448401046897,0.7699656464897577,0.31315627138554625,1.1981422185359683,1.3007587369869653,1.6863252749370052,0.7901859157927639,0.7932126731654919,-0.11766847394314173,0.3654215242726305,0.5213534545343691,1.129388605898978,0.2846392523277472,0.9738073267319052,0.55992063992514,0.4568487452417207,0.6541989336492721,0.3181217379388856,0.28276935057019875
-0.795803191560895,-0.1167519051616306,-0.282150991899733,-0.3493887202714807,0.06815556125677508,-0.12015986996738384,0.21472308614193125,-0.040851724484133156,-0.5205556652228802,-0.6474279934345885,-0.3009745278520679,0.16414904397404906,0.025106875238906867,-0.8747470691847372,-0.32853392572929274,-0.24447026301745706,-0.7668108963308843,-1.3799977321908878,-1.2676973813012,-0.6442254534573876,-0.6187657108412171,-1.345542144210448,-0.7772051585307695,-0.4841163040613584,-1.3725304323321283,-0.23856794782826796,-0.9709647043466147,-0.14154210867438832,-1.0222865700255332,-1.2512033157423068,-0.9464752279881774
0.6422365982757232,1.4440320831958462,0.5617104950257059,0.6379237771259414,0.7204275881401582,0.9149072792256758,0.33807467763518745,0.2874830908923943,0.8514642774073303,0.8658869950560909,0.2876060783120172,0.3305618560079735,0.7199813073259091,1.284328617839014,0.11350432629203913,0.9479523253387537,0.22359574063179516,-0.24193233484893695,0.4614335405287678,-0.05014457253654203,-0.4901526035922907,-0.35465766960275635,0.9283038264704344,0.22285174451322934,0.05404650092569306,-0.1553612985394786,0.08512354517962521,0.048719747404306096,0.02437244102505269,-0.0944252617739126,0.252637493398305
0.8115521730003655,0.310750321772334,0.49266770910898083,-0.19203051275575045,1.8089283169951096,0.3748959790869403,0.6453832602573238,0.46369098019156657,1.5486783556021253,0.06219701088466023,0.8235634678600705,1.1665181114066223,0.693686961622467,-0.14134255305393084,0.23427657291047904,1.4180234726923393,-0.1792291870947902,0.2794367599127036,0.3917902171498222,0.46544158203529706,1.0139805901964043,0.5443550160611492,0.825795854397898,0.2913423078949122,0.7051019870815306,0.9645361322963464,0.1945817235382858,0.936111862702359,0.5559383334464282,1.036430044306433,0.39657802457804475
0.3929233717011983,0.21711873956600913,0.06872793695480361,0.8914497222054839,1.0817554648637815,0.7309406793478699,0.20780745712369186,0.44109181828289185,1.3535790693960297,0.529821310720084,0.8380342537914189,0.9213903187815826,0.5168492946452755,1.2611182421616687,0.47250470859469174,0.42537683441186175,-0.019233163251155982,0.2508269128390472,0.7672453579019808,0.8188868788566936,0.7181917099401016,0.4802606978625251,1.084427794398168,0.6359997820412691,0.9417667284205354,-0.3112502492437703,-1.4004686274023412,0.6873268167181417,-0.18263087777810083,0.4074740727087787,0.3462394541042287
0.46078283197005454,-0.18545952571512367,-0.3529855542287379,-0.06552101017271239,-0.34525362105658075,-0.0759212417551155,-1.2027612495274773,-0.5189883035708864,-1.4834443849211896,-0.6329000511572134,-0.6596183008282899,-1.5687312229930566,-1.095415044012108,-0.38806128643071874,-0.7051512151956855,-1.0694456551035818,-0.13457336869613667,-0.7618144209758957,-0.5233681577802527,-0.7397877497969448,-1.2411952536887907,-0.14669538134779436,-0.32261651759135496,0.6210568266860614,-0.9942074504510554,-0.027156804909824694,-1.0438723451006222,-0.25698682654881483,0.20684738970702693,-1.2616985007114292,-0.2711028766654277
1.2339027297712228,0.9134222790444637,0.3539567690888441,0.31708905486666056,0.9225836025096312,0.985871857774351,0.26900670515254643,1.1074630316908263,0.9903602334657724,0.23680238992503555,0.37416495330055305,0.6358450284791197,1.5402652263030432,0.988326523306075,0.7152548816866752,0.33673979781132113,0.2341893359325356,1.0302430745174052,1.0907733425626185,0.958147864518382,1.401576805305683,0.3602406068360421,1.4550298745732406,0.153768270483724,0.0837970326883154,-0.30434212421713613,0.3378338414934215,0.29357163438437484,0.7927205892099691,0.6356453948755322,-0.09919871089303689
-0.5292805884506226,-0.5711888127307696,-1.3239061911090206,-0.9744899509962339,-0.9149092297831448,-0.5159338489037191,-0.3168018086095904,-1.4299296459122735,-0.112552246346038,-0.08432094840316451,-1.7552856052870678,-0.5383614897644116,-0.4727772293161106,-1.1386498649614016,-1.0939942713870083,-0.17544721532691077,-1.1426149513783672,-0.23564957521472463,-1.1018840420259333,-1.1060071916571474,-0.24035518689230156,-0.15263240538148432,-0.14852774147627595,-1.1896602961066036,-0.7193922496618081,-0.026948969508404252,-0.36732944180017424,-0.8725065334840858,-0.05224693526183449,-0.5830345721589208,0.7286257846514821
0.27336056657042695,-0.10406226511011225,-0.883151310818075,0.14762068199920075,-0.8600850354376587,-0.11700765945202057,0.15980403176471647,0.56220970583411,-1.05536573327033,-0.4422367786089232,-0.5955532937575998,-0.42693872407489064,-0.746752768599451,-0.8244616602365804,-0.17011203698492294,-0.2550708984722845,-0.8900700481529678,-1.0814041403238446,-1.3073867264930183,-0.601083418746765,-1.3097751128175072,0.12812907699001952,-1.4533112545221256,-0.662898422940999,-0.0134897499716633,-0.4915216690985707,-0.6943622738208125,-1.2545904884436616,-1.446444941421435,-0.3528655198414244,0.03566688732015566
-0.3965171612289354,-0.14905026722301062,-1.7971421381240438,-0.4009462809503839,-1.1043731421600467,-1.1298238053014769,-1.075627533546131,-0.8174257025343017,-1.2358242226546317,-0.9726392032828883,-1.3528010059864122,-0.277265750057487,-1.4429958024971659,-0.8887429435217824,-1.1027757921224586,-0.6609174367241564,-0.19812696144418895,-1.320717456642166,-0.7861219218612089,-1.548440882892369,-0.8462529979050032,-0.596498252116255,-1.001545030735136,-0.7602575089101489,-1.1905301447795078,-0.39990395981931814,0.1397467623594532,-0.8842320452705854,-0.5927417881007468,0.025642180563905187,0.4374087201167443
-0.8139880833329063,-0.38534582818903285,-0.48347750640480913,-1.1900543906473644,-0.44675663240953,-1.1758299920152868,-0.011644520158960558,-1.4606973099026397,0.3490025843324428,-0.9405021951569528,-0.6833046233013089,-0.817312309506821,-0.6807303672261058,-0.842483551767538,-1.2685860001283444,-0.7586329135588921,0.013282315450621196,-0.9993010014963932,-0.9284453525385978,-0.2743964631106238,-1.4611399770656903,-1.2203322744617542,-0.025490224181021315,-1.1177285566091304,-1.3959422682770566,0.4958203285264805,-1.0850091860192244,-0.24360041122126885,-0.24686330846241977,-1.6309451009722273,-0.30229515112852823
0.8492755383543222,0.8737184181461783,0.5394254809284569,1.2942461832648817,-0.3094114235452492,0.8204186061106566,0.8042497228321608,1.2303594659127528,1.1306254954319317,0.36549789045686265,1.1342172624887559,0.8996635954080145,1.3134796471234764,0.9890922480566082,0.1609005668212648,0.4253194745801051,-0.31654212312434804,-0.18483638696977256,-0.4132870013004776,-0.07802147884439642,0.10805632584319538,0.22853627461817155,-0.23897046844785683,0.5653889868860899,-0.10393615579556138,-0.42427564726621514,0.05219525774194407,0.8903781911749671,0.04586831018894856,-0.33327562059959265,-0.9454923538138217
0.37490112709267215,-0.0194030899986134,0.6690807936547799,1.403192585805321,0.5427961541471499,1.2257934387436271,1.3205804641835237,0.7378436836603884,1.119762176940013,0.2336583225811515,1.4553126054133878,1.0137066916464277,-0.2964742351865858,0.4586467540748946,0.5096161832989602,0.9950135866501086,0.3372456846384508,0.6956805329982819,0.22122008372202567,0.5649646905356818,0.3666211379275063,1.2185081249583622,1.6759005199531731,-0.11136533685707561,-0.3714683287323143,0.45305110593179615,-0.19847635100751104,0.5685386046345603,0.9042200059856073,1.2607708726987192,0.597985253974172
-0.33465789352431485,-0.45797464795113835,-0.49675941047170924,-0.279968558204577,-0.9811489698656547,-0.39493298603265503,-0.8078023176473799,0.11984209860679007,0.06854852993284954,-0.2684243023183066,-2.2653915069986508,-0.3888650150361997,0.20823286277126662,-0.1806702038510214,-0.3559763157742475,0.22302538930935278,-0.648816503618662,-1.5221750961379965,-0.8647784558600604,-0.487220785716987,-0.6122087038781293,-1.236881577465006,-1.3897665224550926,-0.9023429263149478,-0.0825469826337073,0.35172661990141973,0.07018344480672906,0.19305353317171442,-0.3218136914063342,-1.0966721715161676,-0.39624692998597644
0.7251820278741038,0.13123076047837623,0.7926961854382327,0.6333183626438258,0.7704794595456802,0.8787802495466787,0.38897609288297186,0.4264692620214993,1.074970342871951,1.4214822385168366,0.907284448826206,1.0579676577204178,1.455223782163575,-0.23703320108922965,1.2122257038339235,0.2581008624289681,0.2650920607072722,0.3151530294239638,0.42727816857380774,0.7775585362693733,1.076755083727467,1.1717857037261112,0.19898296095378448,0.18187733040930903,1.2480507343806733,0.8990092845668112,0.6021639193413281,0.7821011405765852,0.5148500581569235,0.775992265589114,0.3292546263636611
0.2172792368894716,1.535050734874798,0.13623846858319444,1.470530545920346,1.3881012746935837,0.44304792290318357,0.9575311245443245,0.1434436505194745,1.2328582674319413,0.7351432022519903,0.5616653311573383,-0.485654263262443,0.2264211469669365,1.29416098308024,0.6356932533246179,1.6037693934903086,1.3529857624941681,0.19338062570456155,-0.3031485916771325,1.8360642592919545,1.7784135639735088,0.7253540230564843,-0.01734963125323541,1.08584209670777,0.5361479713662567,0.5191467553041837,1.0079609199593946,0.7126201762357509,-0.0631555064248287,0.35132895652431984,0.8278644389472047
0.1293701363816312,1.0689713178681752,1.5760203753649278,1.482369384970295,1.162732685378747,0.8166233628910696,1.1003571698727264,0.44174143413219324,0.9235374779929229,1.4369027150053868,0.4716137327072354,0.8018432655639136,0.6323604736228147,1.0623357458089968,1.5795774896834986,1.3278023475420433,0.30805882086729736,-0.2184432396793562,0.7870742722160045,0.5289531367349609,0.08911307419226677,-0.209561221015789,0.613714097901947,1.092147275572709,0.8826165609157839,0.6039906412771218,0.8001552850156975,0.5318257366101732,-0.1851101724325417,-0.19674706854641488,0.3957037101241921
0.7196733568169629,1.2252110788020358,1.1775312664467885,1.1000453418685803,0.6553784024353231,0.9959667951845708,1.048890341586958,-0.4121365139440596,0.36023565662373547,0.4266084043231767,0.8255005390123991,0.734031511639745,0.6404241053083182,0.6581871495049227,0.40086515484880275,0.8909686747190921,0.976034749317033,0.29423915254998606,1.428456742050093,0.4989564060208782,1.4090105700420625,0.31006363792604136,-0.39539439676204235,0.805327742216976,0.7144123669320555,0.5928342145112805,0.23961525918483534,0.5281466900561922,0.27412222014788024,0.36252514089943144,0.918104102499069
-0.16478599364476618,-0.24043890065997595,-0.2389197815405703,-0.18597584042330584,-1.0045546990489247,-0.4134993658784639,-0.9630022224065597,-1.465849420021653,-0.22398734558229316,-0.03732102666406212,0.022467323134575,-0.4732782282857155,-0.11003734440424628,-1.1201103947295077,-0.6576056237928327,-0.6809899706198995,-0.10896551793376408,-0.6242979428281632,-1.4530375355861982,0.043769730748655644,-1.1234178665499641,0.012928510736664456,-0.6193541505777641,0.05624390060132012,0.08096754680759971,-0.2233717783523794,-0.13383270326855629,-0.12434580178907068,-1.2883182829650943,-0.16646583321408462,-0.7266687275805712
0.5178354165673433,-0.17341443487822616,-0.22959907347257558,1.129257203584277,0.8246098976434337,0.30638338802418186,0.05124733680292878,0.4209119023099541,-0.24162496778050904,0.553459892768141,-0.10990755826458147,-0.05244020180296574,-0.3986490103992252,0.0217443302286478,0.013789603949807744,-0.6558055084851165,-0.39820519788529957,-0.13819279658365935,-0.6218055611705895,-0.20572585197088467,-0.19310146347840673,0.03909198996896068,-0.8360158400663152,-1.0335580815340806,-0.7437036672148686,-1.100061173011396,-0.3586657904137984,-1.2449184782763834,0.48099720643118626,-0.05730182591575361,-0.7169698288134919
0.13983118309198345,-0.42515599287967376,-0.2933976965783935,-0.6372143010328091,-0.08013902746927831,-0.6794598268328368,-0.25488977923177425,-0.09412804775553463,-0.9715391333663757,0.24497001106273053,-0.5994922748679465,-0.6017182519771828,-0.9864710633269307,-0.5823682561262021,-0.7581668957693646,-0.27900586569968716,-1.335157556383281,-1.2904422718014292,-0.5273678312787461,0.11922853818027945,-0.8259490445961117,-0.26311443303330984,-0.037562621425830445,-0.12441937335049857,-0.6420209052126236,-0.9839666241071022,-1.491874144917799,-0.4670803601165503,0.307637779456532,-0.7877139350441528,0.18146828421475897
-0.22363302480085606,0.4489462384634257,-1.2002090587599077,0.29457672869882967,-0.49179785001376725,0.22630018692229292,-0.3675055515805537,-0.48042775260638715,-0.5885138949518747,-0.9766110474123993,-0.7703576839699511,-0.8085277259849077,-1.96293680461275,-0.5848827159340163,-0.9634056091978191,-1.4908184425405875,0.2075411255028763,-0.7874435548427315,-0.7839702223385842,-1.1648916904751665,-0.6376793048392776,0.07987935075134756,-0.05627460514158611,-0.1045427164272551,-0.21321728479214697,-0.6177145292913699,-1.1131819456004726,-0.43617949631867114,-0.399341637091394,0.29876627717243476,-0.013941418314713655
0.8456359490837867,0.7429288054332591,0.07518848782787002,1.7665262836856757,0.32475279884004177,0.6835012852733752,0.3055697782006205,0.7562728220146478,1.121286674195951,1.2697870432847362,1.1736907992615218,0.7778947098828581,0.9496311009335597,-0.14113182669724955,-0.008291961909774215,0.49867741211132843,0.5980458464240532,0.2946945779937278,0.3531516781137259,1.7933039143135225,1.114102602455431,-0.14347399773207614,1.3700009418802903,1.200849967331516,0.4495335832284176,0.7289857878724078,0.5532594586962929,1.5317227550225678,0.1316068545865987,0.5867052289531701,0.28321530912012927
0.3828769833693416,-0.7468479299091737,-0.3390800584539899,-0.1628774591540334,-0.8023094926404765,-0.5300313937363127,-1.3818452744027407,-0.4510312393483885,-1.259730695988552,-0.2652705540841873,-1.091718659281699,-0.10010481954887929,-0.5467806328207792,-1.3391394595050632,-1.0949551351762996,-0.5948865735914831,-1.1786450251391996,-1.3196645669061113,-0.5702563033095722,-0.7731236183037863,0.4289554476599605,-0.5952987661037532,0.33289370399253426,-1.1169533910497031,-1.2730232304066365,-0.9984858317728322,0.20646452864461157,0.5423906844614133,-0.6724956318008724,-0.4559139575429645,-0.7531270946508737
0.18853400850917323,-0.7200821757862663,0.013251270520741494,-0.8046301813088135,0.038886065560215594,-1.162050539433841,0.1262898491371932,-0.6020519149967071,-0.8669566071361796,0.21942295996037559,-0.29357253757128365,-0.6178941457021152,0.7693346997188606,-0.9062674962110502,-0.6947258482381342,-0.47253062449579886,-0.5774906991876291,-1.2786473130962444,-1.2293388317457616,-0.7928910321595909,-0.6150045929293991,-2.031534098932956,-0.27292923771350397,-1.0469774694547387,-1.4627908457776444,-0.32053327300450984,-0.7940081197759303,-0.1622657765715867,-0.5365842156477054,-0.7386478257742404,-0.7937717055573956
0.9812254343128055,0.7922570533271733,0.5081576113880364,-0.1842004876436546,0.5078654547730168,1.0229646007908606,1.2409493833027208,1.251414750824753,1.1558811179789767,0.7053727252938806,0.5053476557127325,-0.0006506622488100522,1.2416184257387433,0.6504063663087996,0.3071119940270242,0.7224471969397395,1.224217360556692,0.5055533528148639,-0.45813006335025386,0.5616669621624426,0.5658208080951843,0.5186671093740821,0.3041639082998244,0.7129483701237216,0.6232103719470626,0.5632221597941655,0.767052179128313,0.3305163912251749,0.2864591142323173,1.2037615688580066,0.7769656794742495
0.49318848705189,-0.19863668583298688,0.3188851219287265,0.9745770301498451,0.8881370063757552,0.6816537367551888,-0.3672949920746157,0.36769881031991375,0.1908369956136831,0.17873885785320415,0.7840709546303304,0.13187947894839036,-0.6353162149417784,0.23455860444103888,0.3663914170521477,0.3223207783976112,0.16872361048993995,1.0477518313583563,0.4306948892944551,-0.7676442487972204,-0.5104033889646676,0.11933298853148558,-0.4036411249372005,-1.453437081429428,0.6749396301162932,0.3296975778192483,0.19953756086611169,-0.3950597483323985,0.09212641242635446,-0.5040279690232299,-0.0793330256456243
1.1060784034777758,0.35028283410998856,-0.6780325881408973,0.5359266805468574,0.3622344817611652,2.43279308349248,1.1338886937650017,2.1501092969865274,1.061789597584791,0.45719247423376713,0.9402834775111226,1.6678800942126846,0.4580228914632749,0.8643537331234362,1.1326919942278564,0.7208346814901843,0.3567914078412848,0.8596136032514368,0.8768662097231537,0.6968290456667128,0.7332753203117586,0.5442197996071576,1.1158719556508783,0.9723425523433639,0.09858824080048728,0.07034201527819173,0.433544289893549,0.9138513648516913,0.6037806560280512,0.1921247190039791,0.6280472729794466
0.6345947402388641,1.239962969660719,0.9654083720929386,0.6398397402630338,0.9112791449971442,0.50511618837837,0.9876341757794543,0.7468990470617854,0.9908965918461166,0.4448531222222596,0.8214931550303688,0.2845953054290115,0.08098902382227358,0.09203410303030457,1.0180193258284738,0.5519872820604108,0.9996280866767029,0.8878776578869523,0.47535720406032816,0.7517189956194557,0.6974904230125664,0.5190067470677499,0.5124771322103853,1.7219425471392809,0.9947952663382122,1.8159627756135603,0.31224993194657935,0.5029495043550279,-0.1363109335556798,0.10891652302052052,1.4482445489477822
0.99301230935428,1.0715468036889568,1.5998285503544056,0.40332420160162397,0.3604381800839624,0.6431478083561157,1.2368615754869596,0.47624528619842366,1.849127159186891,0.6438381751253629,0.8398215805949587,0.896708968639705,-0.24396832194153317,1.0846108627803592,1.4000033940503966,0.7812160135808858,0.972391714714601,0.9006889467778105,0.23548705647414492,-0.5397338150361675,0.8173979065860227,0.5548773856868834,0.3345591950569554,0.9862015116185334,0.5676800452953452,-0.0839602095264107,-0.4049946461412808,-0.019048829767481013,1.7262580964660372,0.8750883110316932,0.5915941456040374
0.7091695364070977,0.6760232695749355,1.3824771462389625,0.55218096303739,1.0839799643160597,1.76000954256909,1.1574499387450257,1.4049076246365961,0.48519986257094744,1.3012036493038357,0.6100367257533356,1.5706226313617944,0.2243040471066049,0.8393857509264869,0.9803598722825465,1.7440670048362168,0.04301749235121877,1.40899082192889,1.27566949683739,1.606701524543745,-0.15019579121012794,0.19671148089698787,1.3638660211184956,-0.33429074755435406,-0.2130896361476451,0.3314834235017431,0.6567283927179638,1.341545339623489,0.4371189916174648,0.2095803500330371,0.6529829434647451
-0.026051165846467383,0.4184082813308933,1.522290574615182,0.9194719279879291,0.8914807614919701,0.9131052031258082,0.4322126042760826,0.641090688856609,0.20968859539978246,1.400104113027973,1.0536062972190385,1.3595907603267505,0.5385861850210483,0.265385459269342,0.2839771464878724,1.2669833948495208,0.6064136119967654,0.754545672566525,0.6212138859298875,1.0576209159607517,0.31002656099963716,-0.4670959059797065,0.8533289212253659,1.0981460404147971,0.8133269367518297,0.255522069123482,-0.006774550686204472,0.7926815686892623,0.6004914255499807,0.45080361023614185,1.4085196461134268
0.8506635884302342,1.1481850570300323,-0.4105085789752956,0.8530230096415222,0.27305724166278766,0.7163535740431286,0.8017797290897889,0.029593280167881653,1.2858201944214924,1.0857996531570293,1.0447993796209325,0.36627887358300015,0.8574913027077671,0.39051268014976104,-0.36009861950121946,1.5993116871454218,0.9102263490192313,0.7629449598781518,1.660749961877249,-0.5117196796588153,0.23626220074972842,0.4305406389681485,1.0470701080403704,1.0420570113749186,0.15713645988124875,1.0746144779287639,0.3590741147459763,1.151252615623685,0.013430600021615002,0.4520441245322264,0.25220431692825124
0.302930926523565,-0.4604409477723574,-0.9936250693931774,0.16654833859973706,-0.7943915404914593,-1.509758084549671,-0.362244659001192,-1.4913382096137782,-1.0847888916989024,-0.44075358265768155,-0.39515249551056864,-0.8533209397683694,-1.2312687192882783,-1.073600893623382,-1.0461270802626659,-1.5063898218666507,-0.19061579040469623,-0.4810265275133989,-0.3145953199338887,-0.03698092310027412,-1.0622589338367665,-0.7927978358993045,-1.5216498936487086,1.0384498630535854,-0.5612094182844709,0.08092068444739109,-1.007180934249851,0.16253410243615118,0.6473895335002775,-0.25577131717717644,-0.6740773878394244
-0.43244736999761385,0.04341295630976042,0.3552201004047981,-1.6385428501426358,-0.363893149877007,-0.3344039311614309,0.4455664040308966,-0.890583249860758,-0.6836071920426736,-1.3739343637316226,0.2977576794010816,-0.7539775535600535,-0.5967209883864979,-0.2858926517159906,0.659899278590366,-0.9465777119543937,-1.0155503486771844,-0.949365882185034,-1.5191476554933234,-0.7606101068713017,-0.3981444474489312,-1.1028842578048734,-1.203179992117461,-0.04175590940013307,-1.510158681889139,-1.824975736969126,-1.3586501018903934,-1.540565023524862,-0.5624473150852922,-0.918242824525004,-0.8272502555792376
-0.10250059742917911,-0.12578314927785927,-0.7425018462686436,-0.33395323524897175,0.07360350213706054,-1.0085677065922545,1.1540568399221507,-0.19554375479722558,-0.31718050526672165,-0.9649630321109217,-0.32703256524985347,-1.4790348158994033,-1.105607367238349,-0.20654755709418016,-0.4804601256666554,-0.7918326516614581,-0.7781450602555123,-0.2074968921668967,0.06315945141133028,-0.1299938638842839,-1.3230600382457993,-0.8296819026508785,-0.6607276217372577,-0.9295674643010144,-0.6029883318707585,-0.38077814289600154,-0.28079425408913194,0.07258641114804776,-0.9202808995000005,-1.4199071567198742,-0.5382894360600912
0.6089880463546872,-0.6239457321639564,-0.09249157909621453,-0.13614369125322784,-0.43378139080379563,-1.0733738097430916,-1.788717221793629,-1.2365372506696821,-0.9048115624088835,-0.18616063620385748,-0.8076771528904425,-1.2317369972488819,-0.4665685418304616,-0.12022391650248809,-0.49222889098520245,-0.9498736024797529,0.2165582416370727,-0.17508457814131928,-1.4797996149698518,-0.709988847008341,-0.468103279733389,-0.9946798258984026,-1.7288347205620274,-0.4823495694893173,-0.8802958894360025,-0.830364135052407,-0.5654405420475006,-0.40249806771275953,-0.2859473018723986,-0.6676258921241864,-0.27874140436166245
-0.4417450298067721,-0.5427079988620269,-0.32008009811871085,-0.8603762084410832,0.20855502280678206,-0.38922174854383385,-0.32682568364504827,-1.0604377777543565,-1.221526710491943,-0.22628487283013277,-1.251543498723112,-0.3425897950422936,-0.7776008393156896,-1.697974333532343,-1.0603091202544201,-0.6461443548946845,-0.44455547430572856,0.24449232154680178,-1.5410820805553376,-0.26921748094573245,-0.2781476490388697,-0.682183049822351,-0.18059586244949188,-0.06462458317925973,-1.177398153119285,0.4364399874303502,-1.1674814886511924,-0.9033182510047402,-0.4122997416366035,0.7368393139303425,-0.32276495442131703
0.43784592129246136,-0.7435833904502336,0.48652189692758807,0.7075052647377724,-0.1838252439278905,-0.3637489581647122,-1.109868424615743,0.649475920214021,0.0945279485929675,0.8554272596866537,0.44529695819556253,-0.10488704109759142,0.18001309994866635,0.34084486385827806,0.3323243751851318,-0.794716438473873,-0.365322096018279,-0.2662657077332787,-1.0046445810495295,-1.1062471744575282,-0.24710774556756296,-0.7057173238634031,-0.6159412698548603,-0.7420167942692549,0.1703854784486093,0.014695576959654066,-1.2595917374571308,-0.9304394347284012,-0.26050886871036133,-0.40429763815100783,-0.7439866947785418
0.2311998975178824,0.45844971647188054,0.5404953707862701,0.935975999548656,1.6473833363225323,0.27691360287393874,0.7320124465419022,1.2979987075518127,0.05396326653471517,1.4989526684575987,0.6803097573928462,-0.04699584732901452,1.098951962195128,0.6521762876530193,0.2699518113764596,0.4576443312548072,0.6401868823322451,0.3447719644247502,-0.09895378630203999,2.020507002390206,-0.03778436552497488,0.7218567283131125,-0.26811942267434574,-0.39429488854818706,0.6390530602986956,0.6628211107416406,1.191480993808022,0.7452062233069545,0.4548465897097484,0.03889980203280463,1.2467940087333058
-0.3600878897560388,-0.7995278709933753,-0.7816957689749611,-0.34822548741275305,-0.02485493658619553,-0.8991883049760805,-1.0135166722468627,-1.8913017732763069,-0.6388035926942796,-0.2675131070009648,-0.24779151805681365,-1.412093300532238,-0.7841686822893593,-0.384765656434557,-0.6506514229275564,-1.143604760673219,-0.8670789161442799,0.08124293178166908,-0.8094535674013029,-1.315862068391991,-0.9843305441890556,-1.0826905199959138,-0.3956514170069678,-0.9797350937919225,-0.35089963419516057,-0.8064758747803898,-1.4497896312812355,-0.1823502168943926,-0.20717406405111088,0.03324796519123466,-0.505130249127252
0.29326035302673403,-0.10117081734165043,-0.3097897707955673,-0.1980465134129799,0.8777404463818109,-0.7567597314304412,0.008732275495176633,-0.40039502211079403,-1.0806445357532954,0.6997483170238346,-0.633625119028815,-0.45485543358765135,0.2945787373732788,-1.4438832291906505,0.379593252708636,-1.331621987021593,-1.0440704063955373,-0.6495451410982342,-0.10282723535847338,-0.9502101328251251,-0.3765526018371741,-1.5138868710167002,-1.5213491487729327,-1.0411288268897247,-0.07790274264192532,-0.7566292289735906,-0.6372935322833926,-0.6313088671759504,-0.20095635584421778,-1.0430009205691444,-0.37326417882320145
0.9257939589994224,1.3252806134276527,0.3842996933167148,1.0187600485005093,1.231196596839422,0.7187883804289847,0.9367898732770794,0.384063464523306,0.3378281503682938,0.7046132920887376,1.1671452969025269,0.3223924314588941,1.0717755180426576,0.3197919971905325,0.5367858963585259,1.0289152305028628,0.6896975313347518,0.4711953858171267,0.47325562598335513,0.7106495826723007,0.10969901522086767,0.4570735522411944,0.510109760857791,-0.07130839946494838,0.17091568892377434,0.7808907126006797,0.5654874183773271,0.39105190720241023,0.07403823031366213,1.3021248368599152,0.07829836727687234
0.15929639656303773,0.6117683975093162,0.2543857808534999,-0.5924527779138284,-0.46532784769257274,-0.5379760395328514,0.4814049087723476,-1.2891392568109437,-0.04506800049064086,-1.062151538041624,-0.938011389961025,-0.8093003251211329,0.1848861785384659,-0.47159844469876366,-0.15546899099852152,-0.6619317568503104,0.2825025991610842,-0.3422043436643223,-0.4269029395321103,-1.1822315642002397,-0.4761792577427195,-0.6878068186910089,-0.5395754626398921,-1.1420212921179154,-0.732867661399063,-1.1994972988379542,-1.8557651800497181,-0.2711963806735221,-1.5067548379823417,-0.6842973419090093,-0.5509056683427977
2.093635727922655,-0.18838829264650248,0.6983252569147018,1.0036191330608557,0.4874696823542716,0.35656489132140223,0.8632295150641944,0.5210932650456035,1.3871202913924532,0.4339533415023219,0.5903885403074229,0.2390794665056334,0.7800666038666006,-0.17350528656951414,0.9114233198275433,0.4286484885202804,0.9370266360453177,0.38995505703919037,1.0795577306497497,0.7640885234849348,0.8617593141060337,1.251610024211109,0.7778060228447082,1.3736524749954724,1.0457709558914736,0.3139111019402606,1.2073055359174658,0.6773658132505744,0.3324120947523921,0.652892771725748,1.053451386811663
1.0461200617144326,0.40992437341448307,1.0353982081511433,1.0973659658932626,0.5551078940781627,0.4924970846911261,0.5266911142714208,-0.06224724480974175,0.715036195296272,0.6481746302616522,0.706802990670547,0.7991414215695873,0.318554393976464,0.4825127483146004,0.03454034489635077,-0.7518346951402451,0.6794464854382436,-0.09853949288563446,-0.19293318975370227,0.28296342951663467,-0.6227637730888148,-0.31628255193778254,-0.36328697399737114,-0.0799519954040492,-0.4019023708809225,0.7701449121861788,0.8375573823692029,-1.1023949869709726,0.15044937930425778,0.27748391262599825,0.08973092544108288
-0.6619742157835612,-0.5075055832661977,-0.810052395016922,-0.6941486030689635,-1.1344849288096883,-1.3630600625349303,-0.747953462697409,-1.3049027418875498,-0.606251306957332,-1.0745817603866563,-0.6108229477774859,0.0084791917801873,-2.058973750595447,-1.216499546654682,-0.5651398316736955,-1.265082684457975,-0.69191527147921,-0.6936157033355981,-0.5222388026424429,-0.46035572196464725,-0.4803552795059769,-0.5167729360695463,-0.5463628231944192,-0.19938004713535173,-1.6060780939078954,0.33372347797555235,-1.4903413875222835,-0.8752410188375996,-0.39478630314962765,0.11067550288173542,-1.6662700849444319
0.7859378380290828,1.1959172592565206,1.2961382125736534,0.4488140047403763,0.6451021154963974,0.5935938998885165,0.27039240959165634,0.33750313605932436,0.9945932109292508,0.8379432796564956,1.0121186922459176,1.105268096625863,1.1847985745623117,-0.1330964246592653,0.6046697031371221,0.3658896675231594,1.1464952705155018,1.6695223117579547,0.7612176718324377,0.6984276458410082,1.0686458856959478,-0.301792652759875,0.6321289617568806,1.0937467424945588,0.2685628157720059,-0.03764297309349374,0.4678286933569409,0.5150900861981413,0.07542580812491467,1.561780562090782,0.2579397841125587
0.37223868405760885,-0.6522304708789538,0.45604423567566815,-0.4861426358495203,0.7651924442184243,-0.3235628317181844,0.05206553500143907,-0.04179522243376299,-0.45429345478508715,-0.8054421396371289,-0.49904677171819506,-0.7101774168401088,-1.3496252223341991,-1.6898433197579412,-0.16416479552860086,-0.8149926289206713,0.11640097627998347,-1.0205905195222185,-1.6699643367515007,-1.7732442325091862,-1.2402479663617667,-0.2052882227541783,-0.8916340515912962,-0.30128227106888217,0.3367249311662058,-0.988491746798968,-0.14885049618417664,-0.06617857405749256,-0.711774899061107,0.45147451995935584,-0.3124901673193621
