-0.022,-0.022,-0.022,-0.016,-0.016,-0.016,-0.016,-0.016,-0.016,-0.016,-0.029,0.39,0.39,0.39,0.41,0.41,0.415,-0.067,0.277,0.423,0.423,0.423,-0.051,-0.051,-0.051,-0.051,0.443,0.443,1.05,-0.509,-0.5,0.457,-0.505,-0.516,-0.044,0.877,1.64,0.449,-0.518,1.18,-0.507,-0.432,-0.357,3.66,-0.504,-0.514,0.355,-0.2,0.052,0.052,-0.053,0.436,0.436,-0.498,-0.541,-0.541,0.748,0.308,-0.412,-0.412,0.449,0.447,-0.051,-0.051,-0.441,0.44,1.39,-0.512,0.112,0.112,0.112,0.112,0.112,0.112
-0.364,-0.364,0.123,0.335,-0.476,-0.476,-0.462,-0.462,-0.462,-0.462,3.66,-0.511,-0.933,-0.933,-0.496,-0.496,-0.476,-0.146,1.52,0.309,0.302,0.296,0.415,0.501,-0.007,-0.007,-0.316,-0.316,0.653,-0.483,-0.506,0.272,-0.086,-0.23,-0.51,0.611,0.327,-0.438,-0.438,1.13,-0.491,-0.491,-0.491,-0.487,-0.512,-0.136,0.278,-0.478,-0.485,0.245,-0.451,-0.073,-0.484,-0.515,-0.493,-0.493,-0.493,-0.493,-0.493,-0.493,-0.493,1.19,-0.63,-0.63,-0.152,1.01,-0.104,-0.111,0.0,0.0,0.018,-0.445,-0.445,-0.088
0.083,0.087,0.46,1.4,0.362,0.362,-0.399,-0.407,-0.407,-0.407,1.07,0.019,-0.05,-0.015,-0.42,-0.42,-0.42,0.514,-0.354,-0.474,-0.489,-0.02,-0.051,-0.029,0.406,0.406,0.417,0.417,1.91,0.616,0.172,0.41,-0.284,-0.284,-0.28,0.29,0.333,-0.426,-0.445,0.552,-0.424,-0.424,0.294,0.294,-0.337,-0.337,1.26,0.588,-0.385,-0.412,0.128,0.181,0.362,-0.412,-0.412,-0.412,-0.381,-0.381,-0.381,-0.381,-0.381,-0.219,0.385,0.385,-0.349,-0.418,0.019,-0.372,-0.414,-0.414,0.465,0.465,0.465,0.411
0.122,0.143,0.174,0.35,0.371,0.376,-0.238,-0.238,-0.238,-0.238,0.553,-0.022,-0.101,-0.548,-0.302,-0.302,-0.314,0.257,0.533,-0.129,-0.069,-0.097,-0.095,-0.099,-0.11,-1.04,0.425,0.425,1.34,-0.068,-0.079,1.21,0.325,0.305,0.158,-0.335,-0.335,-0.363,-0.363,0.0,-0.024,-0.31,-0.31,0.371,0.325,0.325,0.009,-0.677,-0.096,-0.076,-0.119,0.315,0.303,-0.308,-0.271,-0.271,-0.271,-0.271,-0.271,-0.271,-0.271,0.185,-0.188,-0.188,-0.292,0.255,-0.311,-0.304,-0.309,-0.319,0.276,0.276,0.276,0.292
0.013,0.013,-0.001,0.001,-0.006,-0.006,-0.006,-0.006,-0.006,-0.006,-0.008,-0.014,0.001,0.001,-0.008,-0.008,-0.008,0.002,-0.007,-0.005,-0.005,-0.005,-0.005,0.003,0.003,0.003,0.851,0.851,0.841,0.007,0.007,0.008,0.008,0.008,0.011,0.0,0.003,0.003,0.003,-0.005,-0.005,-0.005,-0.005,-0.005,0.017,0.017,-0.008,-0.008,0.0,0.017,0.026,0.883,-0.44,0.022,0.022,0.022,0.022,0.022,0.022,0.022,0.022,0.022,-0.003,-0.003,0.035,0.0,-0.433,-0.433,0.021,0.021,0.021,0.011,0.011,0.009
-0.356,-0.356,-0.381,-0.375,1.11,1.43,-0.373,-0.373,-0.373,-0.373,0.379,-0.008,-0.008,-0.008,-0.377,-0.377,-0.377,-0.003,-0.754,0.023,0.023,0.023,0.023,0.023,0.023,0.023,-0.005,-0.005,1.67,-0.002,-0.002,-0.008,0.005,0.005,-0.231,-0.231,-0.231,-0.231,-0.231,0.358,0.358,0.358,0.354,0.354,0.354,0.354,-0.183,-0.183,-0.023,-0.046,-0.362,1.01,-0.362,-0.365,-0.385,-0.382,3.66,3.66,-0.344,-0.344,0.362,0.361,-0.03,-0.03,-0.005,-0.047,0.367,0.367,0.107,0.107,0.107,0.107,0.107,0.107
0.28,-0.291,0.38,-0.303,-0.27,-0.27,-0.27,-0.27,-0.27,-0.27,1.77,-0.248,-0.926,-0.926,-0.903,-0.89,-0.89,-0.057,1.47,0.977,-0.232,1.51,0.998,0.998,0.998,0.998,0.251,0.251,2.82,-0.263,0.181,0.241,-0.27,-0.27,-0.275,-0.312,1.14,1.07,0.389,0.349,0.641,-0.274,0.359,0.359,0.961,0.272,-0.285,-0.235,-0.224,0.327,0.302,-0.362,0.306,-0.303,-0.303,-0.303,-0.303,-0.303,-0.303,-0.303,-0.288,-0.258,-0.281,-0.293,1.86,-0.248,-0.299,-0.299,0.668,0.633,0.633,0.628,0.628,1.44
-0.038,-0.115,-0.115,-0.167,-0.167,-0.167,-0.167,-0.167,-0.167,-0.167,-0.165,-0.161,-0.161,-0.161,-0.325,-0.325,-0.325,0.201,0.201,0.166,0.166,3.66,0.102,0.102,0.102,0.102,-0.314,-0.314,0.431,0.158,0.158,0.165,0.27,0.27,-0.196,2.62,-0.495,-0.52,-0.52,0.002,0.002,0.002,0.002,-0.007,-0.007,-0.007,0.0,0.0,-0.362,-0.525,-0.337,0.136,-0.168,-0.195,-0.195,-0.195,-0.003,-0.003,-0.204,-0.204,-0.204,0.472,0.101,0.101,0.137,0.597,0.1,0.1,-0.1,-0.1,-0.274,-0.274,-0.274,0.104
0.014,0.014,-0.002,0.008,0.008,0.008,0.008,0.008,0.008,0.008,0.005,-0.008,-0.008,-0.008,0.0,0.0,0.0,0.001,-0.002,-0.001,-0.001,-0.001,-0.001,-0.001,-0.001,-0.001,2.15,0.415,-0.002,-0.425,0.016,0.005,0.005,0.005,0.01,0.885,-0.439,-0.439,-0.439,0.001,0.001,0.001,0.001,0.001,0.001,0.001,-0.083,-0.083,0.003,0.007,0.012,0.019,-0.418,0.006,0.006,0.006,0.006,0.006,0.006,0.006,0.006,0.006,0.007,0.007,0.002,0.008,-0.42,-0.42,-0.029,-0.029,-0.029,-0.029,-0.029,-0.029
-0.384,-0.379,-0.38,-0.017,-0.017,-0.008,-0.008,-0.008,-0.008,-0.008,0.677,-0.395,-0.805,-0.805,-0.401,-0.401,-0.8,0.278,0.37,0.391,0.391,0.391,-0.085,-0.085,-0.085,-0.085,-0.009,-0.009,0.734,-0.369,0.656,-0.02,0.0,0.005,-0.386,0.346,0.346,0.346,0.346,0.312,-0.024,-0.024,-0.024,-0.024,-0.39,-0.049,0.711,0.692,-0.372,-0.017,-0.368,1.02,0.458,-0.425,-0.377,-0.377,3.66,3.66,-0.054,-0.054,-0.055,-0.041,0.003,0.003,0.242,0.223,-0.01,-0.01,0.407,0.407,3.09,-0.228,-0.228,0.102
-0.016,-0.016,-0.016,0.003,0.003,0.003,0.003,0.003,0.003,0.003,0.003,0.0,0.0,0.0,0.002,0.002,0.002,0.0,0.0,-0.001,-0.001,-0.001,-0.001,-0.001,-0.001,-0.001,0.001,0.001,0.001,0.0,0.0,-0.001,-0.001,-0.001,-0.554,0.005,-0.545,-0.545,-0.545,0.001,0.001,0.001,0.001,0.001,0.001,0.001,-0.556,-0.011,-0.001,-0.001,3.28,0.982,-0.554,-0.564,-0.002,-0.002,-0.002,-0.002,-0.002,-0.002,-0.002,0.521,0.006,0.006,-0.009,-0.551,-0.576,-0.576,-0.01,-0.01,-0.01,-0.01,-0.01,-0.032
-0.566,-0.566,0.001,0.01,0.01,0.01,0.01,0.01,-0.044,-0.044,-0.022,-0.004,-0.582,-0.582,0.015,-0.571,-0.571,0.271,-0.018,0.03,0.03,0.03,0.463,0.078,-0.001,-0.001,-0.005,-0.005,1.48,0.032,0.016,0.995,-0.862,-0.555,-0.008,0.001,-0.005,-0.005,-0.005,-0.559,-0.563,0.007,-0.454,0.559,-0.548,-0.58,-0.049,-0.049,0.032,0.49,-0.524,0.023,0.02,-0.518,0.064,0.064,0.002,0.002,0.002,0.002,0.002,0.713,0.013,0.01,0.488,-0.003,-0.074,-0.074,-0.322,0.269,-0.316,-0.316,-0.316,0.321
1.1,1.1,1.11,-0.026,-0.026,-0.026,-0.026,-0.026,-0.022,-0.022,1.27,0.0,0.0,0.0,-0.021,-0.021,-0.006,1.25,-0.017,1.23,1.22,1.22,1.25,1.25,1.25,1.25,1.25,1.25,1.25,-0.02,-0.046,3.37,-1.19,-0.037,1.23,-0.042,-0.04,-0.04,-0.04,-0.032,-0.017,-0.003,-0.003,-0.003,-0.046,-0.046,-0.043,0.007,-0.029,-0.065,-0.061,1.18,-0.057,-0.042,-0.042,-0.042,-0.042,-0.042,-0.042,-0.042,-0.042,-0.042,1.18,1.18,-0.016,2.71,-0.075,-0.075,0.501,0.501,0.501,0.501,0.501,0.519
-0.024,-0.024,0.004,0.005,0.005,0.005,0.005,0.005,0.005,0.005,0.005,0.006,0.006,0.006,0.013,0.013,0.012,-0.016,-0.001,0.003,0.003,0.003,0.003,0.003,0.003,0.003,0.025,0.025,0.025,-0.001,-0.001,-0.015,-0.001,-0.001,-0.073,0.503,-0.739,-0.739,-0.757,0.0,0.0,0.0,0.0,0.0,-0.009,-0.009,-0.078,-0.073,0.001,0.001,-0.004,0.659,-0.741,-0.797,-0.741,0.59,0.615,0.615,0.615,0.615,0.615,0.615,0.018,0.018,-0.043,-0.004,-0.02,-0.02,-0.008,-0.008,-0.008,-0.008,-0.008,-0.008
-0.347,0.181,-0.302,-0.33,-0.33,-0.33,-0.33,0.566,-0.332,-0.332,0.578,-0.336,-0.336,-0.336,-0.344,-0.344,-0.344,0.61,0.599,2.1,0.601,1.78,0.127,0.11,0.11,0.11,0.106,0.106,0.089,-0.55,-0.55,0.17,-1.1,-0.589,0.372,0.441,-0.322,-0.347,-0.347,0.431,-0.335,-0.335,-0.335,-0.335,-0.335,-0.335,-0.34,-0.34,-0.537,0.382,-0.368,1.0,-0.324,-0.129,-0.129,-0.129,0.74,0.74,-0.144,-0.144,-0.144,2.19,-0.328,-0.328,0.052,0.767,-0.353,-0.353,0.0,0.0,0.0,0.0,0.0,-0.011
0.007,0.007,0.007,-0.01,-0.01,-0.01,-0.01,-0.01,-0.01,-0.01,-0.01,-0.018,-0.018,-0.018,0.0,0.0,0.0,0.0,0.0,-0.006,-0.006,-0.006,-0.006,-0.006,-0.006,-0.006,-0.411,-0.411,1.71,-0.001,-0.001,-0.008,-0.01,-0.01,-0.002,0.0,0.0,0.0,0.0,-0.165,-0.165,-0.165,-0.025,0.005,0.005,0.005,-0.012,-0.012,0.004,0.004,0.016,1.23,-0.408,0.421,-0.322,0.384,-0.295,-0.295,-0.295,-0.295,0.426,-0.317,0.008,0.008,0.025,0.008,-0.002,-0.002,0.037,0.033,0.033,0.033,0.033,0.033
-0.03,-0.03,-0.543,0.629,0.629,0.011,0.011,-0.616,-0.616,-0.616,0.015,0.022,-0.035,-0.035,-0.615,-0.615,0.017,0.004,-0.668,0.02,0.02,0.0,0.003,0.003,0.003,0.003,-0.006,-0.006,1.17,-0.018,-0.018,-0.01,1.05,-0.013,-0.665,-0.004,-0.649,-0.649,-0.672,0.0,0.0,0.0,0.225,1.96,0.551,0.551,-0.652,-0.652,0.058,-0.659,-0.004,-0.024,-0.024,-0.056,-0.056,-0.056,0.613,0.613,0.613,0.613,0.613,0.613,0.555,1.47,-0.061,-0.016,-0.05,-0.05,0.219,0.219,0.219,0.219,0.219,-0.493
0.029,0.029,0.123,0.001,0.001,0.001,0.001,0.001,0.001,0.001,0.014,-0.033,-0.037,-0.037,-0.03,-0.03,-0.03,-0.004,0.006,-0.024,-0.024,-0.024,0.043,0.043,0.043,0.043,0.074,0.074,0.074,-0.017,-0.017,-0.029,-0.029,-0.029,-0.022,0.009,0.009,0.009,0.009,0.003,0.003,0.003,0.003,0.003,0.003,0.003,-0.061,-0.061,-0.032,-0.032,-0.036,-0.038,-0.038,-0.026,-0.026,-0.026,-0.026,-0.026,-0.026,-0.026,-0.026,-0.026,-0.046,-0.046,0.049,0.0,-0.035,-0.035,0.001,0.001,0.001,0.001,0.001,0.001
-0.038,-0.038,-0.038,-0.445,-0.438,-0.438,-0.438,-0.438,-0.438,-0.438,0.215,0.189,0.187,0.216,0.203,0.203,0.203,0.235,-0.498,0.216,0.216,0.215,0.208,0.208,0.208,0.208,0.259,0.259,0.256,-0.09,-0.09,-0.398,-0.404,-0.399,-0.098,-0.078,-0.111,-0.111,-0.096,-0.433,-0.433,-0.433,-0.433,-0.433,-0.4,-0.415,-0.34,-0.34,-0.126,-0.104,-0.402,0.724,-0.093,-0.375,-0.388,-0.388,-0.388,-0.388,-0.388,-0.388,-0.388,0.25,-0.409,-0.409,-0.159,0.167,-0.389,-0.389,-0.025,-0.025,-0.042,-0.042,-0.042,-0.043
-0.471,-0.472,0.057,0.231,0.435,-0.487,-0.487,-0.487,-0.487,-0.487,0.017,0.053,-0.519,-0.519,-0.512,-0.512,-0.512,0.0,0.0,0.172,-0.514,0.018,0.018,0.028,0.028,0.028,1.03,1.03,0.484,-0.482,-0.482,-0.484,0.029,0.035,0.027,0.027,0.013,-0.501,-0.501,0.015,0.015,0.015,0.015,0.015,0.064,0.064,0.048,0.048,0.203,-0.492,-0.48,0.551,-0.477,-0.474,-0.472,-0.472,-0.481,-0.481,0.792,0.792,0.792,1.1,0.046,-0.518,0.003,0.026,-0.461,-0.461,-0.154,-0.154,-0.162,-0.162,-0.162,-0.144
-0.099,-0.105,-0.105,-0.139,-0.674,-0.674,-0.674,-0.674,-0.674,-0.674,0.927,0.301,0.301,0.301,0.385,0.385,-0.136,0.313,-0.145,-0.686,-0.686,-0.13,-0.151,1.53,1.39,0.432,0.416,0.416,1.42,-0.607,-0.113,-0.074,-0.975,-0.106,0.385,0.408,-0.677,-0.677,-0.677,-0.669,-0.095,-0.095,-0.095,-0.095,-0.095,-0.083,-0.669,-0.669,0.471,-0.14,-0.07,-0.083,-0.565,-0.661,-0.657,-0.657,-0.656,-0.656,-0.656,-0.656,0.987,0.923,1.46,1.46,0.37,-0.119,-0.148,-0.148,0.257,0.257,-0.537,-0.537,-0.537,-0.618
-0.725,-0.725,0.219,0.205,0.205,0.205,0.205,0.205,0.205,0.205,0.227,-0.159,-0.159,-0.159,0.23,0.23,0.23,0.206,-0.654,0.22,0.22,0.208,0.208,0.208,0.208,0.208,0.62,0.62,0.629,-0.238,-0.238,-0.235,-0.203,-0.203,-0.228,-0.216,-0.216,-0.216,-0.216,0.21,0.21,0.21,0.21,0.21,0.21,0.21,-0.667,-0.613,-0.577,-0.668,0.593,-0.244,-0.244,-0.285,-0.285,-0.285,0.529,0.529,0.529,0.529,0.529,0.588,-0.192,-0.192,0.097,0.203,0.156,0.156,-0.012,-0.012,0.0,0.0,0.0,0.0
-0.271,-0.271,-0.271,0.0,0.0,0.0,0.0,0.0,0.0,0.0,0.0,-0.031,-0.031,-0.031,0.007,0.007,0.007,0.004,-0.022,0.045,0.01,0.01,0.01,0.01,0.01,0.01,0.007,0.007,0.007,0.047,0.047,-0.285,-0.285,-0.285,-0.685,-0.685,-0.685,-0.685,-0.685,0.023,0.023,0.023,0.023,0.023,0.023,0.023,-0.145,-0.145,-0.111,-0.062,-0.261,0.124,-0.663,-0.23,-0.23,-0.23,-0.23,-0.23,-0.23,-0.23,-0.23,-0.23,-0.13,-0.13,0.098,-0.116,-0.625,-0.625,-0.091,-0.091,-0.091,-0.091,-0.091,-0.091
0.0,-0.012,-0.012,0.474,0.474,0.474,0.474,0.474,0.474,0.474,-0.03,-0.027,-0.027,-0.027,0.956,0.956,0.956,0.458,0.465,0.464,0.464,0.464,0.464,0.464,0.464,0.464,-0.031,-0.031,-0.031,0.479,0.479,-0.017,-0.017,-0.017,0.418,1.5,-0.08,-0.081,0.409,0.47,0.47,0.47,0.47,0.47,0.484,0.484,-0.023,-0.023,-0.011,-0.011,-0.007,2.54,-0.014,0.002,-0.002,-0.002,-0.002,-0.002,-0.002,-0.002,-0.002,-0.002,-0.013,-0.013,0.013,-0.015,0.002,-0.002,0.025,0.025,0.025,0.025,0.025,0.426
0.26,-0.169,-0.179,0.727,-0.175,-0.175,-0.175,-0.175,0.226,0.226,0.768,-0.618,-0.618,-0.618,-0.638,-0.638,-0.15,-0.149,0.306,0.758,-0.144,-0.149,0.328,-0.11,-0.11,-0.11,0.288,0.288,0.288,-0.268,-0.239,1.14,-0.837,0.273,-0.569,-0.133,-0.137,-0.137,-0.137,1.5,-0.16,-0.16,-0.147,-0.147,-0.173,-0.079,-0.319,-0.287,-0.244,-0.25,-0.19,-0.175,0.25,-0.165,-0.165,-0.165,-0.165,-0.165,-0.155,-0.155,-0.155,-0.151,0.187,0.187,-0.166,-0.647,-0.184,-0.179,-0.392,-0.392,0.351,0.351,0.351,0.351
-0.431,-0.43,-0.172,0.278,0.102,0.102,0.102,0.102,0.164,0.164,0.577,-0.374,-1.14,-1.14,-0.218,-0.212,0.133,-0.124,3.66,0.247,0.308,-0.815,1.34,-0.079,0.105,0.105,1.01,1.01,1.64,-0.352,0.288,1.51,-0.176,0.419,-0.635,1.09,0.001,0.001,-0.02,-0.179,-0.391,-0.329,-0.329,0.455,0.455,0.455,1.44,-0.263,1.66,1.66,-0.127,1.98,-0.063,-1.29,-0.423,-0.423,-0.49,-0.49,-0.469,-0.469,-0.097,0.926,-0.311,-0.311,-0.462,0.678,-0.283,-0.283,1.32,-0.023,-0.056,-0.056,-0.056,-0.062
-0.008,-0.008,0.631,0.446,-0.447,-0.447,-0.447,-0.447,-0.447,-0.447,-0.001,-0.455,-0.462,-0.462,-0.453,-0.441,-0.441,-0.003,1.32,0.552,0.552,0.859,0.001,0.001,0.001,-0.46,-0.435,-0.435,0.928,-0.43,-0.431,3.5,0.453,0.024,-0.586,0.014,0.001,0.001,-0.439,-0.009,-0.017,-0.017,-0.013,-0.013,0.017,0.431,-0.441,-0.441,0.721,0.275,0.002,0.717,-0.434,-0.903,-0.451,-0.451,-0.44,-0.44,-0.457,-0.457,-0.457,2.01,0.012,0.012,0.627,0.003,-0.437,-0.437,0.508,0.508,0.009,0.009,0.009,0.01
-0.508,-0.501,-0.517,-0.515,-0.522,-0.522,-0.522,-0.522,-0.522,-0.522,-0.522,-0.001,-0.001,-0.001,-0.004,-0.004,-0.004,0.518,-0.011,0.525,0.525,0.513,0.513,0.529,0.529,0.529,0.509,0.509,0.509,0.53,0.53,0.026,0.02,0.02,0.516,0.516,0.516,0.516,0.516,0.01,0.01,0.0,0.0,0.0,0.0,0.0,-0.528,-0.528,-0.518,-0.522,-0.505,0.548,-0.528,0.015,0.015,0.015,0.015,0.015,0.015,0.015,0.015,0.015,0.018,0.018,-0.002,0.013,-0.513,-0.513,-0.021,-0.021,-0.021,-0.021,-0.021,-0.024
0.014,-0.028,-0.708,0.0,0.0,0.0,0.0,0.0,0.0,0.0,0.0,-0.002,-0.002,-0.002,0.003,0.003,0.003,0.658,-0.004,0.006,0.006,0.018,-0.708,-0.71,-0.71,-0.71,-0.7,0.046,0.672,0.01,0.01,-0.701,0.011,0.708,0.005,0.005,-0.705,-0.706,-0.706,-0.004,-0.004,-0.004,-0.004,-0.004,-0.004,-0.004,-0.709,-0.707,0.008,-0.002,0.024,-0.049,0.034,-0.686,-0.686,-0.686,3.66,3.66,-0.687,-0.687,3.66,0.045,0.014,0.014,-0.009,0.006,-0.684,-0.671,-0.043,-0.043,-0.043,-0.043,-0.043,-0.043
-0.031,-0.031,-0.028,-0.005,-0.005,-0.005,-0.005,-0.005,-0.005,-0.005,-0.005,0.014,0.014,0.014,1.11,1.11,1.11,-0.034,-0.032,-0.024,-0.024,-0.024,0.843,0.843,0.843,0.843,-0.018,-0.018,-0.011,0.994,0.994,0.573,0.588,0.588,-0.038,-0.038,-0.038,-0.024,-0.042,1.06,1.06,1.06,1.06,1.06,1.06,1.06,-0.033,-0.007,-0.008,-0.037,-0.049,1.55,-0.059,-0.084,-0.084,-0.084,-0.084,-0.084,-0.084,-0.084,-0.084,0.384,-0.025,-0.025,-0.094,1.57,-0.089,-0.089,0.33,0.33,0.33,0.33,0.33,0.262
0.0,0.0,0.489,-0.067,-0.067,-0.067,-0.067,-0.067,-0.067,-0.067,-0.074,0.369,0.401,0.401,0.454,0.454,0.454,-0.155,-0.155,0.932,0.932,0.97,0.419,0.419,0.419,0.419,3.66,3.66,0.616,-0.036,-0.036,0.476,-0.06,-0.052,1.55,2.99,-0.614,-0.597,-0.597,0.454,0.454,0.454,0.454,0.454,0.454,0.461,0.431,0.431,-0.056,-0.187,-0.563,0.57,-0.552,-1.11,0.972,-0.019,0.67,0.67,0.132,0.132,0.641,1.7,-0.058,-0.058,-0.197,1.36,-0.541,-0.541,0.039,0.039,0.039,0.039,0.039,0.039
0.0,0.0,-0.008,0.228,0.228,0.228,0.228,0.228,0.228,0.228,0.218,0.492,0.492,0.492,-0.023,-0.023,-0.023,-0.016,-0.016,-0.564,-0.564,-0.577,0.499,0.499,0.499,0.499,3.66,3.66,1.47,-0.011,-0.011,-0.01,-0.01,-0.01,0.496,3.66,-0.559,-0.559,-0.559,-0.008,-0.008,-0.008,0.999,-0.007,-0.007,-0.007,0.481,0.481,0.504,0.527,0.0,1.51,-0.546,0.011,0.011,0.011,0.011,0.011,0.011,0.011,0.011,0.001,0.481,0.481,0.002,0.495,0.527,0.527,0.172,0.172,0.172,0.172,0.172,0.172
-0.689,-0.689,-0.691,0.383,0.383,0.389,0.389,-0.702,-0.702,-0.702,0.026,0.008,-0.341,-0.341,0.037,0.037,0.037,0.023,-0.348,0.073,0.073,0.031,-0.289,-0.289,-0.295,-0.295,0.051,0.715,0.754,-0.282,-0.282,0.23,-0.126,-0.126,-0.293,0.408,-0.7,-0.713,-0.713,-0.103,-0.103,0.366,0.366,0.366,0.366,0.376,-0.298,-0.298,-0.294,0.018,0.089,1.05,0.038,-0.71,-0.71,-0.71,3.66,3.66,-0.698,-0.698,0.081,0.044,0.05,0.05,-0.31,-0.293,0.027,0.027,-0.103,-0.091,-0.091,-0.065,-0.065,-0.065
-0.532,0.008,0.009,0.217,0.217,0.217,-0.315,-0.315,-0.315,-0.315,-0.032,-0.115,-0.115,-0.115,0.336,0.336,0.252,-0.018,-0.035,0.217,0.217,0.216,0.216,0.216,0.216,0.216,0.211,0.211,0.211,0.218,0.218,0.218,-0.03,-0.03,-0.024,-0.024,-0.024,-0.024,-0.024,0.595,0.595,0.595,0.595,0.595,-0.408,0.588,-0.048,-0.165,0.219,0.527,0.0,0.239,-0.305,-0.295,-0.295,-0.295,-0.293,-0.293,-0.293,-0.293,-0.293,0.235,-0.303,-0.303,-0.047,0.212,0.119,0.119,0.061,0.061,0.061,0.061,0.061,0.061
0.012,0.012,0.012,0.024,-0.845,-0.845,-0.845,-0.845,-0.845,-0.845,-0.002,-0.022,-0.022,-0.022,-0.002,-0.002,0.795,-0.008,-0.008,0.0,0.0,0.0,0.0,0.0,0.0,0.0,0.0,0.0,0.0,0.014,0.021,0.025,0.022,0.022,0.013,0.0,0.0,0.0,0.0,-0.013,-0.013,-0.013,-0.013,-0.013,-0.827,0.053,-0.007,-0.007,0.009,0.009,0.031,0.064,-0.824,0.009,0.009,0.009,0.009,0.009,0.009,0.009,0.009,0.009,-0.834,-0.834,-0.001,0.009,0.033,0.033,-0.043,-0.043,-0.043,-0.043,-0.043,-0.043
0.014,0.014,-0.004,0.007,0.007,0.007,0.007,0.007,0.007,0.007,-0.01,-0.002,-0.002,-0.002,-0.001,-0.001,-0.001,-0.003,-0.003,0.0,0.0,0.0,0.0,0.0,0.0,0.0,-0.007,-0.007,0.467,-0.001,-0.001,0.004,0.004,0.004,0.004,0.004,0.004,0.004,-0.497,0.0,0.0,0.0,0.0,0.0,0.0,0.003,-0.009,-0.008,0.006,0.006,0.009,0.93,-0.49,0.015,0.015,0.015,0.015,0.015,-0.466,-0.466,0.006,0.006,-0.014,-0.014,0.013,0.009,0.02,0.02,0.043,0.043,0.043,0.043,0.043,0.043
-0.355,-0.355,-0.355,0.029,0.029,-0.792,-0.792,-0.792,-0.792,-0.792,0.004,-0.093,-0.093,-0.093,-0.409,-0.402,-0.402,0.037,0.011,-0.039,-0.039,-0.037,-0.037,-0.037,-0.037,-0.037,0.089,0.089,0.903,-0.105,-0.105,-0.375,-0.375,-0.375,0.052,0.029,0.013,-0.802,-0.802,0.021,0.021,0.021,0.021,0.021,0.021,0.021,0.033,0.033,-0.369,-0.369,-0.35,0.068,-0.776,0.058,0.058,0.058,0.058,0.058,0.058,0.058,0.058,0.058,-0.209,-0.209,-0.355,-0.024,-0.336,-0.336,-0.215,-0.215,-0.262,-0.262,-0.262,-0.262
-0.709,0.125,0.125,-0.729,-0.729,-0.729,-0.729,-0.729,-0.729,-0.729,0.729,-0.737,-0.737,-0.737,-0.743,-0.743,-0.109,0.24,0.023,0.791,0.791,0.027,0.027,0.027,0.027,0.027,0.021,0.021,0.719,-0.047,-0.716,0.14,-0.707,0.101,-0.739,0.379,0.379,0.379,0.379,0.431,-0.723,-0.723,-0.723,0.689,-0.023,-0.064,-0.014,-0.611,0.01,0.0,0.009,-0.642,-0.053,-0.718,-0.718,-0.718,-0.718,-0.718,-0.718,-0.718,-0.718,0.052,-0.736,-0.736,-0.696,-0.006,1.1,1.1,0.761,0.025,0.025,0.025,0.025,-0.714
-0.076,-0.076,-0.234,0.052,0.052,-0.196,-0.196,-0.196,-0.196,-0.196,0.209,-0.073,-0.073,-0.073,0.258,0.258,0.258,-0.067,3.05,0.215,0.215,0.215,-0.239,-0.239,-0.239,-0.239,-0.371,-0.371,0.151,-0.316,-0.28,0.022,0.12,-0.365,-0.164,-0.064,-0.064,-0.064,-0.064,0.011,-0.017,-0.017,0.075,3.66,0.851,-0.114,-0.083,-0.083,0.259,-0.063,0.058,0.559,0.006,-0.38,-0.38,-0.38,-0.397,-0.397,-0.41,-0.41,0.179,2.51,-0.182,-0.182,-0.078,-0.133,0.103,0.103,2.07,-0.101,-0.06,-0.06,-0.06,-0.09
-0.039,-0.039,-0.086,0.3,0.3,0.3,0.3,0.3,0.3,1.14,0.216,-0.11,-0.118,-0.118,-0.258,-0.258,-0.115,-0.004,-0.112,0.319,0.319,0.319,-0.495,0.128,-0.467,-0.467,-0.774,-0.774,1.41,0.05,0.05,0.266,-0.375,-0.247,0.139,1.05,-0.063,-0.063,-0.063,-0.078,-0.092,-0.092,0.796,2.0,-0.455,-0.455,1.58,0.008,-0.076,1.73,-0.024,0.056,0.056,-0.404,-0.404,-0.404,-0.404,-0.404,-0.404,-0.404,-0.427,-0.427,0.231,0.231,-0.108,0.194,0.201,0.201,0.084,0.084,0.084,0.084,0.084,0.084
-0.455,-0.455,0.02,0.0,0.003,0.003,0.003,0.003,0.003,0.003,0.056,-0.552,-0.022,-0.022,-0.806,-0.806,-0.818,0.09,-0.019,0.718,0.718,0.768,-0.518,-0.518,-0.518,-0.518,-0.557,-0.557,1.22,-0.213,0.211,0.035,0.051,0.051,-0.578,-0.444,-0.802,-0.802,-0.802,0.223,0.223,0.223,0.223,0.223,0.275,0.275,0.821,0.812,-0.011,1.05,-0.786,0.098,0.076,-0.212,-0.215,-0.215,3.66,3.66,-0.214,0.613,-0.22,-1.1,0.039,0.039,-0.423,0.747,0.006,0.006,0.207,0.207,-0.664,-0.664,-0.664,0.184
0.037,0.037,0.0,0.365,0.365,0.365,0.365,-0.393,-0.393,-0.393,0.687,-0.348,-0.071,-0.071,-0.414,-0.414,-0.431,0.755,-0.406,-0.059,-0.059,-0.021,-0.029,-0.029,-0.029,-0.029,1.02,1.07,2.94,-0.373,0.305,0.0,-0.404,-0.37,0.206,-0.058,-0.747,-0.747,-0.053,0.456,-0.384,-0.384,-0.384,0.017,0.005,0.005,-0.39,-1.05,-0.371,-0.428,-0.315,-0.006,0.379,0.37,-0.363,-0.363,-0.361,-0.361,0.042,0.042,0.042,0.042,-0.017,-0.017,0.262,0.831,0.333,0.333,0.139,0.139,0.139,0.139,0.139,-0.195
-0.781,-0.781,0.001,0.017,0.0,-0.797,-0.797,-0.797,-0.797,-0.797,0.752,-0.802,-0.802,-0.802,0.009,0.009,0.009,0.002,0.002,-0.803,-0.814,0.005,0.005,0.008,0.008,0.008,0.781,0.781,-0.007,0.001,0.008,0.0,0.0,0.0,-0.793,0.006,-0.793,-0.793,-0.796,-0.023,-0.023,-0.023,-0.023,-0.023,-0.009,-0.009,-0.803,-0.803,0.006,0.019,0.003,0.762,-0.786,-0.783,-0.783,-0.783,-0.781,-0.781,-0.781,-0.781,-0.781,0.004,-0.782,-0.782,0.008,0.007,-0.783,-0.783,-0.27,-0.27,-0.251,-0.236,-0.236,-0.263
-0.318,-0.347,-0.365,0.075,0.075,0.075,0.075,0.075,0.075,0.075,-0.237,-0.01,-0.01,-0.431,0.013,0.011,0.011,0.013,0.014,0.017,0.017,0.017,0.019,0.019,0.03,0.03,-0.771,-0.771,0.482,0.03,0.03,0.004,-0.756,-0.764,-0.107,0.398,-0.772,-0.758,-0.758,0.171,0.171,0.171,0.171,0.171,0.171,0.171,-0.065,-0.065,0.431,-0.359,-0.053,0.066,-0.35,-0.2,-0.604,-0.181,0.407,0.407,0.407,0.407,0.407,0.407,1.48,1.48,-0.212,-0.392,-0.72,-0.72,-0.014,-0.014,-0.014,-0.014,-0.014,-0.018
0.013,0.013,0.013,-0.002,-0.002,-0.002,-0.002,-0.002,-0.002,-0.002,-0.002,-0.011,-0.011,-0.011,0.001,0.001,0.001,-0.004,-0.004,0.003,-0.011,0.001,0.001,0.001,0.002,0.002,-0.003,-0.003,-0.004,-0.032,-0.032,-0.11,-0.11,-0.11,0.001,0.001,0.001,-0.002,-0.002,0.0,0.0,0.0,0.0,0.0,0.006,0.006,0.273,0.273,0.0,0.0,0.011,0.014,0.014,0.008,0.008,0.008,0.008,0.008,0.008,0.008,0.008,0.008,-0.003,-0.003,0.011,-0.003,-0.015,-0.015,0.002,0.002,0.002,0.002,0.002,0.002
-0.48,-0.48,0.814,-0.565,-0.565,-0.565,-0.565,-0.565,-0.565,-0.565,-0.005,1.03,1.03,1.03,-0.004,-0.021,0.46,-0.573,-0.57,0.405,0.405,0.405,0.042,0.614,0.642,0.642,3.66,3.66,0.59,-0.544,0.096,1.14,0.058,0.058,0.309,2.6,-0.578,-0.578,-0.551,0.045,-0.534,-0.534,-0.534,0.022,0.053,0.053,-0.564,-0.576,0.586,0.061,0.067,0.089,-0.528,-0.512,-0.512,-0.512,-0.495,-0.495,-0.495,-0.495,2.07,-0.498,0.039,0.039,-0.474,-0.192,-0.445,-0.445,-0.113,-0.113,-0.113,-0.113,-0.113,-0.113
-0.562,-0.562,-0.542,0.45,0.441,0.441,0.441,0.441,0.441,0.441,0.452,-0.543,-0.543,-0.543,0.436,0.436,0.436,-0.561,-0.561,-0.559,-0.559,-0.56,-0.56,-0.56,-0.56,-0.56,0.445,0.445,0.445,0.421,0.421,0.0,0.013,0.013,-0.553,-0.556,-0.556,-0.556,-0.556,0.235,0.222,0.222,0.222,0.222,0.222,0.222,0.217,0.217,0.434,0.434,-0.551,0.393,-0.549,0.374,0.374,0.374,0.374,0.374,0.374,0.374,0.374,0.342,-0.301,-0.301,0.322,-0.552,-0.309,-0.309,-0.074,-0.074,-0.074,-0.074,-0.074,-0.082
-0.28,-0.455,0.166,0.049,0.049,0.049,0.049,0.049,0.049,0.049,0.0,-0.206,-0.231,-0.231,0.025,0.088,0.05,0.037,0.624,0.167,0.167,0.167,-0.489,-0.549,-0.549,-0.549,0.142,0.142,-0.496,-0.473,-0.454,-0.045,-0.943,-0.479,-0.485,3.18,0.996,-0.5,-0.488,0.133,0.133,0.133,0.133,0.133,-0.489,-0.489,0.036,0.036,-0.048,1.5,0.55,0.185,-0.473,-0.451,-1.09,-0.46,-0.456,-0.456,-0.456,-0.456,-0.456,0.141,0.32,0.32,-0.102,-0.148,-0.448,-0.448,-0.069,-0.069,-0.069,-0.069,-0.069,-0.069
0.028,-0.628,0.0,0.007,-0.683,-0.667,-0.667,-0.667,-0.667,-0.667,0.001,-0.001,-0.001,-0.001,0.005,0.005,0.005,0.001,-0.007,0.0,0.0,0.0,-0.008,-0.008,-0.698,-0.69,-0.665,-0.665,-0.014,0.007,0.007,0.008,0.008,0.008,0.61,1.72,-0.663,-0.663,0.001,0.002,-0.004,-0.004,-0.004,-0.004,-0.69,0.018,-0.664,-0.675,0.009,0.009,-0.001,-0.366,-0.655,-0.657,-0.657,-0.657,0.026,0.026,0.026,0.026,0.026,0.015,0.004,0.004,-0.002,0.013,0.019,0.019,-0.074,-0.074,-0.074,-0.074,-0.074,-0.068
-0.021,-0.021,-0.021,-0.022,-0.022,-0.022,-0.022,-0.022,-0.022,-0.022,-0.024,-0.031,-0.047,-0.047,0.907,0.932,0.932,0.476,0.476,0.468,0.468,0.468,0.468,0.468,0.468,0.468,0.47,0.47,0.47,-0.005,-0.005,-0.019,-0.019,-0.019,0.473,0.473,0.473,0.473,0.473,-0.027,-0.027,-0.027,-0.027,-0.027,-0.031,-0.031,0.471,0.471,-0.025,-0.025,-0.016,0.506,-0.56,0.45,0.45,0.45,0.45,0.45,0.45,0.45,0.45,0.45,-0.011,-0.011,0.45,0.48,0.488,0.488,0.225,0.225,0.225,0.225,0.225,0.225
-0.001,-0.001,-0.001,0.002,0.002,0.002,0.002,0.002,0.002,0.002,-0.002,0.04,0.04,0.04,0.004,0.004,0.004,-0.002,-0.002,0.007,0.007,0.007,0.0,0.0,0.0,0.0,0.013,0.013,0.013,-0.012,-0.012,0.002,0.002,0.002,-0.002,-0.002,-0.002,-0.002,-0.002,0.001,0.001,0.001,0.001,0.001,0.001,0.001,-0.01,-0.01,0.003,0.003,-0.011,0.002,0.002,-0.001,-0.001,-0.001,-0.001,-0.001,-0.001,-0.001,-0.001,-0.001,0.003,0.003,0.01,-0.006,0.006,0.006,-0.001,-0.001,0.001,0.001,0.001,0.001
0.042,0.042,0.042,-0.006,-0.006,-0.006,-0.006,-0.006,-0.006,-0.006,0.051,0.0,0.0,0.0,-0.003,-0.003,-0.003,-0.001,-0.024,-0.002,-0.002,-0.002,-0.002,-0.002,-0.002,-0.002,0.003,0.003,0.003,0.004,0.004,-0.001,-0.001,-0.001,-0.004,-0.004,-0.004,-0.004,-0.004,-0.005,-0.005,-0.005,-0.005,-0.005,-0.005,-0.005,-0.007,-0.007,-0.001,-0.001,0.002,-0.016,-0.016,-0.004,-0.004,-0.004,-0.004,-0.004,-0.004,-0.004,-0.004,-0.004,0.005,0.005,0.003,-0.017,0.004,0.004,-0.001,0.006,0.006,0.006,0.006,0.002
-0.023,-0.045,0.705,-0.895,-0.906,-0.906,-0.906,-0.906,-0.906,-0.906,0.739,-0.896,-0.13,-0.13,-0.919,-0.919,-0.915,0.919,-0.919,-0.011,0.002,-0.037,-0.018,1.55,1.55,1.55,-0.965,-0.965,1.86,0.145,-0.931,0.008,0.008,0.008,-0.984,0.012,0.008,0.008,0.035,-0.004,-0.915,-0.915,0.011,0.838,-0.019,-0.096,-0.908,-0.908,-0.895,0.025,-0.872,-0.022,0.033,-0.896,-0.907,-0.907,-0.917,-0.917,-0.902,-0.902,-0.928,-0.283,0.058,0.057,0.021,-0.251,0.867,0.867,-0.867,-0.867,-0.909,-0.89,-0.89,-0.025
-0.27,-0.27,-0.232,0.004,0.004,0.004,0.004,0.004,0.004,0.004,0.016,0.017,-0.005,-0.005,-0.001,-0.001,-0.001,-0.155,-0.155,0.0,0.0,0.0,0.0,0.0,0.0,0.0,-0.046,-0.046,0.456,0.018,0.018,-0.007,-0.007,-0.007,-0.016,-0.051,-0.012,-0.012,-0.012,0.223,0.223,0.223,0.223,0.223,0.223,0.223,0.001,0.001,1.23,-0.021,-0.018,-0.052,-0.03,0.177,0.177,0.177,3.66,3.66,-0.297,-0.297,0.209,0.632,-0.009,-0.009,-0.292,-0.02,-0.05,-0.05,0.035,0.035,0.035,0.035,0.035,0.035
0.0,0.0,0.0,0.005,0.002,0.002,0.002,0.002,0.002,0.002,0.002,-0.435,-0.435,-0.435,0.443,0.443,0.443,0.446,-0.451,0.453,0.453,0.453,0.443,0.443,0.443,0.443,0.0,0.0,0.0,0.426,0.425,-0.447,-0.447,-0.447,-0.006,-0.006,-0.006,-0.006,-0.006,-0.903,0.428,0.428,0.428,0.435,0.435,0.435,-0.436,-0.436,0.451,-0.461,-0.445,0.455,0.455,-0.923,-0.923,-0.923,-0.004,-0.004,-0.004,-0.004,-0.004,-0.004,0.023,0.023,-0.013,0.023,-0.935,-0.935,0.338,0.338,0.338,0.338,0.338,-0.346
-0.084,-0.084,-0.089,-0.179,-0.179,-0.179,-0.179,-0.179,-0.179,-0.179,0.86,0.203,0.18,0.18,-0.067,-0.067,-0.067,0.628,-0.023,0.058,0.058,-0.027,-0.027,-0.027,-0.027,-0.027,0.152,0.152,0.746,-0.123,-0.123,0.346,-0.144,-0.144,0.059,-0.124,0.293,0.293,-0.059,0.071,-0.117,-0.117,-0.117,-0.117,0.04,0.04,-0.087,-0.087,-0.041,-0.07,-0.024,0.26,0.137,0.027,0.027,0.027,0.027,0.027,0.027,0.027,0.027,0.027,-0.114,-0.114,-0.102,0.084,-0.1,-0.041,0.0,0.0,0.0,0.0,0.0,0.0
0.019,0.019,0.108,-0.09,-0.09,-0.09,-0.09,-0.09,-0.09,-0.09,0.035,-0.27,-0.27,-0.27,-0.639,-0.638,-0.291,0.486,0.348,0.178,0.178,-0.001,0.023,0.027,0.027,0.027,-0.356,-0.356,1.18,-0.319,-0.319,0.001,-0.705,-0.045,-0.308,-0.288,-0.218,-0.218,-0.218,-0.3,-0.3,-0.3,-0.3,-0.3,-0.3,-0.3,-0.316,-0.316,-0.261,-0.261,-0.326,0.0,0.0,-0.022,-0.022,-0.022,-0.022,-0.022,-0.022,-0.022,-0.022,0.036,0.289,0.289,0.331,0.433,-0.275,-0.275,0.822,0.312,-0.048,-0.048,-0.048,-0.066
-0.014,0.026,0.024,-0.319,-0.319,-0.319,-0.319,-0.314,-0.307,-0.325,0.059,-0.363,-0.363,-0.363,-0.379,-0.379,-0.379,0.466,0.062,-0.383,-0.383,-0.383,0.061,0.061,0.061,0.061,0.364,0.364,0.337,-0.363,-0.362,1.65,0.066,-0.389,0.04,0.024,0.0,0.0,0.0,0.204,-0.346,-0.346,-0.346,-0.359,-0.359,-0.402,0.023,0.023,-0.378,-0.378,-0.375,-0.373,-0.387,-0.359,-0.359,-0.359,-0.359,-0.359,-0.359,-0.359,-0.359,0.093,0.398,0.398,0.086,0.04,-0.386,-0.386,-0.099,-0.099,-0.099,-0.099,-0.099,-0.111
0.087,0.087,0.087,-0.001,-0.001,-0.001,-0.001,-0.001,-0.001,-0.001,-0.001,-0.002,-0.002,-0.002,-0.002,-0.002,-0.002,-0.002,-0.002,-0.001,-0.001,-0.001,-0.001,-0.001,-0.001,-0.001,-0.171,-0.171,0.77,0.005,0.005,0.001,0.005,0.003,0.0,0.015,0.015,0.015,0.015,0.003,0.003,0.003,0.003,0.003,0.003,0.003,0.001,0.001,-0.193,-0.193,0.2,0.225,-0.186,-0.125,-0.125,-0.125,1.31,1.31,0.039,0.039,0.039,0.039,0.007,0.007,0.193,0.142,0.008,0.008,0.258,0.258,-0.095,-0.095,-0.095,-0.095
-0.709,0.042,-0.69,0.056,0.056,0.056,0.056,0.056,0.021,0.021,0.007,-0.673,-0.673,-0.673,-0.677,-0.677,-0.677,0.694,-0.184,0.022,0.022,0.008,0.008,0.008,0.008,0.008,0.008,0.008,1.62,-0.681,-0.681,1.13,-1.0,-0.695,-0.712,0.013,0.013,0.013,0.013,0.0,0.0,0.0,0.0,0.0,0.0,0.0,-0.704,-1.11,-0.69,-0.69,-0.689,0.11,0.011,-0.706,-0.706,-0.706,-0.668,-0.668,-0.668,-0.668,-0.668,-0.393,0.032,0.032,-0.045,0.039,-0.192,-0.192,-0.194,-0.194,-0.194,-0.194,-0.194,-0.194
-0.011,-0.011,0.007,0.0,0.0,0.0,0.0,0.0,0.0,0.0,0.0,0.009,0.009,0.009,0.003,0.003,0.003,0.0,0.0,-0.002,-0.002,-0.002,-0.002,-0.002,-0.002,-0.002,0.001,0.001,2.15,-0.111,-0.111,0.001,0.001,0.001,-0.001,-0.001,-0.001,-0.001,-0.001,-0.004,-0.004,-0.004,-0.004,-0.004,-0.004,-0.004,-0.046,-0.683,0.0,0.0,0.001,0.931,-0.343,-0.052,-0.052,-0.052,-0.052,-0.052,-0.052,-0.052,-0.052,-0.052,0.013,0.013,-0.011,0.006,0.0,0.0,0.046,0.046,0.046,0.046,0.046,0.046
-0.015,-0.015,-0.015,0.02,0.02,0.02,0.02,0.02,0.02,0.02,0.02,-0.001,-0.001,-0.001,-0.23,-0.23,-0.191,0.057,0.047,0.058,0.058,0.058,0.058,0.058,0.058,0.058,-0.254,-0.254,2.4,0.0,0.0,0.544,-0.246,-0.246,-0.078,-0.078,-0.078,-0.099,-0.099,-0.082,-0.082,-0.082,-0.082,-0.082,-0.082,-0.082,0.182,0.182,0.057,-0.267,0.034,0.08,-0.195,-0.133,-0.133,-0.133,3.66,3.66,-0.192,-0.192,0.376,-0.24,-0.03,-0.03,-0.033,0.299,-0.137,-0.09,0.073,0.073,0.073,0.073,0.073,-0.088
-0.119,-0.119,0.13,0.015,0.015,0.015,0.015,0.015,0.015,0.015,0.015,-0.056,-0.056,-0.056,0.01,0.01,0.01,-0.118,-0.118,0.01,0.01,0.01,0.01,0.01,0.01,0.01,0.011,0.011,0.011,-0.115,-0.131,0.011,0.011,0.011,0.01,0.01,0.01,0.01,0.01,-0.112,-0.112,-0.112,-0.112,-0.112,-0.112,-0.112,-0.229,-0.229,0.007,0.007,0.009,0.008,0.008,-0.153,-0.153,-0.153,-0.153,-0.153,-0.153,-0.153,-0.153,0.31,-0.248,-0.248,-0.117,-0.126,-0.139,-0.139,-0.029,-0.029,-0.029,-0.029,-0.029,-0.029
-0.036,-0.036,0.141,0.033,0.033,0.033,0.033,0.033,0.033,0.033,0.033,0.001,0.001,0.001,-0.003,-0.003,-0.003,0.001,0.001,-0.023,-0.002,-0.002,0.002,0.002,0.002,0.002,-0.003,-0.003,-0.003,-0.005,-0.005,0.0,0.0,0.0,0.001,0.001,0.001,0.001,0.001,-0.016,-0.016,-0.016,-0.016,-0.016,-0.016,-0.016,-0.001,-0.001,0.002,0.002,-0.002,-0.026,-0.026,-0.03,-0.03,-0.03,-0.03,-0.03,-0.03,-0.03,-0.03,-0.03,0.003,0.003,0.116,-0.001,-0.004,-0.004,0.01,0.01,0.01,0.01,0.01,0.01
-0.029,-0.029,1.01,-0.017,-0.017,-0.017,-0.017,-0.017,-0.017,-0.017,0.899,0.0,-0.008,-0.008,-0.015,-0.015,-0.015,0.836,-0.005,0.881,0.881,0.881,0.876,0.876,0.876,0.876,0.457,0.457,1.45,0.437,0.422,-0.017,-0.017,-0.017,-0.201,1.46,-0.032,-0.032,-0.032,1.61,-0.014,-0.014,-0.014,-0.014,-0.018,-0.018,-0.011,-0.011,-0.016,-0.016,-0.025,0.751,-0.012,-0.026,-0.026,-0.026,-0.026,-0.026,-0.025,-0.025,-0.025,-0.025,0.354,0.354,0.438,-0.041,-0.037,-0.037,0.343,0.343,0.343,0.343,0.343,0.343
-0.717,-0.717,-0.701,-0.709,-0.7,-0.7,-0.707,-0.707,-0.707,-0.707,-0.702,0.036,0.011,0.011,-0.706,-0.706,-0.701,-0.007,0.02,0.0,0.02,-0.005,0.025,0.001,0.001,0.001,0.002,0.002,0.714,0.0,0.0,-0.006,0.014,0.014,0.014,1.27,-0.688,-0.719,-0.719,-0.289,0.788,0.253,-0.706,-0.705,-0.041,-0.024,0.006,0.019,0.027,-0.004,0.006,0.613,-0.01,-0.734,-0.734,-0.734,0.552,3.66,1.67,0.598,1.27,-0.726,0.022,0.022,-0.05,0.003,-0.732,-0.732,-0.205,-0.205,-0.205,-0.205,-0.205,-0.206
-0.002,-0.002,-0.007,0.004,-0.016,-0.016,-0.016,-0.016,-1.12,-1.12,0.527,-0.519,0.019,0.034,0.012,0.012,0.012,0.011,0.003,-0.021,0.025,0.04,0.015,0.015,0.015,0.015,0.001,0.001,3.66,0.484,0.484,-0.528,-0.527,-0.527,-0.52,-0.519,-0.519,-0.519,-0.519,-0.123,-0.123,-0.123,-0.123,0.007,0.007,0.007,0.012,0.012,0.006,-0.009,0.011,0.029,0.029,-0.545,-0.545,-0.545,-0.555,-0.555,-0.052,-0.052,-0.041,0.543,-0.514,-0.514,-0.044,0.2,0.019,0.019,-0.15,-0.15,-0.15,-0.15,-0.15,-0.121
-0.059,-0.049,-0.405,-0.068,-0.394,-0.392,-0.392,-0.392,-0.392,-0.392,0.42,-0.406,-0.406,-0.406,-0.739,-0.739,-0.043,0.078,0.079,-0.422,-0.422,-0.082,0.032,1.45,0.015,0.015,-0.412,-0.412,0.563,-0.4,-0.168,1.01,-0.398,-0.398,-0.051,-0.007,-0.007,-0.007,-0.075,0.092,-0.399,-0.4,0.009,0.009,0.009,0.023,-0.546,-0.834,-0.394,-0.371,-0.369,-0.404,-0.401,-0.159,-0.333,-0.333,-0.333,-0.333,-0.333,-0.333,-0.333,-0.361,0.475,0.475,0.037,0.442,-0.394,-0.394,-0.437,0.336,-0.339,-0.339,-0.339,0.108
0.017,0.002,0.015,-0.014,-0.014,-0.014,-0.014,-0.014,-0.014,-0.014,1.33,-0.579,-0.579,-0.579,0.022,0.022,0.022,0.008,0.008,0.012,0.012,0.012,0.012,0.012,0.012,0.012,-0.606,-0.606,0.62,-0.01,-0.01,0.021,0.021,0.021,-0.005,-0.005,-0.005,-0.005,-0.005,-0.008,0.493,-0.623,-0.043,-0.078,0.114,-0.597,-0.001,-0.001,0.018,0.018,-0.023,0.032,-0.564,-0.601,-0.601,-0.601,3.66,3.66,-0.605,-0.605,-0.605,0.113,-0.574,-0.574,0.004,-0.045,0.027,0.027,-0.022,-0.022,-0.022,-0.022,-0.022,-0.022
0.018,0.018,-0.011,-0.007,-0.007,-0.007,-0.007,-0.007,-0.007,-0.007,-0.007,-0.022,-0.011,-0.011,-0.011,-0.011,-0.011,-0.012,-0.012,0.0,0.0,0.0,0.0,0.0,0.0,0.0,-0.003,-0.003,0.001,0.003,0.033,0.006,0.02,0.02,0.005,0.005,0.005,0.005,0.027,-0.006,-0.006,-0.006,-0.006,-0.006,0.051,0.051,-0.005,-0.005,-0.012,0.029,0.02,1.46,-0.812,0.029,0.029,0.029,0.029,0.029,0.029,0.029,0.029,0.029,0.012,0.012,0.042,0.034,-0.818,-0.818,0.022,0.022,0.022,0.022,0.022,0.022
-0.342,-0.342,-0.351,0.377,0.349,0.352,0.359,0.359,0.359,0.359,0.341,0.0,0.0,0.0,-0.363,-0.363,-0.363,-0.004,-0.01,0.006,0.002,0.002,0.002,0.002,0.002,0.002,0.378,0.378,0.35,-0.349,-0.349,0.014,0.014,0.014,-0.006,-0.016,-0.016,-0.016,0.016,-0.352,-0.352,-0.352,-0.352,-0.352,-0.354,-0.354,-0.726,-0.726,0.012,0.019,-0.338,0.746,-0.717,0.015,0.015,0.015,0.015,0.015,0.015,0.015,0.015,0.018,-0.344,-0.344,-0.044,-0.341,-0.326,-0.326,-0.073,-0.073,-0.073,-0.073,-0.073,-0.073
-0.052,-0.052,0.011,0.007,0.007,-0.012,-0.012,-0.012,-0.012,-0.012,0.013,0.034,0.024,0.024,0.017,0.017,0.006,-0.008,-0.681,0.008,0.008,0.0,0.004,0.004,0.004,0.004,0.647,0.647,0.648,-0.006,-0.006,-0.007,-0.007,-0.007,-0.015,-0.015,-0.015,-0.015,-0.015,0.004,0.004,0.004,0.004,0.004,0.004,0.004,-0.665,-0.665,0.007,-0.004,-0.015,1.15,-0.693,-0.048,-0.057,-0.057,-0.057,-0.057,-0.057,-0.057,-0.057,0.592,-0.661,-0.661,-0.063,-0.681,-0.039,-0.039,-0.03,-0.03,-0.03,-0.03,-0.03,-0.022
0.0,0.0,0.0,-0.034,-0.034,-0.034,-0.034,-0.034,-0.034,-0.034,-0.044,0.279,0.279,0.279,-0.049,-0.049,-0.049,0.291,0.291,0.94,0.94,0.94,-0.049,-0.028,-0.028,-0.028,1.52,1.52,2.15,0.345,0.345,0.323,0.323,0.323,-0.344,0.307,0.262,-0.357,0.304,-0.021,-0.021,-0.021,-0.021,-0.021,-0.021,-0.021,0.999,-0.38,-0.017,-0.017,-0.002,1.04,-0.33,-0.319,-0.319,-0.319,-0.319,-0.319,-0.319,-0.319,-0.319,0.371,-0.027,-0.027,-0.27,0.328,-0.297,-0.297,0.156,0.156,0.156,0.156,0.156,0.156
-0.161,-0.153,0.231,0.0,0.0,0.0,0.0,0.0,0.0,0.0,0.479,-0.186,-0.2,-0.2,-0.483,-0.483,-0.138,0.423,-0.078,0.069,0.017,0.117,0.095,-0.088,-0.088,-0.088,0.033,0.033,1.12,-0.13,-0.13,1.21,-0.474,-0.154,-0.101,0.048,0.179,0.179,0.179,-0.132,-0.132,-0.132,-0.132,0.361,0.06,0.06,-0.168,0.618,-0.158,-0.042,-0.096,0.285,-0.029,-0.174,0.424,0.424,-0.034,-0.034,-0.034,-0.034,-0.034,0.206,0.215,0.205,-0.135,-0.084,-0.169,-0.169,-0.014,-0.014,-0.296,0.003,0.003,0.029
0.034,0.034,0.077,-0.022,-0.022,-0.022,-0.022,-0.022,-0.022,-0.022,-0.022,0.083,0.083,0.083,-0.147,-0.147,-0.138,0.013,0.043,0.728,0.1,-0.088,-0.088,-0.088,-0.088,-0.088,-0.277,-0.277,1.41,-0.192,-0.192,0.0,-0.096,-0.096,0.042,0.042,0.042,0.042,0.042,-0.048,-0.048,-0.048,-0.048,-0.048,-0.11,-0.068,-0.242,-0.242,-0.166,-0.166,0.004,0.021,-0.118,-0.188,-0.067,-0.067,0.402,3.66,-0.296,0.019,-0.024,0.003,0.019,0.019,-0.06,0.332,-0.133,-0.227,-0.038,-0.038,-0.038,-0.038,-0.038,0.062
-0.001,-0.001,-0.001,0.003,0.003,0.003,-0.607,-0.61,-0.61,-0.61,0.587,0.511,-0.614,-0.614,0.007,0.007,0.043,-0.002,-0.002,0.014,0.014,-0.002,0.005,-0.005,-0.005,-0.005,-0.029,-0.029,0.008,0.001,0.001,0.004,0.004,0.004,-0.598,2.14,-0.596,-0.596,-0.596,0.004,0.004,0.004,-0.002,-0.002,-0.002,-0.002,-0.597,-0.597,0.582,0.001,0.001,-0.002,-0.583,-0.59,-0.59,-0.59,-0.59,-0.59,-0.59,-0.59,1.28,-0.585,0.004,0.004,0.0,0.011,0.005,0.005,-0.037,-0.037,-0.037,-0.037,-0.037,-0.037
-0.293,-0.293,-0.293,0.072,0.072,0.072,0.072,0.072,0.072,0.072,0.072,-0.269,-0.269,-0.269,0.028,0.028,0.028,-0.019,0.0,0.071,0.071,0.076,0.076,0.076,0.076,0.076,-0.669,-0.669,0.074,-0.285,-0.285,-0.275,-0.275,-0.275,0.081,3.66,-0.647,-0.647,-0.647,0.056,0.056,0.056,0.056,0.056,0.056,0.056,-0.625,-0.625,0.06,0.06,-0.026,-0.055,0.065,0.071,0.071,0.071,0.071,0.071,0.071,0.071,0.071,0.071,-0.064,-0.064,0.001,0.057,-0.699,-0.699,0.39,0.39,-0.313,-0.313,-0.313,-0.322
0.005,0.005,0.003,0.0,0.0,0.0,0.0,0.0,0.0,0.0,0.0,0.011,0.011,0.011,0.003,0.003,0.003,-0.21,-0.21,-0.005,-0.005,-0.005,-0.005,-0.005,-0.005,-0.005,-0.005,-0.005,-0.005,-0.296,-0.296,0.003,0.003,0.003,-0.332,3.66,-0.247,-0.277,-0.277,-0.006,-0.006,-0.006,-0.006,-0.006,-0.016,-0.016,0.008,0.008,0.007,0.007,-0.003,0.54,-0.302,-0.078,-0.078,-0.078,-0.078,-0.078,-0.078,-0.078,0.474,0.474,0.011,0.011,-0.046,0.01,-0.325,-0.325,-0.024,-0.024,-0.024,-0.024,-0.024,-0.024
0.004,0.004,0.004,-0.005,-0.005,-0.005,-0.005,-0.005,-0.005,-0.005,-0.005,-0.011,-0.011,-0.011,-0.01,-0.01,-0.01,-0.009,-0.009,0.409,0.409,0.409,0.409,0.407,0.407,0.407,0.412,0.412,0.406,0.001,0.001,0.387,0.387,0.387,-0.003,-0.003,-0.003,-0.003,-0.003,-0.004,-0.004,-0.004,-0.004,-0.007,-0.003,-0.003,-0.008,-0.008,-0.004,0.001,0.006,0.427,-0.57,0.012,0.012,0.012,0.012,0.012,0.012,0.012,0.012,0.012,0.414,0.414,0.018,0.003,-0.097,-0.097,0.092,0.092,0.092,0.092,0.092,0.092
0.02,0.02,0.011,0.0,0.0,0.0,0.0,0.008,0.008,0.008,-0.015,-0.017,-0.017,-0.017,-0.008,-0.008,-0.008,-0.02,-0.02,-0.013,-0.013,-0.008,-0.008,-0.008,-0.008,-0.008,0.302,0.302,0.304,0.003,0.017,0.005,0.013,0.013,0.003,0.005,0.0,0.0,0.0,-0.023,-0.023,-0.023,-0.023,-0.023,0.005,0.005,-0.01,-0.01,0.003,0.003,0.022,0.04,-0.749,0.02,0.02,0.02,0.005,0.005,0.005,0.005,0.005,0.005,0.015,0.015,0.003,0.011,0.026,0.026,0.031,0.031,0.031,0.031,0.031,0.031
0.037,0.037,-0.005,0.0,0.0,0.0,0.0,-0.007,-0.007,-0.007,-0.016,-0.009,0.007,0.007,-0.007,-0.007,-0.007,-0.018,-0.018,0.005,0.005,0.005,-0.002,-0.002,-0.002,-0.002,-0.821,-0.821,1.56,0.011,0.011,0.174,0.161,0.161,0.0,0.0,0.006,0.006,0.006,0.147,0.147,0.147,0.147,0.147,0.147,0.147,-0.007,-0.007,0.009,0.009,0.001,1.53,-0.821,0.022,0.022,0.022,0.022,0.022,0.022,0.022,0.022,0.022,0.002,0.002,0.02,0.003,0.001,0.001,0.034,0.034,0.034,0.034,0.034,0.034
-0.277,-0.277,-0.277,0.166,0.166,0.166,-0.287,-0.287,-0.287,-0.287,0.165,-0.259,-0.259,-0.259,-0.07,-0.07,-0.07,-0.048,-0.048,0.171,0.171,0.174,0.167,0.167,0.167,0.167,0.0,0.0,0.0,0.163,0.163,0.034,0.034,0.034,-0.058,-0.058,-0.058,-0.058,-0.058,-0.058,-0.058,-0.058,-0.058,-0.058,-0.058,-0.058,-0.272,-0.272,0.141,0.141,-0.073,0.155,-0.282,-0.118,-0.118,-0.118,-0.118,-0.118,-0.118,-0.118,-0.118,-0.118,0.135,0.135,0.147,-0.275,-0.056,-0.056,0.008,0.008,0.008,0.008,0.008,0.008
-0.069,-0.069,-0.069,0.032,0.032,0.032,0.032,0.032,0.032,0.032,0.029,-0.032,-0.032,-0.032,-0.031,-0.031,-0.03,-0.077,-0.077,0.161,0.161,0.161,0.161,0.161,0.161,0.161,0.003,0.003,0.0,0.169,0.169,0.142,0.142,0.142,-0.017,-0.009,-0.004,-0.004,-0.004,-0.033,-0.033,-0.033,-0.033,-0.031,-0.031,-0.031,-0.014,-0.014,-0.017,-0.017,0.049,0.671,-0.552,-0.036,-0.042,-0.042,-0.042,-0.042,-0.042,-0.042,-0.042,-0.042,-0.009,-0.009,-0.037,0.022,-0.04,-0.04,0.042,0.042,0.042,0.042,0.042,0.042
0.291,0.41,0.41,-0.001,-0.001,-0.001,-0.001,-0.001,-0.001,-0.001,-0.001,0.0,0.0,0.0,0.169,0.169,0.169,0.006,0.0,0.006,0.006,0.006,0.006,0.006,0.006,0.006,-0.603,-0.603,0.636,0.024,0.024,0.272,0.275,-0.589,-0.14,-0.14,-0.14,-0.14,0.015,-0.6,-0.23,-0.23,-0.23,-0.291,-0.291,-0.291,-0.288,-1.13,0.558,0.558,0.112,0.386,-0.285,-0.593,-0.593,-0.593,3.66,3.66,-0.546,-0.546,1.68,-0.581,-0.001,-0.001,0.02,0.869,-0.074,-0.074,0.02,0.02,0.02,0.087,0.087,0.087
0.065,0.065,0.065,0.002,0.002,0.002,0.002,0.002,0.002,0.002,0.002,0.0,0.0,0.0,-0.003,-0.003,-0.003,0.0,0.009,-0.005,-0.005,-0.005,0.0,0.0,0.0,0.0,0.001,0.001,-0.003,-0.001,-0.001,-0.001,0.005,0.005,0.014,0.014,0.014,0.014,-0.008,-0.003,-0.003,-0.002,-0.002,-0.001,-0.001,-0.001,-0.003,-0.003,0.0,0.0,0.005,0.014,-0.104,0.003,0.003,0.003,0.003,0.003,0.003,0.003,0.003,0.003,0.0,0.0,0.006,0.001,-0.04,-0.04,0.002,0.002,0.002,0.002,0.002,0.002
-0.107,-0.107,-0.133,-0.59,-0.587,-0.587,-0.587,-0.587,-0.585,-0.585,0.254,-0.154,0.048,0.048,0.337,0.337,0.415,0.282,-0.601,0.615,0.498,0.379,-0.071,-0.071,-0.034,-0.034,1.07,1.62,3.31,-0.074,-0.074,0.297,-0.142,-0.142,0.557,0.29,-0.505,-0.505,-0.505,-0.12,-0.12,0.682,0.689,0.689,1.2,1.2,-0.147,-0.158,-0.12,-0.113,-0.455,-0.059,0.182,-0.401,0.459,0.377,0.377,0.377,1.22,0.127,0.127,0.127,-0.514,-0.514,-0.105,0.655,-0.568,-0.573,0.059,0.059,0.059,0.059,0.059,0.058
-0.694,-0.692,-0.733,-0.348,-0.348,-0.348,-0.348,-0.348,-0.348,-0.348,0.817,-0.315,-0.315,-0.315,0.059,0.059,0.059,0.072,0.032,-0.094,-0.094,-0.078,0.087,0.043,0.043,0.043,-0.727,-0.727,0.746,0.061,0.173,0.184,0.062,0.085,0.072,0.11,-0.737,-0.737,-0.731,-0.013,-0.013,-0.013,-0.013,0.0,0.0,0.0,-0.118,-1.09,0.006,-0.037,-0.716,0.126,-0.702,-0.656,-0.656,-0.656,0.104,0.104,0.104,0.104,0.104,0.104,-0.721,-0.721,-0.033,-0.712,-0.695,-0.695,0.117,0.117,0.117,0.117,0.117,-0.433
-0.049,-0.049,-0.049,0.116,0.107,0.111,0.111,0.111,0.111,0.111,0.046,0.556,0.576,0.576,0.507,0.407,0.407,-0.452,-0.881,0.004,0.006,0.718,-0.026,-0.026,-0.026,-0.026,1.56,1.56,3.66,-0.006,-0.009,-0.049,-0.055,-0.054,-0.473,3.66,-0.453,-0.453,-0.453,0.395,0.345,0.345,0.345,0.345,0.222,0.222,-0.435,-0.435,2.06,-0.466,-0.159,0.404,-0.41,-0.075,-0.075,-0.075,-0.063,-0.063,-0.063,1.61,1.41,1.41,-0.458,-0.458,-0.45,-0.462,-0.418,-0.418,0.009,0.009,0.026,0.026,0.026,0.026
0.016,0.007,-0.002,-0.002,-0.002,-0.002,-0.002,-0.002,-0.002,-0.002,-0.002,-0.008,-0.008,-0.008,-0.004,-0.004,-0.004,-0.003,-0.003,0.009,0.009,0.009,0.007,0.007,0.007,0.007,0.0,0.0,-0.001,0.004,0.004,0.003,0.003,0.003,0.003,0.003,0.003,0.003,0.003,0.001,-0.004,-0.004,-0.004,-0.004,0.004,0.004,-0.005,-0.005,0.001,0.001,0.008,0.017,-0.537,-0.522,-0.522,-0.522,0.009,0.009,0.009,0.009,0.009,0.01,0.003,0.003,0.014,0.0,0.017,0.017,-0.014,-0.014,-0.014,-0.014,-0.014,-0.014
0.069,-0.036,0.011,-0.013,0.013,-0.499,-0.499,-0.499,-0.499,-0.499,-0.002,-0.485,-0.485,-0.485,0.0,-0.003,-0.003,0.0,0.0,0.09,0.09,0.089,0.089,0.089,0.089,0.089,-0.497,-0.497,0.004,0.534,0.013,0.005,0.007,0.007,0.005,0.272,-0.492,-0.492,-0.508,0.004,-0.004,-0.004,-0.004,-0.004,-0.004,-0.004,0.004,0.004,0.003,0.024,-0.489,0.496,-0.46,-0.498,-0.498,-0.498,-0.466,-0.466,-0.466,-0.466,-0.439,0.066,0.043,0.035,0.002,0.005,-0.502,-0.502,-0.075,-0.075,-0.075,-0.075,-0.075,-0.075
-0.04,-0.04,-0.016,0.007,0.007,-0.024,-0.024,-0.024,-0.024,-0.024,0.024,0.038,0.038,0.038,0.019,0.019,0.019,0.001,-0.998,0.009,0.009,-0.015,0.025,0.025,-0.01,-0.01,0.009,0.009,0.009,-0.016,-0.016,-0.018,-0.002,-0.002,-0.023,-0.008,-0.008,-0.008,-0.008,0.0,0.005,0.005,0.005,0.005,-0.062,-0.062,-0.99,-0.939,-0.009,-0.009,-0.036,-0.041,-0.041,-0.356,-0.356,-0.356,0.208,0.208,0.208,0.208,0.208,0.208,0.015,0.015,-0.117,0.005,-0.076,-0.076,-0.021,-0.021,-0.021,-0.021,-0.021,-0.021
0.013,0.013,0.007,-0.01,-0.01,-0.01,-0.01,-0.01,-0.01,-0.01,-0.01,-0.016,-0.01,-0.01,-0.005,-0.005,-0.005,-0.001,-0.007,0.005,0.005,0.005,-0.008,-0.008,-0.008,-0.008,0.0,0.0,0.0,0.012,0.009,0.009,0.005,0.005,0.003,0.003,0.003,0.003,0.012,-0.004,-0.004,-0.004,-0.004,-0.004,-0.004,0.033,-0.008,-0.008,0.007,0.007,0.021,0.759,-0.768,0.028,0.028,0.028,0.004,0.004,0.004,0.004,0.0,0.0,0.015,0.015,0.006,0.013,-0.757,-0.757,-0.002,-0.002,-0.002,-0.002,-0.002,-0.002
-0.023,-0.023,-0.023,0.309,0.309,0.309,0.309,0.309,0.309,0.309,0.283,-0.037,-0.021,-0.021,0.236,0.236,0.236,-0.04,-0.04,0.269,0.269,0.269,-0.075,-0.075,-0.075,-0.075,-0.397,-0.397,2.1,0.261,0.278,-0.342,-0.344,-0.344,0.253,0.253,0.253,0.253,0.253,0.12,0.12,0.12,0.0,0.0,-0.373,-0.014,-0.378,-0.378,-0.374,-0.37,-0.019,0.327,-0.369,-0.36,-0.36,-0.36,3.66,3.66,0.302,0.302,0.302,0.302,-0.056,-0.056,-0.007,0.313,0.207,0.207,0.1,0.1,0.1,0.1,0.1,0.1
0.003,0.003,0.011,0.0,0.002,0.002,0.002,0.002,0.002,0.002,0.002,0.0,0.0,0.0,0.021,0.021,0.021,0.18,-0.369,-0.008,-0.008,-0.015,-0.015,-0.015,-0.015,-0.015,0.391,0.391,0.411,-0.023,-0.023,0.0,0.001,0.001,-0.037,-0.037,-0.037,-0.037,-0.037,-0.031,-0.031,-0.031,-0.031,-0.031,-0.031,-0.031,0.012,0.012,-0.011,-0.01,-0.012,0.145,-0.354,-0.013,-0.013,-0.013,-0.013,-0.013,-0.013,-0.013,-0.013,-0.013,0.002,0.002,-0.003,-0.034,0.05,0.041,0.0,0.0,0.0,0.0,0.0,0.0
-0.051,-0.051,-0.031,-0.015,-0.015,-0.015,-0.015,-0.015,-0.015,-0.015,-0.013,0.0,0.0,0.0,0.616,0.616,0.636,-0.005,-0.005,0.763,0.763,0.746,0.759,0.759,0.759,0.759,0.601,0.601,0.609,0.076,0.076,-0.026,-0.026,-0.026,-0.024,-0.024,-0.024,-0.024,-0.024,0.137,0.137,0.137,0.137,0.137,0.111,0.106,-0.661,-0.661,-0.021,-0.048,-0.035,1.13,-0.055,-0.066,-0.041,-0.041,-0.041,-0.041,-0.032,-0.032,-0.032,1.13,0.584,0.584,0.027,-0.029,-0.518,-0.518,0.186,0.186,0.186,0.186,0.186,0.186
-0.011,-0.011,-0.011,0.004,-0.71,-0.71,-0.71,-0.71,-0.71,-0.71,1.9,0.015,0.015,0.015,0.012,0.012,0.012,0.006,0.0,0.109,0.109,0.107,0.107,0.107,0.107,0.107,-0.005,-0.005,-0.005,-0.012,-0.012,-0.006,-0.002,-0.002,0.006,3.6,-0.361,-0.361,-0.366,0.002,0.002,0.002,0.0,0.0,0.0,0.0,-0.697,-0.697,0.015,0.015,-0.36,1.17,-0.7,-0.729,-0.709,-0.709,-0.018,-0.018,-0.018,-0.018,-0.018,0.0,0.015,0.015,-0.049,0.016,-0.698,-0.698,-0.021,-0.021,-0.021,-0.021,-0.021,-0.019
-0.001,-0.001,0.0,0.029,-0.463,-0.463,-0.463,-0.463,-0.463,-0.463,0.393,-0.406,-0.002,-0.002,-0.452,-0.452,-0.452,0.344,1.47,0.03,0.03,0.355,-0.041,0.293,0.293,0.293,-0.452,-0.452,3.66,-0.415,-0.472,0.282,0.455,0.56,-0.889,1.56,-0.004,-0.859,-0.874,0.349,0.349,-0.129,-0.466,1.24,-0.09,-0.067,-0.026,-0.067,0.376,0.318,-0.465,0.647,-0.433,-0.111,-0.111,-0.111,0.677,0.677,0.677,0.677,0.677,0.16,0.065,0.065,0.186,1.46,-0.08,-0.08,0.279,0.279,0.332,0.332,0.332,-0.071
-0.012,-0.005,0.006,1.5,-0.727,-0.727,-0.727,-0.727,-0.727,-0.727,-0.009,0.005,0.005,0.005,0.0,-0.017,-0.017,-0.001,-0.746,0.716,-0.719,0.003,0.0,0.0,0.0,0.0,-0.002,-0.002,1.48,0.013,0.663,-0.052,-0.022,0.019,0.01,0.093,-0.012,-0.729,-0.729,-0.002,-0.002,-0.002,-0.002,-0.002,-0.002,-0.002,0.017,0.017,-0.714,0.02,0.032,0.03,-0.701,-0.731,-0.731,-0.731,-0.732,3.66,-0.73,-0.73,3.45,-0.683,-0.007,-0.007,-0.019,-0.645,0.042,0.042,-0.083,-0.083,-0.083,-0.083,-0.083,-0.083
-0.076,-0.076,-0.565,-0.008,-0.008,-0.003,-0.003,-0.003,-0.003,-0.003,0.0,0.007,0.013,0.013,-0.017,-0.006,-0.006,-0.031,0.591,-0.626,0.515,0.515,0.513,0.513,0.513,0.513,1.13,1.13,0.632,-0.562,0.504,0.499,-0.026,-0.009,0.796,2.85,-0.543,-0.543,-0.569,0.477,0.477,0.477,0.477,0.477,0.477,0.477,0.002,0.002,-0.026,-0.026,0.406,0.44,0.44,-0.605,-0.605,-0.605,0.467,0.467,0.467,0.467,0.467,0.494,-0.993,-1.01,-1.06,-0.02,0.451,-0.613,-0.007,-0.007,-0.007,-0.007,-0.007,0.006
-0.509,-0.495,-0.495,-0.495,-0.495,-0.495,-0.495,-0.495,-0.002,-0.002,0.002,0.004,0.004,0.004,0.0,0.0,0.0,-0.426,-0.002,-0.505,-0.505,-0.011,-0.011,-0.011,-0.011,-0.011,-0.004,-0.004,-0.005,0.005,0.005,0.485,0.49,0.49,0.008,-0.001,-0.001,-0.001,-0.002,0.02,0.005,0.005,0.005,0.012,0.002,0.002,-0.492,-0.492,0.002,0.003,-0.074,0.5,-0.496,0.002,0.002,0.002,0.002,0.002,0.002,0.002,0.002,0.002,-0.482,-0.482,-0.029,0.013,-0.496,-0.496,-0.209,-0.209,0.106,0.106,0.106,0.131
-0.873,-0.834,0.038,0.864,0.025,0.025,0.025,0.025,0.025,0.025,-0.013,-0.851,-0.869,-0.869,0.015,-0.88,0.029,-0.865,0.044,0.007,0.007,0.007,0.021,0.051,0.051,0.051,1.09,0.373,0.862,0.02,-0.827,0.012,-0.866,-0.882,-0.867,1.15,-0.863,-0.863,-0.863,-0.01,0.876,0.876,0.84,0.807,-0.866,-0.866,-0.845,-0.845,0.01,0.08,-0.865,0.03,-0.876,-0.864,-0.864,-0.831,-0.831,-0.831,-0.831,-0.831,0.808,0.808,0.01,0.01,-0.825,0.791,-0.873,-0.873,-0.319,-0.319,-0.319,-0.319,-0.319,-0.319
-0.801,-0.801,-0.007,0.006,0.006,0.006,0.006,0.006,0.006,0.006,0.008,-0.741,-0.741,-0.741,-0.77,-0.764,0.013,0.009,0.009,0.008,0.008,0.012,0.013,0.013,-0.767,-0.767,0.011,0.011,0.011,-0.005,0.02,-0.001,-0.003,-0.003,0.003,-0.001,-0.001,-0.744,0.046,0.0,-0.005,-0.006,-0.006,-0.006,0.003,0.003,-0.743,-0.743,-0.002,0.023,0.684,-0.004,0.009,-0.787,-0.771,-0.771,3.66,3.66,-0.784,-0.784,3.66,-0.778,-0.747,-0.747,-0.038,-0.001,-0.032,-0.032,-0.106,-0.106,-0.106,-0.106,-0.106,-0.106
-0.416,-0.416,-0.416,0.015,0.015,0.015,0.015,0.015,0.015,0.015,0.019,-0.39,-0.42,-0.42,0.43,0.43,0.43,-0.408,-0.405,-0.407,-0.407,-0.407,-0.407,-0.407,-0.407,-0.407,0.01,0.01,0.01,0.377,0.377,-0.42,0.123,0.123,-0.416,-0.416,-0.407,-0.407,-0.407,1.17,0.341,0.341,0.341,0.368,0.337,0.337,-0.403,-0.39,0.006,-0.018,-0.419,0.353,-0.41,-0.446,-0.446,-0.446,0.096,0.096,0.096,0.096,0.096,0.096,-0.404,-0.404,-0.067,0.002,0.341,0.341,-0.096,-0.096,-0.096,-0.096,-0.096,-0.096
-0.183,-0.502,-0.249,-0.47,-0.473,-0.473,-0.473,-0.473,-0.473,-0.473,0.191,-0.53,-0.53,-0.53,0.303,0.303,0.303,0.415,0.454,-0.525,0.078,-0.047,-0.293,-0.293,-0.293,-0.293,-0.867,-0.867,0.152,-0.517,-0.405,0.053,0.052,0.071,-0.052,-0.025,-0.025,-0.025,-0.025,0.037,0.037,0.037,0.037,0.037,0.037,0.037,0.061,-0.249,-0.237,-0.221,0.023,0.652,-0.193,-0.515,-0.515,-0.515,-0.508,-0.508,-0.508,-0.508,0.639,0.096,-0.155,-0.155,-0.163,0.068,-0.496,-0.496,0.32,0.32,-0.301,-0.301,-0.301,-0.318
0.265,0.265,0.254,0.304,0.304,-0.033,-0.033,-0.033,-0.033,-0.033,0.712,-0.073,-0.531,-0.531,-0.473,-0.473,-0.514,0.465,-0.16,1.43,1.43,0.196,0.196,0.196,0.196,0.196,0.672,0.672,0.672,-0.091,-0.095,1.71,0.023,0.023,-0.018,-0.018,0.238,0.238,0.238,0.218,-0.479,-0.479,-0.479,-0.5,0.003,0.003,0.583,-0.503,0.674,-0.146,0.048,-0.097,-0.091,-0.016,-0.016,-0.016,-0.016,-0.016,-0.016,-0.016,-0.016,-0.016,-0.42,-0.42,-0.293,-0.037,-0.001,-0.035,0.474,0.474,1.55,0.26,0.26,-0.215
-0.786,-0.792,0.034,-0.802,-0.802,-0.802,-0.802,-0.802,-0.802,-0.802,0.794,-0.749,-0.737,-0.737,-0.813,-0.813,-0.81,-0.819,0.033,-0.809,-0.809,0.015,0.015,0.031,0.031,0.031,-0.822,-0.822,1.5,-0.051,-0.055,0.019,0.018,0.035,0.004,0.011,0.011,-0.804,-0.804,2.71,-0.801,0.0,0.0,0.0,-0.824,-0.824,-0.8,-0.8,-0.802,-0.797,0.01,0.028,0.027,-0.786,0.023,0.023,-0.765,-0.765,-0.765,-0.765,-0.785,-0.789,0.043,0.043,0.001,-0.76,-0.784,-0.784,-0.25,-0.25,-0.25,-0.25,-0.25,-0.25
0.034,0.034,0.005,0.057,-0.012,-0.012,-0.012,-0.012,-0.012,-0.012,-0.012,-0.047,-0.047,-0.047,-0.016,-0.016,-0.019,-0.008,-0.027,0.008,0.008,0.0,-0.023,0.0,0.0,0.0,-0.006,-0.006,-0.006,0.048,0.048,0.053,0.024,0.024,0.014,0.009,0.009,0.03,0.03,0.012,0.012,0.012,0.012,0.012,0.012,0.012,-0.02,-0.02,0.022,0.022,0.06,0.118,-0.904,-0.878,-0.878,-0.878,-0.878,-0.878,-0.878,-0.878,-0.878,-0.878,-0.933,-0.933,0.122,0.045,-0.872,-0.872,-0.066,-0.066,-0.078,-0.078,-0.078,-0.078
-0.002,-0.002,-0.002,-0.021,-0.021,-0.021,-0.021,-0.021,-0.021,-0.021,-0.021,0.752,0.752,0.752,0.773,0.773,0.773,-0.006,-0.028,-0.017,-0.017,-0.017,-0.017,-0.017,-0.017,-0.017,0.493,1.07,2.91,0.78,0.78,0.002,-0.001,-0.001,-0.014,-0.014,-0.014,-0.014,-0.014,0.005,0.005,0.005,0.005,-0.005,-0.005,-0.005,-0.643,-0.643,0.0,0.0,0.009,0.832,-0.871,-0.849,-0.849,-0.849,0.816,0.816,0.816,0.816,0.816,0.816,0.779,0.779,0.054,-0.004,0.04,0.04,0.193,0.193,0.193,0.193,0.193,0.193
-0.335,-0.335,-0.34,-0.34,-0.34,-0.34,-0.34,-0.34,-0.34,-0.34,0.384,-0.339,-0.339,-0.339,0.392,0.392,0.392,-0.345,0.361,0.41,0.41,0.41,-0.287,-0.291,-0.291,-0.291,-0.35,-0.35,0.391,0.371,0.371,1.03,-0.337,-0.34,-0.347,-0.347,-0.345,-0.345,-0.345,0.366,0.366,0.366,0.366,0.366,0.366,0.366,-0.342,-0.342,0.379,0.391,-0.338,0.411,0.377,-0.346,-0.346,-0.346,-0.346,-0.346,-0.346,-0.346,-0.346,-0.346,-0.342,-0.342,0.357,0.39,-0.341,-0.341,0.0,0.0,0.0,0.0,0.0,0.0
-0.458,-0.458,-0.445,-0.112,-0.112,-0.112,-0.112,-0.112,-0.112,-0.112,0.523,-0.092,-0.092,-0.092,0.204,0.204,0.204,0.171,0.174,0.227,0.227,0.192,0.199,0.199,0.199,0.199,0.477,0.477,0.493,-0.119,-0.134,0.066,0.066,0.066,0.173,0.173,0.173,0.173,0.173,0.176,0.176,0.669,-0.071,0.252,0.17,0.17,-0.197,-0.731,-0.105,-0.122,-0.122,0.747,-0.445,-0.467,-0.467,-0.467,0.633,0.633,0.633,0.633,0.633,0.633,-0.104,-0.104,-0.153,-0.111,0.052,0.052,0.0,0.0,0.0,0.0,0.0,0.0
-0.496,0.002,0.002,0.017,-0.021,-0.021,-0.021,0.022,0.022,0.022,0.242,-0.019,-0.019,-0.019,0.461,0.461,0.463,-0.008,-0.548,-0.003,-0.003,-0.012,-0.009,-0.009,-0.009,-0.009,0.018,0.018,1.01,0.009,0.009,0.02,0.0,0.0,-0.001,0.56,-0.546,-0.546,-0.546,0.489,0.489,0.489,0.489,0.489,0.022,0.022,-0.547,-0.547,-0.004,-0.48,0.019,0.533,-0.524,-0.504,-0.504,-0.504,0.022,0.022,0.022,0.022,0.022,0.06,0.066,0.066,0.041,0.003,-0.498,-0.508,0.01,0.01,0.009,0.009,0.009,0.009
-0.411,-0.411,-0.411,-0.425,-0.404,-0.404,-0.404,-0.404,-0.404,-0.404,-0.416,0.021,0.002,0.002,0.01,0.01,0.01,-0.407,-0.416,0.408,0.408,0.395,0.395,0.395,0.395,0.395,1.13,1.13,1.2,0.0,0.0,0.001,0.001,0.001,0.007,0.004,-0.007,-0.007,-0.007,0.014,0.014,0.014,0.014,0.014,0.014,0.014,-0.425,-0.425,0.012,0.012,-0.427,0.763,-0.441,-0.423,-0.458,-0.458,-0.03,-0.03,-0.03,-0.03,-0.03,-0.026,0.001,0.001,0.001,-0.423,-0.435,-0.435,-0.069,-0.069,-0.069,-0.069,-0.069,-0.069
0.003,-0.359,-0.011,0.367,0.367,0.367,0.367,0.367,0.367,0.367,0.367,-0.026,-0.026,-0.026,0.372,0.372,0.372,-0.012,-0.012,0.008,0.008,0.006,0.006,0.006,0.006,0.006,1.08,1.08,1.08,-0.006,-0.006,-0.002,-0.002,-0.002,0.014,0.82,-0.286,-0.392,-0.124,-0.001,-0.001,-0.001,-0.001,-0.001,0.011,0.006,1.19,-0.396,0.002,0.002,0.023,0.149,0.149,-0.377,-0.377,-0.377,0.424,0.424,0.424,0.424,0.424,0.424,0.394,0.394,0.822,0.0,-0.372,-0.372,0.076,0.076,0.076,0.061,0.061,0.061
0.346,-0.278,-0.438,0.498,0.498,0.027,0.027,0.027,-0.462,-0.462,0.018,0.03,0.03,0.03,-0.486,-0.486,-0.474,0.513,-0.491,-0.469,-0.469,0.015,0.496,0.496,0.496,0.496,3.66,3.66,3.66,-0.455,-0.959,-0.001,0.0,0.0,0.483,0.483,0.483,0.483,0.491,0.091,0.091,0.091,0.091,0.091,0.091,0.091,0.037,-0.988,-0.298,-0.263,0.066,0.048,-0.45,-0.974,-0.974,-0.974,0.039,0.039,0.039,0.039,0.039,0.039,-0.454,-0.454,0.484,0.066,-0.446,-0.446,0.403,0.403,-0.365,-0.365,-0.365,-0.365
-0.003,-0.003,0.005,-0.004,-0.004,0.002,0.002,0.002,0.002,0.002,0.0,0.002,0.002,0.002,0.002,0.002,0.002,-0.005,-0.044,0.002,0.002,0.002,-0.005,-0.005,-0.005,-0.005,0.003,0.003,0.0,-0.006,-0.006,0.003,0.003,0.003,0.01,2.34,-0.481,-0.481,-0.507,0.002,0.002,0.002,0.002,0.002,0.0,0.0,-0.002,-0.002,0.001,0.001,-0.001,-0.001,-0.495,-0.5,-0.5,1.47,-0.509,0.819,-0.492,-0.492,-0.026,-0.009,0.007,0.007,-0.022,0.002,-0.004,-0.004,-0.013,-0.013,-0.013,-0.013,-0.013,-0.016
0.026,0.026,0.01,0.434,1.66,1.43,-0.1,-0.63,-0.63,-0.63,1.18,-0.597,-0.597,-0.597,-0.641,-0.641,-0.634,-0.018,0.097,-0.011,-0.011,-0.037,-0.081,-0.015,0.567,-0.006,-0.639,-0.639,1.09,-0.618,-0.563,-0.633,0.004,-0.003,-0.633,0.539,0.498,0.532,-0.068,-0.026,-0.606,-0.606,-0.006,0.005,0.005,-0.669,-0.046,-0.046,0.014,0.008,0.569,0.543,0.04,-0.63,-0.612,-0.612,-0.612,-0.612,-0.588,-0.588,0.573,0.65,0.195,0.195,0.004,-0.039,0.051,0.051,-0.326,-0.326,-0.329,-0.329,-0.329,0.377
-0.003,-0.003,-0.003,-0.005,-0.005,-0.005,-0.005,-0.005,-0.005,-0.005,-0.015,0.0,0.0,0.0,-0.006,-0.006,-0.006,-0.011,-0.011,0.439,0.439,0.439,0.441,0.441,0.441,0.441,0.008,0.008,0.008,-0.015,-0.015,0.008,0.008,0.008,0.003,0.003,0.003,0.003,0.003,0.002,0.002,0.002,0.002,0.002,0.002,0.002,0.001,0.001,0.006,0.006,0.002,0.474,-0.521,-0.002,-0.002,-0.002,-0.002,-0.002,-0.002,-0.002,-0.002,-0.002,0.008,0.008,0.001,-0.007,-0.016,-0.016,0.045,0.045,0.045,0.045,0.045,0.045
0.192,0.226,0.0,-0.271,-0.271,-0.292,-0.292,-0.292,-0.292,-0.292,0.041,-0.157,-0.157,-0.157,0.087,-0.327,-0.327,0.013,-0.352,-0.085,0.022,0.133,0.197,0.197,0.197,0.197,-0.372,-0.372,1.52,-0.011,0.055,0.055,-0.361,-0.387,0.035,-0.002,0.293,-0.293,-0.293,0.112,-0.32,-0.32,-0.32,0.043,-0.322,-0.358,-0.365,0.086,-0.275,-0.14,-0.196,-0.01,-0.18,-0.291,-0.291,-0.291,-0.291,-0.291,-0.291,-0.291,-0.291,0.176,-0.144,-0.144,-0.279,-0.33,-0.039,0.372,-0.016,-0.016,-0.016,-0.016,-0.016,-0.016
-0.285,-0.285,-0.292,0.01,0.0,0.0,0.0,0.0,0.0,0.0,-0.012,-0.013,-0.01,-0.01,0.285,0.285,0.285,-0.312,-0.322,0.279,0.279,0.279,0.279,0.279,0.279,0.279,0.321,0.321,0.308,0.007,0.007,0.3,0.3,0.3,0.0,1.23,-0.618,-0.618,-0.618,0.564,0.564,0.564,0.564,0.564,0.58,0.58,-0.305,-0.305,0.005,0.012,0.013,0.893,-0.609,0.298,0.298,0.298,0.298,0.298,0.298,0.298,0.298,0.298,-0.292,-0.292,-0.017,-0.603,-0.593,-0.604,0.016,0.016,0.016,0.016,0.016,0.016
-0.016,-0.553,-0.03,0.014,0.016,0.016,0.016,0.016,0.016,0.016,0.021,-0.586,-0.586,-0.586,0.015,0.015,0.012,0.0,0.0,0.007,0.007,0.007,0.007,0.007,0.007,0.007,0.009,0.009,0.01,-0.003,-0.003,-0.003,-0.003,-0.003,0.005,0.005,0.002,0.002,0.002,-0.578,0.0,0.0,0.0,0.0,-0.011,-0.011,-0.057,-0.057,0.021,0.003,-0.007,0.535,-0.589,-0.577,-0.577,-0.577,-0.577,-0.577,-0.577,-0.577,-0.003,-0.003,-0.436,-0.436,-0.026,0.011,-0.589,-0.589,-0.051,-0.051,-0.051,-0.051,-0.051,-0.051
0.323,0.323,0.78,-0.02,-0.02,-0.02,-0.02,-0.02,0.403,-0.045,-0.052,-0.052,-0.052,-0.052,-0.071,-0.071,-0.071,1.0,0.973,-0.031,-0.031,-0.031,-0.031,-0.022,-0.022,-0.022,-0.647,2.24,2.36,-0.36,-0.353,-0.381,-0.066,-0.066,-0.378,0.328,0.289,0.289,0.289,-0.043,-0.043,-0.043,-0.043,-0.043,-0.024,-0.024,0.311,-0.701,0.052,0.054,0.018,0.243,0.243,-0.333,-0.333,-0.333,-0.333,-0.333,-0.333,-0.333,-0.333,-0.333,0.279,0.279,0.325,1.19,0.736,0.736,0.179,0.179,0.179,0.179,0.179,0.179
0.47,-0.305,0.367,0.324,0.324,0.324,0.324,0.324,0.324,0.324,0.289,-0.015,-0.015,-0.015,-0.041,-0.041,-0.039,0.326,0.326,0.344,0.344,0.353,-0.357,-0.358,0.346,-0.354,-0.357,-0.357,1.66,-0.334,-0.334,0.002,-0.376,0.227,-0.349,0.029,-0.015,-0.001,0.001,-0.259,-0.259,-0.259,-0.259,-0.259,-0.026,-0.347,-0.038,-0.038,-0.337,-0.326,0.0,0.433,-0.321,-0.309,-0.307,-0.307,-0.154,-0.154,-0.154,-0.154,-0.154,-0.233,-0.341,-0.671,0.099,0.299,1.21,-0.295,0.038,0.038,0.038,0.038,0.038,0.038
0.006,0.006,-0.007,0.002,0.002,0.002,0.002,0.002,0.002,0.002,0.002,0.0,0.0,0.0,-0.002,-0.004,-0.002,-0.026,-0.026,0.515,0.515,0.515,0.504,0.504,0.504,0.504,0.522,0.522,0.523,-0.005,-0.005,-0.006,-0.006,-0.006,-0.008,-0.002,-0.002,-0.002,-0.002,0.0,0.0,0.0,0.0,0.0,0.0,0.0,-0.003,-0.003,0.003,0.003,0.518,1.05,-0.556,0.04,0.04,0.04,0.04,0.04,0.04,0.04,0.04,0.04,0.529,0.529,0.001,-0.004,0.003,0.003,0.118,0.118,0.12,0.12,0.12,0.12
0.06,0.06,0.011,-0.011,-0.011,-0.011,-0.011,-0.011,-0.011,-0.011,-0.011,-0.016,-0.016,-0.016,-0.012,-0.012,-0.012,-0.004,-0.008,0.478,0.478,0.478,0.478,0.478,0.478,0.478,-0.016,-0.016,-0.016,0.0,0.0,0.007,0.007,0.003,0.004,0.045,0.001,0.001,0.001,-0.002,-0.002,-0.002,-0.002,-0.002,0.015,0.015,-0.012,-0.017,0.47,0.493,-0.022,0.85,-0.511,-0.491,-0.491,-0.491,-0.008,-0.008,-0.008,-0.008,-0.008,-0.008,0.001,0.001,0.05,0.033,-0.48,-0.48,0.04,0.04,0.04,0.04,0.04,0.04
-0.008,-0.008,0.001,0.004,0.004,0.004,0.004,0.004,0.004,0.004,0.001,0.005,0.008,0.008,0.003,-0.001,-0.001,0.003,-0.634,0.001,0.001,0.001,0.001,0.001,0.001,0.001,0.007,0.007,0.007,-0.004,-0.004,0.004,-0.634,-0.634,-0.003,-0.003,-0.622,-0.622,-0.64,-0.623,0.002,0.002,0.002,0.002,0.002,0.002,-0.625,-0.625,-0.621,0.62,0.0,-0.007,-0.643,-0.013,-0.013,-0.013,-0.013,-0.013,-0.013,-0.013,-0.013,-0.013,0.01,0.01,-0.029,0.006,-0.652,-0.652,-0.154,-0.154,-0.154,-0.154,-0.154,-0.154
-0.844,-0.844,0.827,0.0,0.0,0.0,0.0,0.0,0.0,0.0,0.0,0.0,0.0,0.0,-0.005,-0.005,-0.005,0.007,-0.017,0.385,1.2,0.807,0.807,0.807,0.807,0.807,3.66,3.66,0.003,0.009,0.009,-0.857,0.013,0.013,1.51,3.66,-0.858,-0.858,-0.858,-0.002,-0.002,-0.002,-0.002,-0.002,0.017,0.017,-0.853,-0.853,-0.005,0.014,0.01,0.511,-0.856,0.004,0.004,0.004,0.004,0.004,0.004,0.004,0.004,0.004,1.67,1.67,-0.027,0.005,0.035,0.032,-0.093,-0.093,-0.093,-0.093,-0.093,-0.093
0.256,0.076,-0.164,0.176,0.176,0.176,-0.192,-0.192,-0.6,-0.6,-0.198,0.0,0.0,0.0,-0.212,-0.206,-0.21,-0.185,-0.191,-0.212,-0.212,-0.223,0.333,0.333,0.333,0.333,0.499,0.499,1.29,-0.185,-0.164,0.485,0.529,0.496,-0.587,0.18,0.18,0.171,0.162,1.63,-0.176,-0.176,-0.205,-0.205,-0.237,-0.237,-0.208,-0.208,-0.195,-0.198,-0.596,-0.198,-0.178,-0.184,-0.184,-0.184,-0.184,-0.184,-0.184,-0.184,-0.189,0.219,0.236,0.161,-0.147,0.167,-0.603,-0.603,0.004,0.042,0.023,-0.005,-0.005,-0.012
0.0,0.0,0.0,0.007,0.007,0.007,0.007,0.007,0.007,0.007,0.007,0.006,0.006,0.006,0.203,0.203,0.203,0.006,0.006,-0.003,-0.003,-0.009,-0.009,-0.009,-0.009,-0.009,0.004,0.004,0.027,-0.085,-0.085,-0.001,-0.001,-0.005,0.174,3.66,-0.592,-0.592,-0.592,0.004,0.004,0.004,0.0,0.0,0.002,0.002,-0.013,-0.013,-0.012,-0.012,0.001,0.873,-0.593,0.013,0.013,0.013,0.013,0.013,0.013,0.013,0.013,0.013,0.204,0.204,0.014,-0.003,-0.023,-0.023,-0.002,-0.002,-0.002,-0.002,-0.002,-0.002
0.004,0.004,0.004,0.08,0.086,0.086,0.086,0.086,0.086,0.086,0.086,0.062,0.062,0.062,-0.44,-0.436,-0.428,-0.066,-0.085,0.028,0.028,0.028,0.028,0.028,0.028,0.028,3.65,3.65,3.29,-0.385,-0.385,2.13,-1.29,-0.179,-0.556,0.532,0.532,0.532,0.532,-0.275,-0.275,-0.275,-0.275,-0.275,-0.275,-0.275,-0.622,-0.622,0.0,0.0,-0.286,-0.252,-0.249,0.181,0.181,0.181,0.181,0.181,0.181,0.181,0.181,0.181,-0.223,-0.223,0.146,0.493,-0.101,-0.101,-0.018,-0.018,-0.018,-0.018,-0.018,-0.018
-0.359,0.014,-0.003,0.2,-0.393,-0.393,-0.393,-0.385,-0.373,-0.373,1.04,-0.148,-0.099,-0.099,0.259,0.211,0.19,0.029,-0.004,0.48,0.48,0.438,0.445,0.439,0.439,0.439,3.66,3.1,1.8,-0.074,-0.064,-0.11,-0.046,-0.046,-0.138,2.26,-0.654,0.188,-0.986,-0.114,-0.114,-0.114,-0.114,0.573,-0.39,-0.39,-0.007,-0.007,2.25,0.319,-0.067,-0.656,-0.227,-1.01,-0.65,-0.65,-0.151,-0.151,-0.151,-0.151,0.259,0.133,-0.205,-0.287,0.865,0.575,-0.239,-0.283,0.296,0.162,-0.09,0.396,0.396,0.042
-0.051,-0.051,-0.004,0.015,0.015,0.015,0.015,0.015,0.015,0.015,0.015,0.024,0.024,0.024,0.017,0.017,0.017,-0.016,-0.643,0.011,0.011,0.008,0.008,0.008,0.008,0.008,0.01,0.01,0.009,-0.642,-0.025,0.001,0.006,0.006,0.002,-0.003,-0.003,-0.003,0.016,-0.007,-0.007,-0.007,-0.007,-0.007,-0.007,-0.007,0.014,0.014,0.008,-0.039,-0.013,-0.055,-0.657,-0.048,-0.048,-0.048,-0.048,-0.048,-0.048,-0.048,-0.048,-0.048,-1.29,-0.63,-0.092,0.0,-0.034,-0.06,-0.155,-0.155,-0.155,-0.155,-0.155,-0.155
-0.261,-0.261,0.191,0.018,0.018,0.018,0.018,0.018,0.018,0.018,0.02,-0.281,0.033,0.033,-0.28,-0.285,-0.279,0.343,-0.283,0.313,0.314,0.227,0.339,0.112,0.112,0.112,-0.287,-0.287,-0.278,0.062,0.168,-0.271,-0.874,-0.269,-0.274,0.025,0.111,0.111,0.111,0.02,-0.279,-0.279,-0.279,-0.279,0.031,-0.277,0.119,0.119,0.026,0.958,-0.266,-0.266,-0.266,-0.266,-0.266,-0.266,-0.266,-0.266,-0.266,-0.266,0.037,0.038,-0.271,-0.277,0.046,-0.248,-0.259,-0.259,-0.07,-0.07,-0.07,-0.07,-0.07,-0.07
-0.126,-0.126,0.159,-0.418,-0.418,-0.418,-0.418,-0.418,-0.418,-0.418,0.469,-0.128,0.11,-0.409,0.0,0.0,0.0,-0.449,0.546,-0.351,-0.691,0.148,0.007,0.007,0.007,0.007,-0.443,-0.443,0.46,-0.013,-0.013,-0.224,-0.114,-0.114,-0.419,0.007,-0.315,-0.315,-0.315,0.152,0.152,0.152,0.152,0.152,0.154,0.154,0.138,0.138,0.464,0.606,0.202,0.705,-0.247,-0.425,-0.425,-0.425,-0.266,-0.266,-0.266,-0.266,-0.266,0.28,-0.41,-0.41,0.251,2.0,-0.101,-0.431,0.375,0.357,-0.262,-0.262,-0.262,-0.262
-0.001,-0.001,-0.001,0.011,0.011,0.011,0.011,0.011,0.011,0.011,0.011,0.013,0.013,0.013,0.007,0.007,0.007,0.002,-0.489,0.005,0.005,0.005,0.007,0.007,0.007,0.007,0.004,0.004,0.004,-0.003,-0.003,0.0,0.0,0.0,-0.001,-0.001,-0.001,-0.001,-0.001,0.004,0.004,0.004,0.004,0.004,0.004,0.004,0.005,0.005,0.002,-0.007,0.051,0.508,-0.514,-0.507,-0.507,-0.507,-0.014,-0.014,-0.014,-0.014,-0.008,-0.008,0.006,0.006,-0.022,-0.411,-0.017,-0.017,-0.033,-0.033,-0.033,-0.033,-0.033,-0.033
-0.3,-0.3,-0.324,0.015,0.015,0.015,0.015,0.015,0.015,0.015,0.0,-0.32,-0.32,-0.32,0.323,0.323,0.323,-0.003,-0.003,0.933,0.933,0.912,-0.649,-0.649,-0.649,-0.649,0.314,0.314,0.314,0.0,0.0,-0.309,-0.309,-0.309,-0.009,-0.009,-0.009,-0.009,-0.009,0.0,0.0,0.0,0.0,0.0,0.0,0.0,0.673,0.673,0.002,0.002,0.303,1.24,-0.322,0.028,0.028,0.028,0.028,0.028,0.028,0.028,0.028,0.023,0.301,0.301,-0.263,-0.007,-0.445,-0.445,0.034,0.034,0.034,0.034,0.034,0.034
-0.281,-0.272,0.124,-0.03,-0.307,-0.313,-0.311,-0.311,-0.025,-0.025,0.785,0.495,0.446,0.446,-0.312,-0.312,-0.312,0.023,-0.194,0.081,0.081,0.081,0.081,0.081,0.081,0.081,-0.22,-0.22,1.84,-0.172,-0.172,0.272,-0.282,-0.3,-0.589,-0.025,-0.025,-0.025,-0.025,0.0,0.0,0.0,0.0,0.0,0.0,0.0,-0.035,-0.035,-0.294,-0.025,-0.292,0.453,-0.002,-0.277,0.18,0.18,0.18,0.18,0.18,0.18,0.18,0.769,-0.545,-0.545,-0.269,0.292,-0.198,-0.198,0.026,0.026,0.026,0.026,0.026,0.026
0.013,0.013,-0.012,-0.003,-0.003,-0.003,-0.003,-0.003,-0.003,-0.003,-0.003,-0.001,-0.001,-0.001,-0.001,-0.001,-0.001,-0.003,-0.01,0.505,0.505,0.503,-0.532,-0.532,-0.532,-0.532,0.011,0.011,-0.003,0.0,0.017,0.004,0.004,0.004,0.006,0.006,0.006,0.006,0.006,0.0,0.0,0.0,0.0,0.0,0.0,0.0,-0.002,-0.002,0.001,0.001,0.006,0.533,-0.528,0.013,0.013,0.013,0.013,0.013,0.013,0.013,0.013,0.013,-0.001,-0.001,0.019,0.003,-0.531,-0.531,0.008,0.008,0.008,0.008,0.008,0.008
-0.445,-0.445,-0.367,0.602,0.139,0.139,0.139,0.139,0.139,0.139,0.114,-0.212,-0.212,-0.212,0.043,0.043,0.055,0.895,-0.412,-0.302,-0.302,-0.31,-0.31,-0.31,-0.31,-0.31,1.72,1.72,3.2,0.025,0.007,-0.242,-0.242,-0.242,0.023,0.009,0.033,0.027,0.027,-0.032,-0.032,0.442,0.442,0.442,0.332,0.332,-0.347,-0.347,0.117,0.083,-0.051,0.427,-0.818,-0.827,-0.827,-0.827,0.589,0.589,1.34,1.34,1.34,1.34,-0.355,-0.355,0.0,0.079,-0.37,-0.37,0.02,0.02,0.02,0.02,0.02,0.02
0.011,0.004,0.004,0.031,0.031,0.031,-0.821,-0.809,-0.809,-0.809,0.03,-0.798,-0.798,-0.798,-0.828,-0.83,0.023,-0.394,-0.394,0.019,0.019,0.019,0.019,0.019,0.019,0.019,0.131,0.131,0.123,0.399,0.398,0.007,0.007,0.007,-0.406,0.368,-0.401,-0.401,-0.401,-0.025,-0.025,-0.025,-0.025,-0.025,-0.035,-0.035,0.0,0.0,0.011,0.008,-0.007,-0.017,-0.828,-0.81,-0.81,-0.81,-0.017,-0.017,-0.784,-0.784,-0.796,0.005,-0.81,-0.81,0.695,0.007,-0.801,-0.801,-0.201,-0.201,-0.201,-0.201,-0.201,-0.201
0.0,0.0,0.0,0.0,0.0,0.0,0.0,0.0,0.0,0.0,0.0,-0.001,-0.001,-0.001,0.0,0.0,0.0,0.0,0.007,0.005,0.005,0.003,0.003,0.003,0.003,0.003,0.006,0.006,0.006,-0.019,-0.019,0.022,-0.015,-0.015,0.007,0.007,-0.404,-0.404,-0.404,0.003,0.003,0.003,0.003,0.003,-0.008,-0.008,0.004,0.004,0.002,-0.411,0.006,0.013,-0.529,-0.273,-0.273,-0.273,0.27,0.27,0.27,0.27,0.27,0.28,0.011,0.011,0.002,0.013,-0.403,-0.403,-0.017,-0.017,-0.017,-0.017,-0.017,-0.017
-0.113,-0.113,-0.113,0.037,0.037,0.037,0.037,0.037,0.037,0.037,0.037,-0.024,-0.024,-0.024,0.002,0.002,0.001,-0.008,-0.021,1.21,0.709,0.709,0.686,0.686,0.686,0.686,-0.119,-0.119,0.164,-0.538,-0.528,0.001,0.009,0.025,-0.002,-0.002,-0.002,-0.002,-0.002,-0.01,-0.01,-0.01,-0.01,-0.01,0.017,0.017,-0.178,-0.178,0.505,0.515,0.017,0.69,-0.658,-0.652,-0.652,-0.652,0.507,0.507,0.507,0.507,0.521,0.378,-0.118,-0.118,0.017,0.079,-0.649,-0.649,0.018,0.018,0.018,0.018,0.018,0.018
-0.256,-0.256,-0.256,-0.107,0.821,0.16,-0.285,-0.285,-0.285,-0.285,0.056,-0.118,-0.118,-0.118,0.055,0.055,0.055,0.055,0.054,0.068,0.049,0.049,0.049,0.049,0.049,0.049,2.06,2.06,0.006,-0.108,-0.108,0.016,0.016,0.016,-0.112,0.305,-0.261,-0.261,-0.261,0.048,0.048,0.048,0.08,0.08,0.08,0.08,0.0,0.0,-0.156,-0.114,-0.101,0.137,0.061,-0.115,-0.115,-0.115,0.851,3.66,-0.081,-0.081,-0.081,-0.081,-0.121,-0.121,-0.125,0.453,-0.094,-0.094,-0.045,-0.045,-0.045,-0.045,-0.045,-0.093
0.016,0.016,0.016,-0.003,-0.003,-0.003,-0.003,-0.003,-0.003,-0.003,-0.003,-0.018,-0.022,-0.022,-0.003,-0.003,-0.003,0.001,-0.011,-0.006,-0.006,-0.006,0.002,0.002,0.002,0.002,0.002,0.002,0.002,0.011,0.011,0.011,0.013,0.013,0.713,2.71,-0.642,-0.642,-0.642,3.28,0.0,0.0,0.0,0.0,0.0,0.0,-0.004,-0.004,0.041,-0.588,0.02,0.712,-0.674,-0.628,-0.628,-0.628,0.039,0.039,-0.622,-0.622,0.039,0.032,0.011,0.011,0.03,0.014,-0.627,-0.627,-0.033,-0.033,-0.033,-0.033,-0.033,-0.033
-0.007,-0.007,-0.007,0.004,0.004,0.004,0.004,0.004,0.008,0.008,0.008,0.01,0.01,0.01,0.004,0.004,0.004,0.004,0.008,-0.001,-0.001,-0.001,-0.001,-0.001,-0.001,-0.001,0.022,0.022,0.022,-0.007,-0.007,0.472,-1.01,-0.487,-0.01,0.409,-0.005,-0.005,-0.005,-0.517,0.456,0.456,0.456,0.456,0.427,0.427,0.0,0.0,0.017,-0.521,3.66,-0.019,-0.019,-0.206,-0.206,0.333,0.333,0.333,0.333,0.333,0.333,0.333,0.004,0.004,-0.051,-0.007,-0.535,-0.535,-0.004,-0.011,-0.011,-0.011,-0.011,-0.011
-0.013,-0.016,-0.002,0.004,0.004,0.004,0.004,0.004,0.004,0.004,0.004,0.004,0.013,0.013,0.008,0.008,-0.002,-0.004,-0.004,-0.006,-0.006,0.003,0.003,0.003,0.003,0.003,0.0,0.0,0.0,-0.002,-0.002,0.0,0.0,0.0,0.002,0.002,0.002,0.002,0.002,-0.004,-0.004,-0.004,-0.004,-0.004,-0.004,-0.004,-0.009,-0.512,0.007,-0.022,-0.004,0.529,-0.53,-0.02,-0.02,-0.02,-0.02,-0.02,-0.02,-0.02,-0.02,-0.02,0.008,0.008,-0.037,0.0,-0.015,-0.015,0.001,0.001,0.001,0.001,0.001,0.001
-0.332,-0.332,-0.351,-0.345,-0.345,-0.345,-0.345,-0.345,-0.345,-0.345,-0.358,-0.361,-0.369,-0.369,0.022,0.022,0.022,0.008,0.006,0.008,0.008,0.008,0.008,0.016,0.016,0.016,0.726,0.726,0.726,-0.123,-0.123,0.014,-0.337,-0.337,0.015,0.003,0.003,0.003,0.003,0.013,0.013,0.013,0.013,0.011,0.011,0.011,0.713,0.713,-0.345,-0.345,-0.325,0.779,-0.731,0.033,0.033,0.033,0.033,0.033,0.033,0.033,0.033,0.033,0.025,0.025,-0.047,-0.341,-0.711,-0.711,-0.12,-0.12,-0.12,-0.12,-0.12,-0.12
-0.008,-0.008,-0.008,-0.009,-0.009,-0.009,-0.009,-0.009,-0.009,-0.009,-0.009,0.0,0.0,0.0,0.328,0.328,0.328,-0.008,-0.316,0.006,0.006,0.006,0.006,0.004,0.007,0.007,0.008,0.008,0.001,-0.005,-0.005,-0.001,-0.001,-0.001,0.006,0.006,-0.302,-0.302,-0.302,0.557,0.55,0.55,0.55,0.55,-0.189,-0.189,-0.309,-0.309,-0.005,-0.005,-0.01,0.496,-0.491,-0.01,-0.01,-0.01,-0.01,-0.01,-0.01,-0.01,-0.01,-0.01,-0.002,-0.002,0.001,-0.017,-0.476,-0.491,0.03,0.03,0.03,0.03,0.03,0.03
0.004,0.004,0.004,0.0,0.0,0.0,0.0,0.0,0.0,0.0,-0.066,0.0,0.0,0.0,0.002,0.002,0.002,0.015,-0.164,0.148,0.148,0.148,0.147,0.147,0.147,0.147,-0.004,-0.004,-0.004,0.002,-0.02,0.103,0.103,0.103,0.002,0.011,0.021,0.021,-0.005,-0.057,-0.057,-0.057,-0.057,-0.057,-0.057,-0.057,0.0,0.0,-0.062,-0.062,0.002,-0.065,-0.065,-0.169,-0.169,-0.169,3.66,3.66,0.403,0.403,1.53,-0.004,-0.129,-0.129,-0.013,0.034,-0.011,-0.011,-0.006,-0.006,-0.006,-0.006,-0.006,-0.006
-0.401,-0.407,-0.37,0.009,0.009,-0.748,-0.748,-0.748,-0.748,-0.748,0.001,-0.02,-0.02,-0.02,0.383,0.383,0.363,-0.033,0.001,0.743,0.743,0.743,0.735,0.735,0.735,0.735,2.73,2.73,0.761,0.007,-0.051,-0.003,-0.73,0.01,-0.004,-0.005,-0.005,-0.005,-0.005,-0.006,-0.006,-0.006,-0.006,-0.006,-0.01,-0.01,-0.009,-0.009,-0.001,-0.001,-0.004,1.47,-0.006,-0.778,2.55,2.55,-0.022,-0.022,-0.022,-0.022,-0.022,0.723,-0.339,-0.339,0.615,0.008,-0.026,-0.026,0.072,0.072,0.072,0.072,0.072,0.072
-0.009,-0.01,0.071,-0.131,-0.131,-0.131,-0.131,-0.131,-0.131,-0.131,0.004,0.006,0.006,0.006,-0.044,-0.044,-0.044,0.018,0.018,-0.007,-0.007,-0.007,-0.17,-0.17,-0.17,-0.17,-0.13,-0.13,-0.002,-0.083,-0.083,0.011,0.011,0.011,0.013,0.049,-0.105,-0.105,-0.105,-0.044,-0.044,-0.044,-0.044,-0.044,-0.044,-0.044,0.008,0.008,0.002,-0.004,-0.05,0.014,0.014,-0.148,-0.148,-0.148,-0.087,3.66,0.004,0.004,0.004,0.004,-0.036,-0.036,0.004,0.013,0.009,0.009,-0.014,-0.014,-0.014,-0.014,-0.014,-0.018
-0.057,-0.057,0.02,0.018,0.018,0.018,0.018,0.018,0.018,0.018,0.014,0.037,0.037,0.037,0.024,0.024,0.024,-0.002,-0.899,-0.003,-0.003,0.001,0.011,0.011,0.011,0.011,0.014,0.014,0.014,-0.013,-0.013,-0.004,-0.004,-0.004,0.009,3.66,-0.866,-0.918,-0.918,0.002,0.398,0.398,0.398,1.1,0.395,0.395,-0.39,-0.39,0.007,0.007,-0.015,-0.034,-0.034,-0.106,-0.106,-0.106,-0.106,-0.106,-0.106,-0.106,-0.106,-0.04,0.008,0.008,-0.091,-0.008,-0.062,-0.062,-0.064,-0.078,-0.078,-0.078,-0.078,-0.078
-0.423,-0.387,-0.301,0.099,-0.753,-0.753,-0.753,-0.753,-0.753,-0.753,0.137,-0.266,-0.266,-0.266,0.14,0.14,0.14,0.091,-0.735,0.105,0.105,0.105,0.105,0.105,0.105,0.105,-0.755,3.66,0.117,-0.329,-0.418,0.075,-0.739,-0.761,0.098,3.66,-0.745,-0.762,-0.762,0.091,0.091,0.091,0.085,0.085,0.085,0.085,-0.728,-0.728,0.083,0.083,0.042,0.755,0.755,-0.837,-0.837,0.394,0.345,0.345,0.345,0.345,0.345,0.36,-0.311,-0.311,-0.491,0.041,-0.443,-0.443,-0.15,-0.15,-0.15,-0.15,-0.15,-0.15
-0.079,-0.074,0.008,0.0,0.0,0.0,0.0,0.0,0.0,0.0,0.026,0.049,-0.658,-0.658,0.035,0.035,0.035,-0.021,0.032,-0.028,-0.663,-0.696,0.029,-0.005,-0.723,-0.723,-0.012,-0.012,-0.004,-0.701,-0.024,-0.006,0.0,0.0,0.002,0.002,0.002,0.002,0.002,-0.001,-0.001,-0.001,-0.001,0.016,0.0,0.0,0.025,-0.657,0.0,0.0,-0.023,-0.039,-0.723,-0.071,-0.071,-0.071,3.48,3.48,-0.741,-0.741,1.16,-0.049,0.015,0.015,-0.108,0.012,-0.08,-0.08,-0.137,-0.137,-0.137,-0.137,-0.137,-0.137
0.537,-0.42,-0.007,-0.013,-0.053,-0.007,-0.007,-0.007,0.01,1.46,0.447,0.0,-0.029,-0.029,0.444,0.038,-0.005,0.028,-0.484,1.3,1.3,0.855,-0.027,-0.01,-0.014,-0.014,1.32,1.32,0.854,-0.023,0.018,1.71,0.0,-0.46,-0.452,0.41,0.41,0.41,0.41,-0.495,-0.495,-0.495,-0.406,-0.448,-0.424,-0.424,0.006,0.827,-0.444,-0.435,-0.416,0.094,0.032,-0.415,-0.415,-0.415,-0.409,3.66,-0.391,-0.391,-0.401,0.077,-0.423,-0.423,0.691,-0.07,0.523,0.069,0.049,0.049,0.833,0.053,0.053,0.087
0.01,0.01,-0.005,0.0,-0.008,-0.008,-0.008,-0.008,-0.008,-0.008,-0.008,-0.011,-0.011,-0.011,0.26,0.26,0.26,-0.011,-0.011,0.248,0.248,0.248,0.248,0.248,0.248,0.248,0.272,0.272,0.263,0.003,0.003,0.007,-0.004,-0.004,-0.008,-0.008,-0.008,-0.008,-0.007,0.02,0.02,0.02,0.02,0.02,-0.492,-0.492,-0.016,-0.016,-0.007,0.004,-0.006,0.482,-0.482,-0.481,-0.478,0.01,0.005,0.005,0.005,0.005,0.005,0.005,0.002,0.002,0.28,0.241,-0.011,-0.011,0.063,0.063,0.063,0.063,0.063,0.063
-0.071,-0.071,-0.071,0.001,0.001,0.001,0.001,0.001,0.001,0.001,0.001,0.0,0.0,0.0,0.05,0.05,0.136,0.004,0.004,-0.002,-0.002,-0.002,-0.002,-0.002,-0.002,-0.002,2.21,3.66,0.294,-0.069,-0.069,0.0,0.0,0.0,-0.002,3.66,2.33,-0.36,-0.36,-0.003,-0.003,-0.003,-0.003,0.501,0.004,0.004,-0.012,-0.012,-0.196,-0.196,0.013,0.016,-0.35,0.008,0.008,0.008,0.008,0.008,0.008,0.008,0.008,0.008,-0.009,-0.009,0.0,0.005,0.015,0.015,0.001,0.001,0.001,0.001,0.001,0.001
-0.153,-0.153,-0.16,-0.158,-0.158,-0.158,-0.158,-0.158,-0.158,-0.158,-0.158,0.138,0.138,0.138,0.147,0.147,0.147,0.153,0.147,-0.008,-0.008,-0.008,-0.008,-0.008,-0.008,-0.008,0.085,0.085,0.085,0.0,0.0,-0.004,-0.004,-0.004,-0.156,-0.156,-0.156,-0.156,-0.156,0.15,0.139,0.139,0.139,0.139,0.139,0.139,-0.163,-0.163,-0.001,-0.001,-0.15,0.508,-0.183,0.009,0.009,0.009,0.009,0.009,0.009,0.009,0.009,0.009,0.005,0.005,0.009,0.001,-0.148,-0.148,0.008,0.008,0.008,0.008,0.008,0.008
