-0.049,0.3471,-0.6768,-0.8734,-0.2982,-1.4171,-1.1081,-2.2939,-0.0831,-0.6071,-0.9366,-0.2092,-0.3312,1.0664,-0.7641,-1.5181,-0.3211,-0.5359,-1.5863,-1.1909,0.32,1.2673,-0.0343,-0.8175,-0.4582,-0.0701,-1.3646,0.5748,-0.5839,-0.8784,0.533,-1.6235,0.2353,-0.2428,0.1538,-0.5584,0.7446,-0.7405,0.5671,-0.7544,-1.1258,-0.4256,-0.6996,-1.0538,0.256,-1.1341,-0.4697,-0.0289,-1.0525,0.1063,-0.5681,-0.3026,-0.9383,-1.2645,-0.1636,-1.0395,-0.9853,0.9621,-0.9158,0.2593,-0.1201,-0.0988,-1.3327,0.22,0.783,0.1979,1.7084,1.3173,1.4337,-0.0012,0.6276,-1.2939,-0.473,0.7151,-0.2927,0.0374,-0.2168,-1.0792,0.0292
1.2013,0.0662,1.0505,0.8966,1.1874,0.9018,0.799,-0.357,0.3278,0.8852,0.5625,-0.5741,-0.3509,0.6872,0.9787,-0.6224,0.4397,0.9826,0.6516,0.2753,1.2799,-1.2435,0.153,1.9986,-0.5976,0.2576,0.228,-0.6159,-0.1898,-0.6381,0.7202,-0.1307,-1.0808,0.8922,-0.3934,0.6919,-0.9674,0.9131,0.723,0.9761,1.2042,0.462,-0.3365,0.5295,0.3581,1.156,2.2577,1.4005,0.7932,-1.0716,0.4181,-0.1576,0.6236,0.6232,-0.4616,0.655,0.5271,0.3435,0.6773,0.6616,0.9809,-0.6451,0.6433,0.1597,0.2379,1.8046,-0.9154,0.5133,0.1739,0.6944,-0.0879,0.5232,-0.5872,0.5707,0.8223,-0.9278,0.2996,-0.1878,-1.5329
1.1823,-0.8056,0.7175,0.9509,1.4487,0.5709,1.2263,-0.6082,0.9524,0.7971,-0.0082,0.4684,-0.6808,0.8931,1.318,-0.8359,0.8916,0.7756,0.2887,-1.1402,0.9167,1.4388,0.2292,-0.3304,-0.7316,1.184,0.3514,-0.3299,0.973,-0.5163,0.6916,-0.3085,-1.5433,0.0103,0.6401,1.5201,-0.8266,0.7085,-0.0912,-0.3015,0.886,1.0714,0.2191,-0.2507,1.5388,1.4159,0.1822,0.6379,1.0109,0.7357,0.8138,-0.0984,-0.3337,2.1772,0.3784,0.866,-0.7566,0.1409,0.6041,0.6768,0.3972,-0.5427,1.9449,0.9447,2.0397,1.3979,0.1868,1.072,0.6452,1.4427,0.0816,-0.7321,-0.0365,0.7167,0.628,1.0133,1.4056,0.8915,-0.7917
-1.1622,0.7573,-0.0965,1.0026,-0.3799,0.3024,-0.6915,1.6135,-0.817,1.0265,0.0618,0.3027,-1.7635,1.1671,0.672,0.778,1.4943,-0.3127,0.127,-0.2811,0.3905,1.311,-0.6757,-0.6439,-0.5501,2.0327,0.3619,-0.406,0.439,-0.842,-0.2908,0.298,-0.0345,-0.1927,1.8972,0.555,1.395,-0.3827,-0.3813,-0.1073,1.6829,0.9241,0.1026,0.8561,0.9056,0.5848,0.28,0.4714,0.9197,0.592,1.3525,0.0324,0.681,0.1205,-1.1858,-0.5246,0.3352,0.7205,-1.0754,-2.3933,-1.1064,-0.6754,-0.0859,-0.7486,1.0905,-0.4676,0.9772,0.373,-0.5832,-0.4371,-1.1733,-1.6977,-0.7668,-0.0327,-1.397,1.0562,1.1217,1.6378,1.4635
0.9046,0.3025,0.5154,1.5643,0.592,1.2326,0.5399,0.2043,-0.0157,0.5256,0.1165,-1.8434,0.4178,0.9027,0.5264,0.5691,0.3715,0.2293,-0.2773,0.6847,0.192,-0.9005,-0.5474,-0.4659,0.3565,-0.5217,-1.1528,0.2877,-0.4339,0.439,0.6352,-0.6012,-0.7374,1.2235,0.777,0.8808,0.253,-0.3254,1.399,0.6649,-0.6678,1.3728,-0.3384,0.356,0.5084,0.0973,0.2687,1.1416,2.2125,0.2156,0.6462,-0.4508,0.3439,0.3401,-0.0084,0.6239,-0.2929,0.2041,0.5143,0.5973,0.5224,-0.787,0.1289,-0.1981,-0.0222,0.6061,1.1168,-2.2973,0.1555,0.9658,-0.0239,-0.6859,0.6212,1.3741,1.1037,0.2445,-0.3651,0.8929,-0.8813
0.4647,-1.5269,1.5717,1.1492,1.7114,1.4097,2.0018,-1.2407,2.7626,1.2942,1.1647,0.6254,0.7605,-2.6744,1.7291,0.4193,0.5812,0.6719,1.4212,-0.2789,-1.7545,0.8899,0.8986,0.9756,-0.0498,1.5291,1.0278,1.0743,0.2914,1.5675,-0.9335,1.3474,-1.5531,-0.1792,-0.7527,0.7431,-0.8393,1.2614,-0.8299,1.9829,2.4228,1.0352,1.7855,-0.1429,1.0437,1.5941,-0.4161,-0.4679,1.3598,0.0315,0.8122,0.5362,1.0275,1.7793,1.2868,1.5699,1.4022,1.803,-0.5369,0.3653,1.1136,-1.0511,1.9591,0.521,1.4787,0.3296,-1.6961,0.3868,0.1505,1.5442,1.3436,2.3079,1.5981,0.3263,0.6588,-0.0658,0.7473,0.1494,0.6568
-1.1294,-1.0908,0.6456,1.0909,0.7375,0.1246,-0.0282,0.2953,0.0861,0.9808,0.8733,1.6629,-0.7429,1.7713,0.7393,-1.3571,2.0695,2.0058,-0.3365,0.4281,0.6348,1.2459,0.0046,-0.0311,-0.8825,-0.5057,0.4292,-1.1567,-2.2838,0.2691,0.3059,-0.0482,-0.5933,1.332,-0.0667,1.7278,-0.4906,-0.2117,0.0016,0.3884,0.3365,-0.1126,0.5159,1.1517,2.717,1.4968,0.2275,-1.2993,-1.2065,-0.5876,-0.1582,0.6146,1.3784,1.4276,-0.419,4.7965,1.6124,1.3426,-0.0765,-1.1137,0.8992,0.7398,1.1121,0.5527,-0.636,-1.9434,-0.7579,-0.7416,2.1286,2.5856,-0.743,0.2017,-0.2151,-0.4668,-0.8471,-0.3351,1.1589,1.0205,-0.5946
-1.9335,1.191,0.9177,0.6185,0.0896,1.234,-0.7105,0.6818,0.7852,0.4791,0.1547,-0.6697,0.235,0.3933,0.0876,-0.0663,0.216,-0.4455,1.0762,1.1994,0.9419,-0.7545,0.9281,0.054,0.403,0.4195,-0.0412,0.6106,0.4764,0.716,0.0311,0.4892,-0.3799,-0.8252,-0.61,-0.6766,-0.2337,-0.576,0.5828,-0.0424,0.3078,0.8663,0.9013,-0.1878,0.1093,0.0076,1.3634,-0.0522,0.7302,1.4755,1.0153,-0.9082,0.2614,0.1615,0.933,0.4184,0.3235,0.9412,0.5492,0.726,-0.3758,-0.061,0.0865,-1.5166,0.2256,-0.1479,0.5793,0.3819,0.1075,-0.0033,0.2997,0.3713,1.2199,0.1438,-0.8168,0.1134,-0.3072,0.7601,-0.0729
0.3473,-0.5438,1.5294,1.2309,1.4989,1.129,1.1103,-0.1474,1.0531,-1.6454,0.128,-0.1189,-0.4853,0.6469,1.5035,-1.4031,0.7061,0.4959,1.6416,-0.5154,1.9194,-0.8997,-0.0283,-0.1261,2.6742,2.032,-0.1165,-0.4076,0.8426,-0.3048,-0.2499,-0.4186,-1.3644,-1.2618,0.5577,0.872,-0.9546,-0.2712,0.3435,1.7035,-0.6096,0.7389,0.0657,-0.5265,0.3041,0.8393,0.5107,1.2531,1.5306,1.7163,0.0408,0.198,0.4716,0.8522,0.2047,1.0705,0.5784,-0.0199,0.0602,0.463,-0.1059,-1.6078,1.5137,1.0693,-1.844,-1.2414,-1.7128,0.988,1.282,0.9333,0.5811,1.4152,0.6827,0.6455,0.3957,0.6276,1.0512,0.4441,-0.4262
1.1287,1.2826,0.7077,2.0355,-0.0666,1.2939,0.2668,1.2177,0.827,0.8605,0.9007,-0.7779,0.1405,0.8615,1.0628,0.7861,1.4517,-0.6956,0.3584,0.2564,0.245,-0.6561,0.0578,3.0028,-0.6847,1.9437,-0.937,-0.6892,-1.0922,0.4086,-0.0204,0.115,0.6407,1.469,1.8464,0.8157,0.8513,-0.1805,1.6945,-0.9772,1.0271,0.7741,0.1986,1.2374,0.3007,0.2593,0.6029,0.6657,0.0515,1.8941,1.6807,-1.1595,0.5781,0.6749,-0.2756,0.3307,-0.7045,-0.0859,1.9596,-0.2339,0.6886,0.4685,0.9925,0.027,-0.5336,0.6711,0.2433,-0.2213,-0.9277,-0.1524,-2.4396,-0.8134,0.0976,-0.7915,0.6179,1.2709,0.2271,0.3184,0.6307
1.0498,-1.9234,1.5998,0.8466,1.8057,1.1331,1.2027,-1.6133,1.6641,0.6613,0.5057,0.8523,-0.3199,0.2951,1.6891,-0.1893,1.327,1.7001,1.5838,0.0325,0.8988,1.0232,1.5859,0.3846,-0.107,2.0162,1.5314,0.1584,0.9418,0.9624,0.2839,0.7083,-2.0202,-0.3958,-0.5432,0.9682,-1.1628,2.5976,-0.1504,1.7768,1.6192,0.7247,1.2465,-0.434,1.0377,1.4882,0.2088,0.857,1.7421,-0.2425,0.0396,0.8932,1.0549,1.6752,1.5057,2.3278,1.6804,0.1036,-0.7056,0.8963,1.1421,-0.4303,1.1264,0.5229,1.574,1.8216,-3.1612,0.4745,1.477,2.3256,1.1458,1.3039,0.7322,-0.3285,-0.0333,-0.8478,-0.0176,0.4403,-0.1561
-0.0318,0.6458,0.6341,1.705,1.5305,1.9776,0.3064,-0.3041,1.0347,0.5597,0.4268,-0.2352,1.0123,0.442,0.965,0.9259,0.7538,1.6078,2.367,0.4286,1.3679,-0.7555,0.7207,-0.1388,0.2318,1.3613,1.5709,0.7197,0.2876,0.3712,0.0465,1.3369,-1.1075,-0.2697,0.0372,0.5027,-1.0394,0.096,-1.1147,1.3397,1.0494,0.8682,0.7423,-0.6873,0.7267,1.1826,1.7758,0.4884,0.9966,1.3437,0.6709,0.0212,0.1897,1.3014,1.2258,1.3309,1.6978,-0.0668,-0.3034,0.7683,1.0298,-0.1045,1.233,-0.3187,0.7188,0.8301,-0.7747,-0.1979,-0.6925,0.637,0.7444,1.2056,1.1343,0.4464,0.1987,0.4838,-0.6995,0.7705,-0.0824
-0.5432,0.5019,0.2077,1.7161,1.7715,1.2169,1.1237,0.5606,2.2043,0.8388,1.3983,-0.243,-1.9129,0.4063,1.2864,-1.7538,-0.6679,0.9711,1.332,-0.3399,1.3932,1.0754,-0.1221,-0.1441,-0.5072,1.8163,0.7798,-0.1289,0.8459,-0.8303,0.1787,-0.2825,-0.8986,-0.2785,-0.0628,0.4979,0.9304,0.1533,-0.8541,1.4464,-0.5813,0.642,-0.5152,-0.7976,1.6256,1.0794,0.5988,1.4003,1.1771,1.2046,-0.4524,-0.3447,0.9216,2.0217,-0.3936,1.2892,0.6468,2.709,1.0376,0.5308,0.3175,0.9593,2.3058,0.565,0.2649,0.6234,-0.9753,0.9116,-0.636,0.9542,0.1843,-0.1161,-0.8288,0.7392,0.8653,0.8396,0.8094,0.3534,-0.0044
0.5715,0.1414,1.1948,0.7302,1.9671,0.9029,1.0024,0.0233,1.1439,1.5098,1.8198,-0.0623,-1.1548,1.0336,1.4933,-0.8083,1.2998,-0.0963,0.7478,-0.3316,0.8468,-0.6482,-0.5739,4.2673,-0.1667,1.4892,0.0189,0.7864,0.3846,0.3439,-0.3046,-0.5995,-0.8679,0.3352,0.6674,0.8968,-0.1953,-0.9893,1.137,0.4837,1.0753,0.8615,-0.8978,0.8546,0.3715,0.3953,0.7084,-0.1931,1.1659,0.4595,0.0215,0.5423,-4.2091,1.51,1.0028,1.0793,0.6726,0.4581,0.3613,-0.8248,1.5332,-0.7185,1.102,0.8801,0.3786,0.5313,-0.6246,0.0013,-0.3915,0.8777,0.109,1.1575,0.7309,1.1214,0.3377,-0.4538,0.7468,0.1451,-0.9262
0.2784,-1.3033,0.9943,1.33,1.6883,1.0294,1.635,-0.6847,1.7005,2.1581,1.0026,1.9261,-0.3294,-1.57,1.9874,-1.3236,-0.8404,0.9497,0.5979,-1.1843,0.0227,1.3313,-0.6496,-0.1847,-1.7683,1.4435,0.5091,-1.3248,-0.874,-0.0642,1.2114,-0.9117,-2.2274,0.1266,0.2295,1.1191,-1.6158,3.6293,-0.7027,0.8187,-0.8164,-0.0139,-0.1423,0.5837,1.9301,1.7505,0.3489,1.829,1.3619,-0.3677,-1.4397,-0.5367,1.2072,2.0867,-0.4513,0.0642,0.3039,0.2798,0.422,-2.804,-0.2555,-0.7931,1.8206,2.2186,1.1041,-0.3539,0.0043,-0.2578,0.6225,1.6147,-2.3756,-0.765,-0.8998,0.6951,-0.5987,1.6186,1.6513,0.8793,-1.9651
-0.994,-1.4493,-0.3578,0.3205,-0.4716,0.81,-1.7139,0.79,0.3343,0.5913,1.1866,0.4699,0.087,0.1364,1.2191,0.4299,-2.4365,-2.0369,0.8975,0.9299,0.0803,-0.8234,1.2059,-0.2161,-0.8507,-0.8165,-1.3091,-0.5595,0.711,0.39,4.1835,-0.8667,1.0929,-0.1642,0.9972,1.9516,-0.3124,-1.4765,-1.7898,0.8072,-0.7785,0.42,-0.4786,-0.0771,-0.2789,0.473,-1.2611,0.0687,0.3511,0.6197,0.9315,-2.5902,0.2903,-0.8518,-0.104,-0.324,-1.4528,-0.787,2.0139,0.2606,-0.2519,-1.6709,0.2337,0.4617,-0.6442,-0.0589,-0.9018,-0.1217,-1.8856,-0.4076,2.3039,-0.3603,0.3974,0.3452,2.2785,2.6242,0.2274,-0.4979,0.2563
-0.1733,0.9293,0.3706,0.569,-0.0864,0.4518,-1.0325,0.1866,-0.1694,-0.996,-0.9209,1.6292,-0.3111,0.3666,-0.9971,0.5812,-0.3817,0.7969,0.6319,1.7276,0.6478,-1.0033,-0.238,-0.5536,-0.7887,1.282,-1.4107,-0.0402,-0.2112,-0.3864,1.0357,-1.863,0.246,-0.8337,-1.0195,-0.1338,1.0091,0.1309,-0.3698,-0.1273,-0.1401,-0.6047,-1.5584,2.0721,0.0256,1.1574,-0.1378,-1.6033,-0.5877,0.1017,-0.2585,0.2291,0.2024,-0.1378,-0.9693,1.6406,-0.2616,-0.0173,-0.0918,-2.5871,0.9445,0.4106,-0.5223,-0.4183,-0.3916,-1.309,-0.4706,-0.8509,-2.2149,-0.181,-1.0553,0.344,-0.6282,0.0473,-1.4864,-0.5248,0.0017,0.2549,0.0115
-0.4273,0.0944,-0.7952,-0.5474,-0.5971,-1.1971,-0.3153,0.4775,-1.1903,-1.6364,-1.2067,-0.4311,-0.4888,0.032,-1.0082,-1.705,-1.9591,-0.6747,-1.5028,-0.8153,0.0277,1.4901,-0.8419,-1.0659,-0.419,-0.5869,-1.0437,-0.3368,-0.1662,-1.7747,0.9852,-0.564,0.1319,-0.2553,-0.2821,-0.8718,1.1374,-1.4519,0.2348,-0.8362,-0.4937,-0.0484,-1.1716,-0.0702,0.4451,-0.2749,-0.6105,-0.2254,-1.0957,1.0205,1.4444,-1.047,-0.4514,-0.6906,-0.8473,-1.6215,-0.8709,1.0283,0.7209,0.1238,-0.6553,-0.6574,-0.8383,-0.034,-0.2151,-0.2573,1.4986,0.719,0.0676,-0.662,-0.5907,-2.5674,-2.0843,0.843,-0.5672,0.9745,0.148,0.3391,0.6657
0.4539,-0.4838,-0.117,-0.606,-0.0756,-0.3812,0.0127,0.1737,-1.1032,-0.6803,-0.6409,-0.9576,-0.2136,-0.2893,-0.563,-0.0752,0.301,-0.4254,0.5482,0.5136,-0.2425,-0.6728,0.6561,0.0494,0.335,-0.6225,0.7186,1.5234,1.0902,-0.1773,-1.6458,1.0452,-0.2949,-0.1078,0.4373,-0.3062,-0.1717,-0.3789,-0.8893,0.3872,-0.0998,0.0698,1.1752,-0.2776,-0.9299,-0.0928,-0.2118,-0.8134,-0.2789,0.7328,0.2348,0.3494,-0.2801,-0.1914,1.3198,-0.3295,1.3282,-0.6919,0.5437,0.5416,-0.1274,0.48,0.2012,0.2317,-0.2376,1.005,-0.023,-0.4281,1.8547,-0.6614,1.1551,-0.0142,0.5031,0.4809,0.4617,0.3899,-0.1382,0.0491,-0.2055
0.1661,0.4206,0.2419,-0.1473,0.1146,0.2254,-0.0113,-0.1224,-0.1647,-0.9774,0.2196,0.0115,0.0218,0.6644,-0.0931,0.0841,-0.4366,-0.1812,0.6539,0.6237,-0.1557,-1.1605,0.2039,-0.6309,0.5204,-0.2375,-0.0385,-0.4441,0.5542,-0.5704,-0.5677,1.1063,0.3803,1.4313,0.2028,-0.397,0.4391,0.2143,-0.4463,0.3482,0.1653,-0.017,0.5145,0.8007,-1.0012,-1.025,-0.07,-2.6079,0.91,0.8548,0.1133,0.3754,0.0603,-0.4281,0.3706,-0.2581,0.541,-1.284,0.7416,0.0388,0.287,-0.6694,0.2137,0.3051,-0.7407,0.3506,-0.1671,0.0136,-0.9294,-0.455,-0.9082,-0.4473,-0.8874,-0.3579,0.4551,0.2315,0.3119,0.2801,1.5788
0.4694,1.1594,-0.1447,-0.8701,-0.7487,-1.4732,-1.7949,-0.7423,-1.2137,-0.903,-1.0804,-0.1002,0.4673,0.572,-0.933,0.3525,0.2625,-0.2457,-0.7605,0.5258,-0.2143,0.575,-0.195,0.5101,-0.2095,-0.336,-0.5811,-0.453,-1.2261,-0.8844,0.0627,1.55,0.8382,0.1805,-0.5085,-1.7486,0.668,-0.7231,-0.4112,-0.3253,0.0527,-0.6753,0.8572,-0.1333,-1.2264,-1.1725,-0.4248,-0.9786,-0.262,-0.2435,0.315,0.8522,0.1679,-1.1317,-0.1194,-1.3637,-0.098,-1.8433,-0.8844,0.4193,-0.1154,0.5576,-0.7488,-1.6084,0.2996,0.5646,1.1883,0.8331,-0.4559,-1.0073,-0.217,-0.1775,-0.6122,0.66,-1.5304,-2.3865,-0.9007,-0.4692,-0.1903
-0.9899,-0.1035,-0.5316,-1.804,-1.2934,-2.0883,-1.0343,-0.3183,0.305,-2.1617,-1.0879,0.47,0.1818,0.2075,-0.7001,1.5825,0.9469,0.1629,-0.6199,0.0091,-0.6795,-0.5587,0.5514,2.6512,0.1181,-1.0828,-1.3661,0.2816,0.1867,0.9249,-0.2299,0.921,0.5621,-0.5237,-1.2993,-1.3471,0.2719,-0.0612,0.7882,0.4463,1.3462,-1.6241,1.0544,-0.3064,-1.0936,-0.102,-1.6211,0.3146,-0.9822,-1.5688,-0.3458,1.4048,0.7186,-0.989,0.0817,-0.3081,-0.9288,-1.9096,-1.8162,-0.4985,-0.6836,0.8581,-1.3758,-1.6254,-0.5616,-1.5513,0.1677,-0.324,0.2966,-0.6008,-1.4893,0.5095,0.8937,0.5358,-1.7862,-1.4238,-2.9041,-0.9277,-0.506
0.4869,-0.1869,-0.2353,-0.9153,-0.1458,-1.4868,-0.3823,-0.3404,0.0624,-0.9386,-1.5716,-0.0726,-0.4793,-0.146,-0.7594,0.7404,-1.3159,-1.2007,-1.4153,-0.985,0.5575,1.2413,0.8849,-0.1144,-0.2185,-0.583,0.0713,0.5852,-0.8538,0.1456,0.2675,-0.498,0.0924,-0.3603,-0.6179,-1.6522,0.8155,-0.2816,-1.3432,0.1434,0.8317,0.0728,-0.2203,-1.6781,-0.2524,-0.9118,-1.0522,0.6656,-0.46,0.0623,0.9755,0.3495,-0.0727,-0.6643,0.6589,0.0704,0.6262,0.9673,-0.8007,-0.5775,-0.102,-0.2165,-0.2767,-1.9387,1.0091,0.7334,-0.3072,-0.2726,2.1545,-0.5183,0.6513,-0.8057,0.6316,1.1203,-0.9951,-0.2077,-0.7809,-0.1193,-0.0065
-0.0838,0.156,-0.4743,-1.8721,-1.2368,-1.5693,-0.5377,-0.8334,-0.134,-0.3719,-1.1729,-1.5221,0.9869,-0.7987,-1.087,0.5636,-0.0325,-0.7799,-0.5734,-0.8645,-0.6302,0.9376,-1.0069,-0.0461,0.4463,-0.9292,-0.3274,1.6009,-2.0597,0.4834,-0.2085,1.2273,0.1177,-0.1569,-1.8363,-2.7038,0.2041,-0.8876,-1.2336,0.0056,-0.139,0.2635,1.1313,-1.9664,-0.0784,-0.476,-0.0963,0.2306,-0.7038,-0.6669,0.1856,1.0244,-0.1143,-0.5203,1.292,-0.3459,0.6203,-0.4997,-1.0594,1.0152,-0.8879,0.6168,-0.649,-2.1023,1.3664,-0.3548,1.1842,1.0193,1.2348,-0.3851,0.8358,0.2589,0.9257,0.9912,-2.5028,-0.5087,-1.5791,-0.6324,0.6113
0.5548,-0.4514,-0.6374,0.1909,-0.4192,-1.2342,-0.1171,-1.7644,-0.3696,-1.0442,-0.7273,-0.6863,1.3066,0.1326,-1.1175,0.4347,-0.3686,-0.0937,-1.1369,-0.0013,-1.0023,-0.9223,-0.7057,-0.0554,0.9741,-2.58,0.6122,1.5392,-1.5809,-0.4685,0.0921,0.2387,0.6005,-0.0935,-1.656,-1.1665,0.1328,0.1179,-0.1707,-0.3411,-0.409,0.7143,-0.7277,-0.8214,-0.4946,-0.7859,-1.2318,-1.1372,0.4143,-1.9497,-1.7821,0.7005,-0.5389,-0.6043,0.954,-0.8212,1.1244,-0.2161,-1.5506,1.0043,-0.9676,0.4548,-0.4034,-1.6121,0.599,-0.32,0.6606,-1.7047,1.517,-0.6398,0.8523,-0.2038,0.4513,0.2677,-0.7338,-1.7991,-0.6585,0.5763,-0.495
0.5848,1.6055,-0.9916,-1.3439,-1.8397,-1.1508,-1.5725,-0.3242,-1.7994,-1.8348,-1.9563,-0.3853,0.8227,0.4836,-1.8008,1.0448,-1.1043,-0.1245,-1.6113,-0.0879,0.2118,-1.0102,0.4622,-0.4766,-0.1075,-1.8094,-0.3578,0.8897,-0.5363,-0.8893,-0.0274,-1.043,1.2201,0.4647,-1.9521,-1.6705,-0.2711,-0.5842,0.3721,-2.176,-0.3192,-1.5282,-0.6692,0.5291,-1.8278,-1.9247,1.7049,-0.6367,-1.0189,-2.0647,-1.3001,-0.5796,-0.7512,-1.5178,0.1796,-1.0669,0.5503,-0.5586,-1.7902,0.7481,-1.7499,1.4291,-1.402,-2.8045,-0.9245,1.2444,0.4736,-0.0611,0.617,-1.8754,-0.4736,-0.6661,-0.5861,-0.2503,-1.5223,-1.7302,-1.6464,-0.5223,0.0181
-0.3767,1.8544,0.116,0.5916,0.5185,0.2917,-0.2299,0.8461,0.1086,0.07,-0.1835,-0.3938,0.0859,1.1336,0.6215,-0.7558,0.6857,-0.8259,0.0695,0.6047,0.7995,0.7063,-0.6824,-1.1722,4.7113,0.8734,-1.3699,-1.8611,0.9195,-2.0847,0.5937,-1.1129,0.1411,-0.6093,0.961,0.252,0.9918,-0.458,1.9326,-0.8443,0.4697,0.0775,-1.2512,-0.1129,-0.2535,-0.5222,0.4821,1.1114,0.7069,0.9924,0.5477,-1.5916,-0.3156,0.5307,-1.6632,-0.5372,-0.585,-0.4288,0.3634,-0.7798,-0.4792,-1.0593,0.8137,-1.1139,-2.9919,-2.0451,1.8182,0.9728,-1.1697,0.0984,-0.088,-1.2059,-1.9927,1.1196,-1.0057,0.3912,1.5323,-0.3993,-1.0164
-1.2912,1.3754,-2.3072,-0.1811,0.3707,0.2212,-0.7149,1.3244,-0.3827,0.1233,-1.0016,0.2674,0.626,0.5611,-0.8199,-0.8594,-1.2428,0.9142,-0.5363,1.8515,0.8907,-0.8743,-0.77,-0.8582,-0.2771,-0.097,-0.7228,-0.178,0.3398,0.0862,1.4216,-1.5679,1.4668,-0.4268,0.0232,-0.7387,1.2629,0.8676,0.6167,-1.0,-0.3863,0.277,-1.831,1.4894,0.1809,-1.1056,-0.8151,-1.1151,0.2995,0.3007,1.5381,-2.645,-0.3059,-0.4941,-1.921,-1.4824,-1.6217,0.389,0.3347,-0.0833,-1.3781,-0.2285,-0.6166,0.2078,-0.866,-0.7776,1.3823,0.0212,-0.5231,-0.5133,-0.7496,-0.1852,-0.4598,0.4032,1.3187,0.3442,-0.6411,0.2734,1.9002
-1.4172,-0.2884,1.0719,0.5396,1.1417,1.7814,-0.6742,0.158,0.5158,-0.0682,1.1111,0.2122,-0.9207,0.5453,0.3594,0.7823,0.3389,-1.0869,0.8147,-0.0571,-0.772,1.2122,1.9863,0.5348,-0.1813,0.9572,-1.2305,1.5974,0.9186,1.7758,-1.2966,-0.5459,-0.7245,1.4489,0.0963,1.5564,-0.2496,0.4169,-0.3661,0.608,0.2758,0.8676,0.5437,0.2341,0.1818,-0.1821,0.0549,-0.7631,1.2983,1.1319,0.2292,-1.2858,0.2124,1.1169,1.1102,1.0967,0.594,-0.6279,-0.0074,-0.5702,0.9583,-1.3694,0.5206,-0.0562,0.9807,-0.7408,0.2533,-0.4021,-1.2839,0.2574,0.7209,1.0905,1.9037,0.4032,0.7069,0.8812,-1.4293,-0.4573,1.5495
-2.5426,0.1287,1.2603,0.7988,-0.3213,1.332,-0.5042,-0.8981,0.6353,0.661,-0.0367,-0.3631,0.6871,1.017,0.7894,1.8807,1.4599,1.0359,1.7598,1.3957,-0.247,-0.601,1.0233,0.1016,-0.1308,1.171,-0.0465,0.4919,0.3113,1.1405,0.3394,-0.0061,-0.5493,0.7264,0.8835,0.5031,-0.3045,0.3044,0.8166,0.2413,1.6015,1.3751,0.9176,0.6271,0.1952,1.4038,0.32,0.2158,1.1006,0.7041,0.8925,1.1376,0.0315,1.1901,0.8758,1.1125,0.0977,-0.6662,-0.3044,-0.7322,0.3011,-0.768,0.3402,-0.5093,0.7649,-0.0344,-0.9593,-0.3154,-0.953,0.5317,-0.0673,0.8935,1.0179,-0.0319,0.0335,0.3336,-0.5266,0.8865,2.145
-0.5367,0.4477,0.1855,0.6862,0.6752,-0.2698,-1.1836,1.3653,0.3828,1.7812,1.306,1.8062,-4.9677,-0.2944,0.7743,-1.315,0.644,-0.2011,-0.8816,0.2602,0.8561,1.4605,-0.0357,-0.0485,-0.4428,1.0908,-0.3822,0.2908,1.5018,-0.3044,0.6161,-0.3041,0.5423,0.6715,1.33,1.1011,0.8598,1.2083,0.4569,0.8384,-0.1344,1.779,-0.2772,0.3748,0.7614,1.184,-1.0263,-1.3081,1.5827,0.0506,0.7069,-0.5008,0.2856,0.9567,-0.6341,-0.8452,-0.0628,-0.7609,-0.6806,-2.2825,0.7964,0.873,0.6653,-0.8922,-1.2294,-2.069,0.7161,0.3366,-0.2,0.2178,0.6489,0.2471,-0.6242,0.2324,-1.4815,2.1536,1.3418,1.2221,2.3791
0.8475,-0.5299,0.7212,0.0992,0.6665,1.0047,0.8952,-1.9325,0.5226,-0.0759,0.618,-0.7776,-0.4772,0.2326,1.3547,-0.3248,0.8284,-0.0816,0.6215,-0.566,1.3539,-0.8643,1.5766,0.0872,-0.6465,0.5838,0.0446,0.1478,-0.3222,1.072,-1.1188,-0.0958,-1.167,1.2717,-0.3985,0.4023,-1.1691,0.1552,0.3934,0.8587,0.7932,0.3507,0.3594,0.3301,0.0507,0.0282,0.9914,0.7743,1.0066,-0.9519,-1.0457,-0.1937,0.7563,0.6445,0.9634,1.0696,0.2173,-0.3045,-0.0647,0.7187,1.0056,-0.3131,0.2526,-0.063,0.1817,0.8,-0.8355,0.5679,0.364,0.3626,0.4024,0.8033,0.6296,0.7511,-0.1401,-1.8747,0.3938,-0.8671,-0.2385
-1.1157,0.1932,-0.1231,0.6466,-0.2732,0.0822,0.4364,-0.6183,-0.0618,-0.1894,0.1527,-0.5927,0.7681,0.387,0.5044,2.2799,0.3874,-0.5055,0.8364,0.7829,0.3791,-0.3933,0.734,-0.0647,-0.1619,-0.016,-0.5718,0.4201,0.1395,0.8636,0.3852,0.1753,-0.4444,-0.4305,-0.0533,-0.3831,-1.3044,-0.2264,-0.6249,-0.4269,0.2353,0.2605,1.265,-0.5992,-0.2528,-0.0388,1.1302,0.1064,0.1917,0.0921,-0.8897,1.3636,0.5297,-0.0375,0.84,0.4471,-0.2124,-1.5333,-0.3113,0.2208,0.0751,-0.0891,-0.8575,0.1363,-0.0423,0.3491,-0.9036,-0.484,0.3927,-0.4107,-0.1856,1.1883,1.3423,0.1792,-0.4508,-0.4239,-0.1785,0.0174,-0.4409
0.5648,-0.3785,1.5998,1.7013,1.9185,1.9777,1.2529,-1.02,1.0039,-0.6493,0.5317,0.5057,-0.1177,0.9853,1.7532,0.369,0.377,0.3951,1.5946,-0.2276,0.3196,1.0933,1.2296,0.1807,-0.6229,1.8571,0.3065,0.1988,0.4061,0.5505,-0.28,0.5456,-1.2213,0.5403,1.228,1.1595,-0.1523,0.6277,0.0191,1.2451,0.8977,1.1077,0.4681,0.4296,0.6018,1.0494,1.253,0.497,1.7986,1.1683,0.39,0.4388,0.9887,1.79,0.9248,1.4475,0.7068,-0.031,0.7026,-0.5116,1.51,-1.4113,1.3782,0.4299,0.6414,0.2077,-1.0171,0.9131,0.305,0.8965,-0.2545,0.5063,0.4752,0.2462,0.5896,0.3435,-0.7629,0.4896,0.3726
0.1379,0.5426,0.4154,0.507,0.7053,0.6543,0.458,0.038,0.0231,0.0024,0.1587,-0.1604,-0.5883,0.5622,0.7766,0.3811,0.8653,-0.2256,1.0185,0.3453,0.8,0.4488,-0.1494,2.7428,-0.1771,0.6545,-0.2714,-0.0724,-0.4652,0.1343,-0.3363,-0.0068,-0.521,0.9072,0.3962,0.0799,-0.004,0.1259,-0.3238,-0.1212,-0.668,0.8281,0.2697,0.7252,-0.0065,-0.8183,1.0004,-0.0114,0.7262,0.509,-0.1963,0.0158,0.1949,0.7157,0.1194,0.2372,0.317,0.1218,0.3873,0.348,0.6952,-0.2784,0.7148,0.2677,0.0158,0.1966,0.0267,1.3128,-0.6823,0.0634,0.3392,-0.5358,0.2071,0.6123,-0.2952,0.7291,0.3038,0.0337,-0.2796
1.171,0.09,-0.3101,-0.9307,-0.4637,-0.9914,0.8686,-0.8128,0.1886,-2.6961,-0.0442,1.8498,-1.0676,-0.7116,-0.4827,-1.7103,1.0562,1.0306,-0.8936,0.5377,0.2319,-0.8383,0.1624,-0.0943,-0.4628,0.2341,-0.3398,-1.1843,-0.2053,0.6316,0.2555,0.3364,0.836,0.1403,-0.5456,0.7453,-0.8469,0.8812,-0.0691,0.44,-0.2688,-2.21,0.7546,0.2397,0.4001,-0.2744,0.3565,-0.0069,-0.5996,-2.3055,-1.4551,-0.252,1.6877,-0.1871,-0.5314,-0.3194,-0.2979,0.6721,-2.0411,0.9681,1.3524,1.5043,-0.8399,1.0146,-0.1351,0.4631,-1.0211,-0.0191,0.2785,0.6656,0.8534,1.0207,0.2514,-0.7046,-0.628,-1.7341,1.4705,-0.2555,-0.8263
0.2173,0.643,-0.0615,0.0796,0.8211,-0.0214,0.2402,-0.5985,-0.2262,-0.5617,0.3868,0.4468,-0.6547,0.3008,0.6801,-0.2808,-0.2121,-0.2442,0.2328,0.1587,0.6085,1.011,-0.499,-0.1046,0.4552,0.0769,-0.0863,-0.2429,-0.6312,-1.0697,0.476,0.9457,0.3986,-0.1605,-0.1462,0.5114,0.3214,-1.0519,-1.2112,0.0898,0.6001,0.1805,-0.3179,0.2676,0.5506,-0.1875,0.8029,0.3657,0.4258,0.3013,-0.8214,0.4074,-0.1025,0.1734,-0.0268,-0.3014,0.3945,0.6108,0.4497,0.0328,0.4307,-0.1246,0.938,1.2179,0.1532,0.2621,1.0709,-0.5278,0.2983,-0.1721,-0.0804,-1.1191,-0.2424,0.6777,0.3367,0.4914,-0.0339,0.1627,-0.8688
-0.625,-0.2247,-0.8805,-0.8798,-1.3622,-0.9365,-0.4676,-0.8742,-0.9688,-0.6866,0.4875,0.0544,1.2026,-0.4176,-0.5241,0.8939,0.6008,-0.0604,1.0124,-0.1751,-0.9371,-0.5449,-0.4817,-0.225,0.4594,-1.116,-0.3201,1.826,-1.6363,0.9146,-1.8688,0.7023,0.538,-0.9608,-1.393,-1.2131,-0.6277,-0.2967,-0.9663,0.3994,-1.2436,0.587,0.8801,-0.8086,-0.9108,-0.1338,-0.753,0.3678,-0.3244,0.0601,-0.8354,1.8616,0.0464,-0.9802,1.1315,0.3406,1.7531,-1.9463,-1.5453,0.7942,-0.144,0.8625,-0.8325,-0.7993,-0.2895,-1.2192,0.2561,0.3288,-0.1387,-0.2513,0.5963,1.4186,1.64,0.6218,-2.3487,-0.5497,-2.2342,-0.7261,-0.195
0.7116,1.3738,-0.1859,-0.3814,0.2393,-0.222,-0.5475,1.0694,0.4575,-0.3944,-1.2375,0.3195,-1.3208,1.0093,1.3306,0.2223,0.6336,2.046,-0.3079,-0.7912,0.6666,-1.0686,-1.4236,-1.0879,5.2029,0.1504,2.4882,-1.0387,-2.8266,-1.6563,0.5171,-0.2067,0.3958,0.1779,2.1038,2.1744,0.4407,-0.4999,0.2267,-0.7905,-0.5657,0.632,-0.9125,1.1679,-0.9862,0.0117,-0.7947,0.1794,-0.3602,-0.0046,0.1984,2.0104,-0.2091,-0.0276,-1.9781,0.0646,-1.6727,-2.3956,-0.0528,0.0291,0.72,0.6199,0.4266,0.8521,-1.3482,-0.3304,1.4307,3.1439,0.845,-0.5657,2.5266,0.1201,-1.1166,1.5163,0.0038,-0.1772,0.3801,-2.2295,-0.8288
0.2128,-0.4099,-0.1803,-0.7248,-1.0318,-0.6362,-0.4916,0.1466,-1.3862,-0.3359,-0.1487,-0.9089,0.6244,-0.5545,-0.6414,0.5484,0.3633,-0.7717,-0.2573,0.2482,-0.9003,-0.497,-0.2877,-0.045,0.7813,-1.2317,0.755,1.921,-0.3265,0.9122,-1.7663,0.9819,0.4654,-0.5216,-0.7841,-0.6404,0.5347,-1.2101,-0.4499,-0.213,-0.5151,-0.2952,0.4476,0.2416,-1.3073,-0.0242,-0.4146,-0.3726,-0.6313,-0.0975,-0.9561,0.073,-0.7326,-0.6657,1.1538,-0.432,0.9837,-0.8302,-0.4784,0.6391,-0.0766,-0.0946,-0.496,-0.7304,-0.2901,0.6306,0.1592,-1.0212,1.4321,-1.2343,0.2382,0.3661,1.3706,0.2057,-0.3085,0.2771,-0.6547,-0.3574,-0.4875
0.2757,0.9756,1.7267,-3.8447,-1.0232,-1.377,-3.3633,-1.3468,-0.4279,-0.001,0.0843,0.5962,-0.277,-1.2532,-1.1164,2.1215,-0.7551,-0.0024,-1.1021,1.0735,-0.2108,-1.1608,-1.2515,-0.3642,-0.6357,-1.8766,0.0087,-1.0767,1.0376,-0.6239,0.3242,-0.628,2.5337,0.026,-1.1353,-1.0785,-0.346,0.8155,1.0794,-3.5771,0.2596,-3.7846,-1.3027,0.4217,-2.7058,-3.1852,-1.6481,-2.3068,-1.9123,-2.38,-1.8945,-0.7352,-1.2256,-1.1283,-1.7426,-1.5413,-1.6695,-0.8599,-1.1954,0.5786,-0.6456,1.8785,-2.0663,-0.7484,-2.2763,-2.8965,1.0106,-1.9794,-1.2174,-1.1741,-1.7613,0.1657,-1.4932,-0.7347,-1.221,-2.6701,-1.2899,-0.8746,-0.2309
-0.1872,0.6994,-0.6706,-1.045,-0.9502,-2.4066,-1.7169,0.8291,-1.4588,-1.6507,-0.5468,0.3913,-0.5239,0.5428,-1.3023,-0.6128,-1.5608,-0.5861,-2.5213,0.0182,-0.7385,1.2557,-1.1373,-0.8329,-0.5814,0.7327,-1.0668,-1.5432,0.269,-0.8318,-0.2813,-0.1283,1.386,-0.5763,-0.6954,-1.0866,1.3349,-2.5448,-0.4922,-2.3688,-0.749,-0.8312,-1.0312,-0.1583,-0.5189,-2.3278,-0.4065,-1.5865,-1.1152,-0.0766,1.7756,-0.6332,-1.0176,-1.0209,-1.2458,-1.5006,-1.5501,-0.0846,-1.7157,-3.2598,-2.361,-0.2036,-0.8372,-0.6544,0.2172,-1.5678,1.4057,0.3448,-1.1672,-0.6683,-0.405,-2.2971,-2.0683,-0.4177,-0.6359,0.2911,-0.1247,0.397,1.4809
0.8531,2.2961,0.1897,-1.1678,-0.6685,-0.4332,-0.9495,-0.4919,0.1155,-1.0928,-0.3778,-0.6354,0.4996,-2.0844,-0.606,1.4619,-0.6062,-0.88,0.1154,-0.5424,-0.9526,-0.6493,0.5694,0.0469,0.3608,-1.0212,0.5135,0.7686,-0.2433,0.9373,-0.9279,0.2045,2.5927,-0.8816,-1.9129,-1.196,-1.7199,0.4181,-1.8659,-1.2833,-1.4844,-1.3896,0.6859,-2.8062,-1.7161,-1.4086,-0.6691,0.3498,-0.4137,-1.0776,-0.3651,1.725,0.4937,-0.6642,0.9795,-0.8308,-0.7388,-0.8228,-0.4276,0.1037,-1.1818,1.9973,-0.9697,-1.1332,-1.0125,-0.2033,1.3313,-0.487,0.4746,-0.568,-0.051,1.0482,0.6717,-0.1264,0.7715,-1.3221,-0.7204,-0.4507,-0.715
-0.2458,-0.4407,-0.174,-1.7216,-1.007,-1.2552,-0.2894,-1.0157,-0.5538,-0.7964,-0.6938,1.6307,-0.9677,0.2089,-0.6636,0.6818,-0.4971,-0.5408,-0.9445,-0.8289,-0.9515,1.3436,0.5776,-0.1526,-0.2054,0.4791,-0.1521,0.7598,-1.3344,0.2441,0.3608,0.1306,0.1679,0.4383,-0.7664,-0.7748,0.2776,-0.6221,0.2328,-0.204,0.4322,-2.6129,0.3811,-1.0251,-0.2679,-0.5022,-1.4914,-0.2118,-0.8663,-0.8822,-0.0202,1.1124,-0.1628,-0.8042,0.1321,-0.4448,-0.0921,0.5957,-1.3247,0.0601,0.1566,0.5021,-1.5453,-0.3962,-0.0967,-1.6908,1.336,0.0527,0.7722,0.3683,-0.9647,-0.5707,0.1398,0.5011,-2.4201,-1.8206,-0.1496,-1.3864,0.9169
-0.2234,0.0862,-0.8097,-0.9211,-0.8918,-1.3049,0.1174,-0.058,-1.1674,-0.6813,-0.2942,0.3372,-0.2878,-1.1016,-0.8655,0.0275,-0.3714,-0.8966,-0.6994,0.4152,-0.4898,-0.7068,0.0714,-0.2584,-0.5865,-1.5774,0.6307,0.1872,0.2031,1.3379,-0.7365,0.9763,0.6975,0.4823,-1.0698,-0.5091,0.078,-0.0557,0.256,0.4052,-0.7815,-0.5572,0.6268,-0.2532,-0.4537,-1.0959,-0.2616,0.0266,-0.8798,-0.4545,-0.5504,0.1435,-0.0425,-1.4262,-0.54,-0.7537,-0.0177,-0.3363,0.5935,0.6575,-0.3458,-0.1084,-0.8958,0.4438,-0.0773,0.4432,0.225,-0.4469,-0.5642,-1.2155,-0.158,-0.5864,0.7196,0.2529,0.0919,0.2435,-0.2311,-0.187,-0.0393
-1.2738,0.0417,-0.7691,-0.7202,-0.798,-0.1957,-0.8382,1.5675,-0.343,0.1118,-0.205,-0.9524,-1.0077,-0.7883,-0.7798,0.7109,-0.6016,-0.0998,-1.0871,-0.6624,-0.8699,1.1497,0.6045,-0.2863,-0.1782,-0.6611,-0.256,0.6455,-1.4317,0.543,-0.3978,0.5779,0.1649,0.1128,0.9564,0.5032,1.2104,-0.7391,-0.7487,-1.2165,-1.7469,0.4708,0.3026,-0.429,0.0764,-0.0477,-0.0653,0.1492,-1.5308,0.418,0.5481,0.678,0.1443,-1.0072,-0.1004,-1.0262,-1.2442,0.1201,0.4674,-0.3573,-1.4691,0.1231,-2.4896,0.3209,-0.0931,-0.6718,0.3204,1.1445,0.9195,-0.8861,0.166,-0.3272,0.2296,0.9169,-0.1771,1.4011,-0.7632,0.0082,0.8642
-0.4194,-0.491,-0.9061,-1.3054,-1.8151,-1.3479,0.0216,0.4972,-0.9715,0.3646,0.4977,0.212,-0.7289,-0.8327,-0.925,0.9465,-0.8183,-1.4473,-0.3683,-0.4704,-0.1109,0.9329,1.0419,1.2622,0.6228,-0.8993,0.2784,0.9913,0.7965,1.6062,-0.6801,0.7187,1.4417,-1.0879,-0.2843,-0.4151,-0.3647,-1.6763,-1.1743,-0.1064,-0.1771,-0.44,0.8057,-1.0356,-0.343,-0.7085,-1.0612,0.1269,-0.8555,0.8509,-0.5872,0.823,-0.8539,-0.9754,0.3505,-0.8211,0.0067,1.2838,-2.3225,0.1202,0.1171,0.9444,-0.8653,-0.1068,0.3135,-0.6958,0.121,0.3399,0.0777,-1.319,0.4178,1.0141,1.5196,0.6037,-0.2565,2.2796,-0.9076,-1.1006,1.3165
-2.0382,0.0688,-2.4364,-1.9892,-1.9442,-2.0981,-1.6288,1.4279,-0.6219,-0.4699,-0.8927,0.4575,-0.5498,-1.039,-1.8867,1.6795,0.073,0.4264,-1.3828,0.3491,-0.0489,-0.6947,0.0385,-0.4485,0.5629,-0.791,0.0877,0.0764,0.0135,-0.1114,-0.338,0.4721,1.8389,-1.2528,-1.3912,-1.4194,0.02,-0.4195,-1.1044,-1.6817,-1.1917,-2.2351,-0.1203,-1.1219,-1.2702,-0.1228,-0.1062,0.968,-2.7641,-0.1746,-0.7785,1.3254,-0.3799,-2.1235,-0.8948,-1.412,-1.5467,0.2193,0.0766,0.2136,-2.3651,2.9255,-1.5596,-0.7073,-2.3689,-2.479,0.4063,1.4109,-0.537,-2.163,-0.0586,-0.1746,-0.2844,0.4345,-1.0643,-0.1508,-1.582,-1.5563,1.1958
2.111,1.5884,0.1484,0.7971,-0.3879,0.7679,-0.1671,0.5935,-0.1564,0.8949,0.5507,1.2708,1.8361,0.7124,-0.2918,0.9045,0.2333,0.7987,-0.2351,0.5377,1.785,-1.1675,-0.8549,-0.7729,-1.8886,0.9295,-1.514,0.539,1.5316,-1.2363,1.636,-0.4221,1.285,-1.0903,0.3674,1.1103,2.3908,1.8042,1.1741,0.7735,2.0839,-0.733,-1.5537,1.4818,0.3195,0.3415,0.0113,-0.2567,0.7233,0.5087,1.5082,-0.8236,0.2454,-0.4924,-1.7062,0.1554,-0.2237,-1.3326,-1.0926,0.0591,0.8131,1.6188,0.2979,3.2121,-0.882,0.321,-0.62,-1.6294,-1.998,-0.5267,0.1632,-0.5964,-2.3178,-0.0461,0.6731,3.115,0.8134,0.1254,0.1379
-0.0106,0.2385,-0.7397,0.2941,0.092,0.1439,0.1825,0.4685,2.9196,-0.3025,-0.6387,0.4419,0.704,0.3786,0.6483,1.7363,1.0009,0.7895,-0.0961,0.3363,-0.5054,-0.8305,-1.083,-0.7815,0.3711,0.3088,-0.3135,-0.8406,0.3705,-0.2919,0.3865,-0.738,0.1666,-0.0543,1.5418,0.2317,-1.3765,-0.0103,1.7125,-1.62,0.7186,-0.2049,-0.9821,1.274,-0.8852,-0.4216,0.4762,-0.7211,0.3824,-0.0916,1.7083,1.1462,0.2377,-0.2803,-0.7982,-0.0795,-1.2667,0.7191,-0.0222,0.3192,0.6361,0.3538,-0.3677,-0.081,-1.0378,0.8102,0.0623,1.8262,-0.0587,-0.4083,-0.7144,0.2482,0.0363,-0.6003,0.8051,-0.4799,0.2336,-0.3981,0.4325
0.6751,-0.7199,0.357,-0.3691,0.3622,-0.1323,0.6676,-2.3085,-0.8688,-0.298,-0.0542,-0.0168,0.7935,-2.4482,-0.8322,0.7296,0.6554,-0.9546,0.1288,-0.1701,-1.2084,-0.2171,2.9938,0.1217,0.2727,-0.609,0.6779,2.3639,0.3608,1.3403,-1.2355,0.9794,-1.0748,-1.7261,-0.7531,-0.004,-0.8644,0.2217,-1.2485,0.4942,-0.7537,0.2552,0.9861,-0.5752,-0.4267,0.4227,-1.4104,-0.2426,-0.3944,0.3193,0.4872,0.7481,-0.4304,-0.7195,2.2645,1.0792,0.8704,-1.8507,-0.1985,0.7115,0.2875,1.4948,-0.2967,0.1766,0.0063,0.4339,-1.009,-1.8228,0.0914,0.1957,1.3754,2.5932,1.8505,-1.2221,0.2022,-0.1655,-0.6281,-0.3147,1.0597
-1.0993,0.021,-0.6809,-1.4745,-1.8026,-0.7656,-0.0806,0.6967,-1.4664,-0.7865,-0.0337,-1.0283,-0.4674,-0.4393,-0.7771,0.7476,-1.7386,-1.6207,-0.4273,0.7189,-0.4017,-0.507,0.0339,-0.5121,-0.376,-2.1532,-0.4409,-0.4068,0.6024,1.1485,-0.4378,0.6181,1.4545,-0.2368,-1.816,-0.9375,-1.0172,-1.2637,0.1585,-1.0311,-0.1042,-1.8292,0.1478,-1.2851,-2.1002,-2.0725,0.4249,1.3442,-1.2602,-1.6317,0.2101,-0.7462,-0.2042,-2.0255,-0.202,-0.4348,-0.5983,0.5801,-1.6527,0.2436,-1.5324,-0.4324,-2.0003,-0.9781,-1.4759,-0.706,-0.498,-1.103,-1.4984,-1.4814,-1.7872,-0.7127,1.4719,-1.0687,0.1219,0.1796,-0.8441,-1.4554,-0.5438
0.2405,-0.222,-0.3414,-0.8306,-1.0708,-0.415,-0.3639,-0.6685,-0.0118,-0.7663,0.4054,0.9535,-0.6549,0.2543,-0.26,1.5,0.53,0.3689,-0.3721,0.0267,-0.7977,-0.7723,-0.6619,2.5652,-0.0023,-0.7281,-1.0141,-0.1691,-1.0024,-0.1875,-0.3744,0.9051,0.7143,-0.2512,-0.0672,-0.3469,0.5064,-0.3929,-0.5832,0.5486,0.4265,-0.9781,0.7323,0.3812,-0.9175,-0.5628,-0.2406,-0.8871,-0.3974,0.197,-2.7932,1.2879,-1.3484,-1.1884,-0.4031,-0.5692,-0.2673,-0.9117,-1.227,-0.9087,0.044,0.7928,-0.2392,-0.1619,-1.26,-1.6972,-1.4602,1.7419,0.1758,-0.59,-0.5854,0.1206,-0.1385,0.5655,-0.9793,-0.127,-0.9002,-0.71,0.9742
0.676,0.4156,-0.4194,-0.5468,-0.7891,-0.5334,-0.7911,-0.6409,-1.5721,-2.2403,-2.2741,0.5819,-0.0528,-1.7824,-0.0374,-0.2734,-0.7164,0.7302,-1.5912,-0.5843,-0.3678,-0.5544,0.4524,-0.6287,-0.2738,-1.997,0.6581,0.324,0.0315,0.3852,0.0163,-2.024,0.3901,-0.2326,-0.6556,-1.1877,-0.3332,0.2615,0.7782,-0.8497,-0.2212,-1.6412,-1.1392,-1.065,-0.8304,-1.1984,-1.3711,0.1843,-0.5987,-0.4652,-1.0641,0.3417,0.036,-1.2842,0.1889,-0.6575,-0.1974,-0.588,0.215,0.3212,0.1325,0.5707,-2.9859,-0.3556,-0.905,1.3973,-0.0476,0.0241,-0.2588,-1.25,-0.3625,0.6819,0.9959,0.6947,-0.8789,-0.1379,0.4517,-1.5939,-0.9813
0.8083,0.4856,0.403,1.0971,1.2324,0.506,1.5829,0.7803,0.4795,0.1325,-1.6651,-0.2901,-0.5669,1.3313,0.9373,-2.4002,0.2853,0.3223,-0.5604,1.4348,-0.3326,1.6291,-0.43,-0.4913,-1.0356,1.4415,-0.4853,-0.4917,-0.2547,-1.2491,0.1674,-0.2893,-0.6793,-1.0034,1.8153,2.1189,0.5798,0.1444,1.4852,-0.5818,-1.0778,0.5061,-0.0485,0.8398,0.5205,-0.1911,-0.1277,0.7845,-0.4692,1.2603,1.587,-1.219,-0.2779,1.2762,-1.0603,-0.1126,-1.7124,2.5915,0.5314,0.1267,0.4359,-0.6074,1.0693,0.8047,0.532,0.138,0.1076,-0.9863,-0.7098,1.1641,1.4113,-1.6774,-1.6963,-3.4076,2.987,1.9436,2.3179,1.3933,2.1357
0.1372,-0.0707,-0.2305,1.147,0.558,0.1767,-0.3121,1.6324,-0.0224,0.7044,-0.6394,-0.3366,-0.7865,-0.7424,0.4064,-1.3799,-0.9542,0.2365,-0.9292,0.8648,0.1002,1.4859,-1.2455,-0.8147,-1.0279,1.3086,-0.6897,-1.7773,-1.7468,-1.213,0.6888,-0.87,0.918,0.062,1.9972,0.6623,1.7063,0.2954,0.5095,-0.6563,-1.3018,0.5937,-1.5304,0.406,0.4969,-1.1567,0.7508,0.1395,-1.2381,1.4443,0.8938,-1.2124,0.6661,0.3207,-1.798,-0.6451,-1.296,1.4685,1.3917,-0.3949,0.6436,-0.7709,0.9489,0.8053,0.8705,-0.0494,0.9679,-0.1078,-0.3841,0.454,-0.5004,-2.5316,-1.3896,-3.7446,0.6826,1.9519,1.0154,0.7021,0.3021
0.0617,0.2855,-1.0296,-0.6485,-1.1693,-0.4506,-0.3938,-0.3128,-0.9188,-1.0928,-0.1283,-0.6859,0.0204,-0.1203,-1.0531,0.6386,-0.4607,0.1046,-1.1242,0.3439,0.1045,-1.3537,-0.7053,-0.1865,0.082,-1.6585,-0.5985,0.791,-0.6865,-0.7763,0.0276,-0.0606,0.7284,-0.0723,-0.4352,-1.233,-0.9888,-0.6436,0.3746,-0.4227,-0.8386,-1.227,-0.0185,0.3388,-0.4093,-0.9023,-0.0829,0.0031,-0.9937,-1.1714,-1.2186,-0.7709,-0.5451,-1.3328,0.076,-0.8497,-0.0083,-1.3429,-0.7109,0.5021,-0.2552,0.5853,-0.9167,0.2294,-0.0721,0.7528,-0.2504,0.0314,0.2556,-1.2761,0.0623,-0.4812,-0.5728,0.0908,-0.1581,-0.6867,-0.9994,-0.5171,-0.348
-0.7945,-1.798,-0.3047,-0.7203,-0.7216,-0.21,0.9605,0.3766,-1.5293,-0.0767,1.0919,0.9044,-0.5026,-1.3266,-0.7603,-0.5358,0.6136,-0.5698,0.7021,0.9139,-0.962,0.6731,0.9442,0.1263,0.9317,-0.116,1.6944,0.0703,0.8102,1.1352,-1.5938,2.1416,0.8584,-2.3565,-0.1765,-0.2994,-0.1985,-0.1213,-1.2354,1.6176,-0.1853,0.4669,2.2186,-1.4191,-0.7342,-0.5667,-1.667,-1.1002,-0.1409,0.9153,0.4296,0.5884,0.0056,-0.8709,0.3063,0.3176,0.8217,-0.8593,0.745,-0.0407,-0.1523,-0.0148,0.0668,1.6146,0.5379,0.3304,-0.2831,0.2683,-0.8821,0.0371,1.1664,-0.5698,1.1258,-0.3915,1.3028,0.4835,-0.4763,0.3303,0.4766
-1.2343,-0.1239,-2.1145,1.4187,-2.2725,2.8126,1.6301,1.9553,0.9667,4.6752,-3.6014,-1.1417,0.203,-0.4436,-1.047,-1.6365,-0.2671,-0.342,-2.2401,-2.4868,-0.3362,-1.3997,-3.7703,0.2454,3.4362,-1.1992,5.0681,-3.2613,2.1823,-1.9027,-0.4813,-2.4569,-1.7081,1.7684,-0.1963,-0.7876,1.1302,1.1008,0.6865,-1.2437,-0.4296,3.2957,-0.6475,-0.3898,2.0037,1.5931,-2.2473,2.4984,0.0124,-0.08,-0.0342,-0.2754,0.9486,-0.5851,-3.5619,0.0611,0.6422,2.9149,3.6953,-4.2936,-1.4073,1.8532,0.1505,3.0414,0.8004,-0.652,-3.0894,0.1125,0.9092,-0.1839,1.7553,-1.5612,-1.9532,0.4534,2.2005,1.8403,2.3022,-9.8307,0.7589
0.354,0.0621,-0.0137,0.0729,0.2704,0.0056,0.9253,-0.4793,-0.0336,-0.2404,0.1054,-0.4989,1.039,-1.0317,-0.8741,-0.1615,-0.4859,-1.1959,0.4076,-1.5945,-0.4548,1.3473,0.8676,0.291,0.7164,0.1726,0.4959,2.0428,-0.3107,1.395,-1.3104,0.4391,-0.0552,-1.958,0.2444,-0.4421,0.354,-0.9566,-1.2013,0.2323,-0.2487,0.5693,0.8145,-0.3331,-0.0921,0.3876,-0.2678,0.48,-0.4457,1.5682,-0.0931,0.0736,-0.5919,-0.0429,1.4501,0.7705,1.2427,0.0652,0.7859,0.6194,-0.2757,-0.5066,0.2241,0.5481,0.1063,-0.1623,-0.2847,-0.9785,-0.2995,-0.4494,1.0274,0.1642,2.0205,-0.1413,0.1675,0.883,0.1953,-0.7264,1.132
-2.5818,0.0682,-0.5573,-1.2813,-2.4978,0.0787,-0.5253,0.059,0.7868,1.7649,1.3779,0.1557,-1.4106,-1.2901,-1.4007,-1.0551,-2.8105,0.3664,0.5293,-2.0583,-0.0621,-1.1453,-1.3175,-0.7815,-1.0984,-0.5674,-0.3905,-0.3939,-0.5853,-0.0421,-0.9654,-1.1364,0.1147,2.1962,-1.8157,-0.0533,-0.5869,-0.0808,0.4897,-2.1544,-1.6796,-1.833,-1.4338,1.1332,0.8057,0.9013,0.9511,1.3109,1.0175,-2.3025,0.4118,-0.768,0.111,-1.0896,-2.2996,-1.0332,-2.4444,0.4335,0.0148,-0.2541,-1.8716,3.2315,-1.4839,-0.7513,-0.8485,-1.3953,-0.1742,-0.5038,-1.3071,-0.6828,-0.8281,-0.5727,-0.2483,0.4,-1.1235,0.2823,-0.4346,-0.5204,-1.2556
1.5832,-0.0014,0.3973,1.0197,0.7849,0.7264,0.5525,0.0455,-0.2108,0.8021,0.2067,-1.5763,1.2481,-1.2982,-0.726,-0.6859,-1.0579,1.1793,-0.2396,-0.5098,1.5983,-1.4803,-1.7868,-1.8425,-1.2411,0.2439,-0.7688,-1.8231,1.2012,-1.717,2.0584,-2.3853,-0.0234,-2.2047,-1.1892,0.0008,-0.6432,-0.6863,-0.2039,-0.3009,-0.0884,-0.3585,-2.563,-1.4545,0.9798,0.9294,0.3117,1.0822,0.2606,-0.0656,1.2633,-1.7661,0.2632,0.344,-1.7298,0.4519,0.4683,-0.2671,0.8093,0.2558,-1.588,-0.4548,0.2261,0.2055,0.3134,0.4954,-0.3234,-1.8497,-1.584,0.4715,-1.6106,-0.9437,-2.629,0.1048,-0.0293,-0.0241,0.5104,-0.0508,-1.7336
-0.3254,-0.0733,-0.4583,-0.2554,-1.324,-0.6273,0.3776,0.2506,1.2233,1.4127,1.7829,-0.5749,-1.3469,-0.3484,-0.3552,-0.9552,-0.8277,-0.3892,-0.0093,-0.0439,-0.2948,1.2579,1.7755,0.5845,-0.0748,0.5311,0.9275,0.5239,0.475,-0.2119,-0.4013,0.8438,-0.2705,-2.1383,0.2002,-0.4874,1.6505,0.4709,-1.3382,0.0461,-0.8528,0.0489,1.3393,-0.3929,1.098,0.0078,-0.3388,1.5748,0.0158,1.3159,0.0221,0.1558,-0.7801,-0.2787,0.3892,0.0945,-0.2583,0.5922,0.9402,-0.1609,-1.0602,0.8081,-0.1895,0.5052,1.0482,-0.3331,0.3778,-1.0331,0.2493,-0.0025,-0.5237,-0.8528,0.3616,0.0119,0.6581,1.3552,0.8504,0.4907,0.3087
0.3479,1.1591,-1.8977,-0.0137,-0.9544,-1.0521,-0.4885,0.6428,-1.0027,0.2792,0.0473,-0.6636,0.3366,-0.5905,-0.8017,-0.303,-1.1591,-1.358,-1.0753,0.4096,0.5762,-0.675,0.8996,-0.3185,-0.3816,-1.7366,-0.3422,0.2641,0.2493,0.6462,-0.5409,0.2403,0.7068,0.9667,0.4708,0.372,-1.0193,-0.7371,1.1356,-2.2793,-0.6795,-0.7339,0.4664,0.2022,-0.3483,-0.8287,-0.021,-0.0533,-0.1466,0.4438,0.88,-1.5942,-0.4525,-0.5562,0.0345,-1.4005,-1.1211,0.8355,1.3045,0.2291,0.0888,-0.1404,-0.8314,-0.3779,-1.2247,0.4737,0.5872,-1.18,0.6643,-1.1155,-0.8309,-0.6293,0.2969,0.4507,1.1994,0.4358,-0.4554,0.2913,-0.2985
-0.6341,-1.1454,-0.7502,0.1163,-0.2208,1.0648,-1.118,0.8762,0.7709,0.3487,0.3617,-1.6303,-0.4163,-0.2835,0.7525,-0.7821,-1.1241,-1.4103,-0.2474,-3.6233,-7.1222,1.105,-0.6788,-0.8951,0.0263,1.9358,-2.22,-0.1031,-3.8261,-0.4031,1.4044,-2.9543,-0.8297,-2.0954,1.7733,1.0013,-0.1938,0.8509,2.3228,-0.3887,-2.7372,0.9212,-1.2013,-0.4771,1.2606,-0.905,0.7063,2.3451,-0.8092,0.6396,-2.1712,-2.837,-1.1802,0.8372,-1.4503,-0.1979,-0.8923,0.588,0.1405,0.2741,1.1548,-1.4675,0.9349,1.9081,1.7922,-0.3879,-1.5775,-0.2917,-0.1501,1.2601,-3.4178,-1.1102,-0.6312,-5.5327,-0.6368,2.9742,0.9934,0.2459,-0.1664
-1.2404,-0.81,-0.0835,-1.5641,-0.4771,-0.7634,0.3913,0.2281,-0.6974,0.0563,-0.1867,1.1089,-0.3371,0.0807,-0.727,0.7967,0.3963,-0.2441,-0.1043,0.0312,-0.5697,0.8968,1.4977,0.3293,0.0929,-0.281,0.3179,0.6419,0.7144,0.4708,-1.4999,1.3209,-0.1417,0.2837,-0.6238,0.8733,0.2239,-0.3476,-0.5256,1.372,0.1224,-0.3373,1.4023,1.0507,0.7436,0.0969,-0.8029,0.2232,-0.4131,0.256,-0.467,0.6444,0.2538,-0.2379,0.9032,0.0292,-0.329,-0.6131,-0.4612,-0.5556,-0.2775,-0.1249,-0.2071,0.5765,0.7296,0.0018,-0.206,0.0502,0.2837,0.1982,-0.155,0.2127,0.2391,0.4493,-0.4086,0.5511,-1.642,0.3938,-0.1503
