0.2704,0.6198,0.8462,0.6051,1.0248,1.0954,1.7002,1.1347,1.2283,1.2372,0.5262,1.2736,1.3312,2.2038,1.37,3.4541,-0.4016,0.7512,1.5951,1.5514,1.3409,0.7824,1.3903,0.3053,1.1367
1.385,0.3646,0.6318,0.8848,0.7659,0.4115,1.069,0.7768,1.2863,0.8443,1.7229,1.0124,1.1629,1.6587,1.0201,3.3699,0.0065,0.7209,1.2173,1.2644,1.4726,0.5937,0.4142,0.9921,0.9257
0.7976,0.8849,0.5804,0.8766,0.7566,0.9933,1.3934,1.6211,0.7683,1.9563,0.5316,1.2169,1.5733,1.5877,1.2608,3.1711,-0.7007,0.9725,1.4573,1.2655,0.8349,1.4097,0.995,1.1091,1.0924
0.3042,1.1212,1.0412,1.1198,1.2218,0.9509,0.6998,1.0934,0.8991,1.6816,1.1302,1.0091,1.194,1.536,1.2417,3.0273,-0.2833,1.3833,0.968,1.1385,1.1869,0.5613,0.3763,0.5504,0.8282
0.0179,0.4674,0.7461,0.875,0.7307,1.2802,0.6474,1.0116,1.2039,1.428,1.4736,1.0379,0.7975,1.7618,1.4855,3.0042,0.1385,1.2097,1.7309,1.2067,1.957,1.6175,0.7808,1.1359,1.133
1.2007,0.3909,1.133,1.245,0.31,0.5392,0.3477,0.9667,1.3722,1.7259,1.1993,1.852,0.8123,0.7167,1.3211,3.3752,-0.5965,0.4393,1.1506,0.7065,1.249,1.0789,0.5475,0.616,0.4835
0.6516,0.4234,0.7139,1.0595,1.3796,0.3664,1.5486,1.0093,0.998,0.9369,0.5939,1.5562,1.2876,0.95,1.0106,3.3264,0.153,1.1091,0.6468,1.1332,0.9971,0.0708,0.8622,0.7152,1.0872
0.3034,0.3409,1.4278,1.4859,1.6867,1.2071,0.8764,0.8997,1.3776,0.8184,1.4386,1.1657,1.1782,1.6403,1.5926,3.1836,0.0746,0.8654,1.3525,1.4673,0.9876,1.203,0.4518,1.129,0.8812
0.4062,0.2504,0.4262,1.3778,0.7494,1.8745,1.2038,1.1484,0.8492,1.4077,0.9878,1.2867,2.2216,1.4113,1.8097,3.0737,-0.4878,1.9728,0.963,1.8403,1.3273,0.9371,1.1001,1.1383,1.1811
0.4313,0.0014,0.5617,0.4789,1.5493,1.3063,0.9522,1.8825,1.5106,1.3896,0.3259,2.0914,0.7999,0.8437,1.7746,4.2164,0.0167,1.4723,1.3778,1.4934,1.3096,1.1141,0.905,0.7761,0.7467
0.5405,0.1181,0.7561,0.5616,0.6789,1.0163,1.5265,1.3963,0.5602,1.0746,1.5052,0.9643,1.1937,1.6156,1.1361,3.369,-0.9563,0.9669,1.2532,0.5764,1.2472,1.0601,1.0645,0.8744,1.3625
0.8076,0.8623,0.8421,1.2921,1.7574,0.758,0.594,1.0298,2.0282,1.0111,1.8698,1.8861,1.0912,1.551,2.077,3.2087,-0.4611,0.9735,0.8393,1.0653,0.6203,1.0714,0.6143,0.8776,0.3347
0.9348,1.1438,0.0881,1.1284,1.5387,0.5328,1.7146,1.2074,0.935,1.3622,1.4236,1.2739,1.5134,1.0608,1.5285,2.8197,-0.4991,0.8724,0.9736,1.8784,1.4193,1.3841,0.4965,0.6858,1.33
0.081,0.4506,0.7143,0.5694,1.3526,1.494,1.4478,0.9915,1.688,1.3616,1.0699,1.0794,1.2076,1.2391,1.4612,3.3643,-0.4731,1.4202,1.6503,1.5771,0.5357,0.224,1.2214,0.3246,0.8468
0.9679,0.7181,0.921,0.7098,0.8732,1.2069,0.9478,1.8228,1.0277,1.5457,1.5146,0.7887,0.6932,0.8977,1.875,3.1679,0.5217,1.2215,1.2225,1.7621,1.7548,1.7744,1.3021,1.1554,1.1451
0.6686,1.2334,0.791,0.6323,0.8204,0.622,1.0564,1.6362,1.2591,1.2379,1.088,0.6902,1.6455,1.2899,1.3345,4.3987,-0.3704,0.9603,1.0733,1.645,1.1037,0.5677,1.2374,0.5657,1.6009
1.0757,0.5099,1.0338,0.947,1.6586,0.8766,0.8958,1.0599,1.0349,1.4873,0.6095,0.9137,0.9092,1.7392,1.9788,3.2273,-0.5885,1.2115,1.5928,0.793,1.1657,1.3527,1.0748,0.8631,1.3105
-0.11,0.982,0.5221,0.3917,1.1999,1.4367,1.0236,1.3972,1.7104,1.6834,1.7721,1.5231,1.3357,0.9245,1.4022,3.1138,0.3051,1.1944,1.2383,1.4498,1.0853,1.6677,0.6519,0.8646,0.6156
0.4074,0.5917,0.7643,0.8915,0.9736,0.4614,1.143,0.5423,1.4685,1.2654,0.7659,1.2007,1.0763,1.5369,1.9267,2.6722,-0.4433,1.2256,1.4871,1.3631,0.782,1.0371,0.5941,1.1726,1.0061
1.1617,0.6381,0.8442,0.3296,0.6294,1.2917,1.5835,0.6288,0.9318,1.2977,1.2757,0.9849,1.4693,1.2151,1.5169,3.4904,-0.4815,0.9892,1.1516,1.19,0.9631,1.0044,1.456,0.9923,0.8557
0.3651,0.3971,0.7369,0.6635,1.1872,1.4764,0.8791,1.1992,1.3139,1.5879,1.1992,1.4887,1.3682,1.0223,1.7641,3.6989,-0.6759,1.2563,1.3593,1.141,1.4252,1.862,0.6142,0.3129,1.0031
0.486,1.2344,0.9322,1.2716,0.6764,1.252,0.6724,1.3746,1.2717,1.5389,0.9009,0.9917,1.7138,1.1108,1.4506,2.7822,-0.284,0.7086,1.3335,1.3173,0.8496,1.288,0.9608,0.6156,0.4881
0.1853,0.9161,0.2654,1.0484,0.9099,1.1909,0.9086,0.9484,1.444,1.3452,1.4129,1.4657,0.8346,1.6208,1.7347,3.0255,-0.4633,1.2561,1.1657,1.3891,1.5492,1.5598,0.4662,1.0199,1.446
0.6038,1.0937,0.4107,1.0235,1.443,0.7745,0.7668,1.0099,1.5672,1.3572,1.0006,1.4366,0.8994,1.624,1.6492,3.3312,-0.6466,0.9862,1.3488,1.6674,0.8845,1.2828,0.1442,0.5926,0.9173
0.4314,0.4624,0.6183,0.9865,0.9083,0.1702,0.3643,0.8692,1.2977,0.2406,1.0264,1.0605,1.8147,1.2617,1.5723,3.4214,-1.1824,1.5029,1.2347,1.4129,2.4447,0.4058,1.4777,0.6961,0.9683
0.5626,0.5544,0.5655,1.0388,0.4487,1.2204,0.9823,0.6655,0.993,1.591,1.0063,1.4114,1.0775,1.5894,1.6612,3.9087,-0.5869,1.4379,1.2045,1.607,0.918,1.2442,0.8032,0.7779,0.8603
1.1308,1.0266,0.9353,1.4541,0.6929,1.5654,1.3896,0.9898,1.5257,0.8249,0.8906,1.0698,1.1179,1.0247,1.8893,3.3127,-0.271,1.0548,0.5284,1.333,0.409,1.1266,0.3956,1.4938,1.214
0.7708,1.1514,0.4677,1.0703,1.0456,1.0464,1.5072,1.3191,1.2372,0.7383,0.8355,1.2691,1.3159,1.2043,2.3696,3.9048,-0.2693,1.2834,1.0865,0.8667,1.157,1.1475,0.4546,0.9132,0.779
0.5657,0.8355,0.9439,0.7727,1.1066,0.0846,0.7854,1.2786,0.7839,1.2774,1.3339,1.1433,1.3318,1.0326,1.3884,3.6146,-0.3504,1.0744,1.2773,1.5242,0.3618,1.4751,0.7934,0.9598,1.2702
0.3289,0.9865,1.3222,1.2041,0.6331,1.2121,0.6928,1.2644,1.3315,0.5902,0.8828,1.4029,1.2208,0.8382,1.4343,3.3318,-0.5477,0.9687,1.6198,1.7613,0.9865,0.7893,1.0402,0.6711,0.8372
0.998,0.1023,1.3879,0.8684,0.8047,0.9216,1.1066,0.4579,1.6535,1.2366,1.3822,1.6226,0.9622,1.4782,1.3028,3.5859,-1.2409,1.1003,0.9804,1.38,1.1904,0.7868,0.677,0.7571,0.6324
0.5766,0.2475,0.5823,1.3627,1.2034,1.2971,1.3238,0.6788,1.0446,0.9899,1.681,0.8628,1.6254,1.757,2.0889,3.2636,-0.2093,2.0742,0.9507,0.6616,0.422,1.3162,0.2096,0.6658,1.0315
1.1365,1.12,0.8442,1.0524,1.2604,0.6533,1.0319,0.3131,1.4598,0.6723,1.7049,1.1516,1.2617,1.1919,1.3113,3.7763,-1.3815,1.657,1.2772,0.739,0.7156,1.746,0.5495,0.3946,1.3542
0.4496,0.5988,1.0068,0.8896,0.7069,0.8952,1.0425,0.3162,1.277,0.8246,0.7734,0.6807,0.6212,0.9315,1.2707,4.0142,-0.6101,1.2818,1.2953,1.2123,1.0841,0.6331,1.3846,1.4286,0.2647
0.8873,1.0228,0.9586,0.8608,1.1074,0.0679,1.3135,1.1105,1.0845,1.9175,1.0161,1.196,2.0372,1.0664,1.2194,3.2707,-0.1456,1.2718,0.7388,1.1275,0.8334,1.0786,1.0969,0.9476,0.2348
0.8261,0.9581,1.0718,0.637,0.9593,1.0827,1.0219,0.3375,1.2025,2.0757,1.1181,1.0575,1.4465,1.5352,1.8808,2.8464,-0.15,1.3706,1.1337,1.2995,1.4316,1.4744,0.4681,1.0841,1.0052
0.8197,0.0673,0.3342,0.1484,0.9473,0.9037,0.9186,0.6983,0.7214,1.3844,0.9863,1.3719,1.01,1.3399,1.7918,3.4452,-0.6845,1.2619,1.1027,1.1732,0.9286,0.9815,0.9426,0.45,0.7626
1.0816,0.3188,0.9866,1.3081,1.1135,0.8828,0.8689,1.4279,0.6328,0.856,1.0749,1.6781,1.4083,1.0701,1.3987,3.1169,-0.6735,1.5723,0.6915,1.7761,1.4163,1.51,0.7104,0.7458,0.3472
0.4349,0.9729,1.0671,0.9286,0.5474,1.0279,1.5633,1.221,1.5508,1.0782,1.5928,1.5725,1.0331,1.479,0.9867,3.0471,-0.3555,1.2453,0.8358,1.806,1.2372,0.8916,0.5102,0.755,0.6795
0.3164,0.4608,1.5161,0.6352,1.5606,0.869,1.0157,1.4372,1.5756,1.1643,1.0564,1.2984,1.448,1.7446,1.4308,3.5518,0.0737,1.3411,1.2822,0.6589,0.1421,1.2315,0.8504,0.616,0.9847
0.8993,0.3981,0.5439,0.5773,1.0747,0.7361,1.1844,0.0619,0.827,0.7773,1.1051,1.0522,1.6342,0.6435,1.4916,3.4809,0.0802,0.9764,1.3939,0.5867,0.1817,1.3381,0.8758,1.2084,0.4187
0.8942,1.4036,0.9604,1.0504,1.08,0.4056,1.5543,0.8482,1.3011,0.6797,0.7676,1.7674,1.143,1.8418,1.4166,2.7534,-0.0415,1.0311,1.4247,1.2489,0.5542,1.1218,1.6854,0.9686,0.8644
0.7361,0.5715,0.4257,1.0211,1.0424,1.6868,0.4879,1.4777,1.4724,0.9935,1.2768,1.1,1.3369,1.8874,1.7637,3.6705,-0.5774,0.7762,1.0991,1.6045,0.5501,0.7333,0.9252,0.4602,0.573
1.0843,0.5074,1.0925,1.4621,0.8304,1.193,0.6111,1.3252,1.1926,1.3902,0.9604,0.7072,1.4691,0.6743,1.3069,3.6407,-0.4033,1.9729,1.5678,1.0047,1.1178,0.9604,0.3248,0.4672,0.6569
0.5288,0.2726,0.2089,1.0451,0.8815,1.0863,1.3044,1.1625,1.3896,1.2137,0.8351,1.6823,1.0577,1.0209,1.3706,3.1275,-0.5808,1.3517,1.2706,0.9222,0.8466,1.456,1.0473,1.5225,1.329
1.2997,1.0276,1.248,0.7309,0.9874,0.8483,0.659,1.2284,0.9571,1.5175,0.8017,1.8498,0.9506,1.5015,1.7446,3.1836,-0.1754,0.7496,1.6695,1.1815,0.8299,0.9214,1.1519,0.5916,0.6188
-0.2294,1.6228,1.0303,0.9137,1.3785,1.7746,1.3683,1.3947,1.1964,1.1961,1.0399,0.9931,1.0967,0.9092,1.3728,2.7153,-0.3801,1.1685,1.2184,1.0343,2.1675,1.5293,0.4362,0.8817,0.7505
0.2989,1.2396,0.8211,1.0413,0.2201,0.536,1.357,1.1739,1.0932,1.611,1.8167,1.165,1.3138,1.4165,2.3216,2.6862,-0.179,1.2913,1.368,1.0156,1.0601,1.3545,1.9582,1.0833,0.5845
0.5256,0.6116,0.6177,0.5123,0.6939,0.5567,0.94,0.8047,0.5834,1.9726,1.6268,1.0259,1.4061,1.5738,1.8327,3.0981,-0.0632,1.0792,0.7211,1.5117,1.5105,1.9695,0.4538,1.0415,0.7367
0.992,0.9117,0.8678,1.3237,0.8848,1.2662,0.5001,0.7602,0.5201,1.3813,1.1882,1.2779,1.2988,1.0909,1.4231,2.8421,0.0549,1.2279,1.0218,1.8633,0.6057,0.7674,0.489,0.7745,1.0723
0.3754,0.6349,0.9643,1.1999,0.7591,0.9636,0.4941,1.4827,1.0957,1.7262,0.9951,1.097,1.0219,1.7586,1.159,3.5386,-0.6263,0.5528,0.9709,0.7935,1.0747,0.653,1.1931,0.7642,0.9337
0.8658,0.6628,0.6586,1.6948,1.4374,1.0017,0.2962,0.9623,2.0992,1.3195,1.5673,1.7806,1.3755,1.1507,0.6232,3.6741,-0.7117,1.339,0.7153,1.0742,1.0776,1.1212,0.5105,1.2163,0.6959
0.4668,0.343,0.4556,0.7355,1.5346,1.4981,1.1282,1.4883,1.1778,1.1472,1.0599,1.1412,0.738,1.4782,1.4925,3.6873,-0.4025,1.2818,0.8779,1.2341,1.3485,0.6951,0.9001,0.8781,0.6208
1.4025,0.4355,0.6101,0.7667,1.2602,1.1112,0.9987,0.7731,1.1644,0.8832,1.2474,1.5583,0.8712,0.9122,2.0296,3.1358,-0.0625,1.154,1.108,1.3852,0.7736,1.1004,0.739,0.3402,0.9551
0.6328,0.977,0.1197,0.1171,-0.2591,-0.1974,-0.1916,0.3369,-0.2442,-0.09,-0.2914,-0.7241,-0.3028,-0.0921,-0.7743,-0.2299,-0.7854,1.2965,-0.5101,-0.9377,-0.826,-0.8804,-0.8622,-1.8072,-1.477
1.2172,0.328,0.1284,0.4131,-0.3852,0.0545,0.4823,-0.1065,-0.5632,0.3901,-0.1332,0.2781,-0.2909,-0.4229,-0.4041,-0.6573,-0.9991,1.9697,-0.9119,-1.4025,-0.3709,-0.8165,-1.1159,-1.5926,-0.2922
0.0593,0.6411,0.8027,0.4025,0.7359,0.1276,0.1602,0.1981,0.0824,-0.2923,0.0131,-0.4941,-0.482,-0.5057,0.0368,-1.6863,-0.4132,1.4708,-1.2381,-0.6245,-0.6704,-0.5708,-1.8339,-0.4965,-1.087
0.7883,0.3499,0.8786,0.6539,0.4881,0.7922,0.1832,0.2162,-0.2279,0.6965,0.4821,-0.3,-0.0275,0.0977,-0.5283,-0.7904,-0.2866,1.4921,-0.6248,-0.9859,-1.4425,-0.7043,-0.6012,-1.0498,-0.3529
0.3658,0.2211,0.5768,0.3364,0.5324,-0.1174,0.639,0.6791,0.0308,0.2796,-0.5913,0.117,0.096,0.1098,-0.4212,-1.5609,-0.829,1.2415,-1.0226,-0.728,-1.0009,-1.1132,-1.2617,-1.2216,-0.4791
0.4108,0.5122,0.2483,0.4465,0.416,-0.9052,0.6734,0.5011,-0.2435,-0.4983,-0.2682,-0.3842,-0.1948,-1.0568,-0.8093,-0.0019,-0.8443,1.8956,-0.5343,-1.3573,-0.6379,-0.702,-0.8966,-0.8854,-0.6021
0.3869,0.9819,0.4092,0.2511,-0.0263,0.737,0.3099,0.2477,-0.6661,0.242,0.2403,-0.1998,-0.256,-0.2503,0.3771,-1.1973,-0.3442,1.1343,-0.7114,-0.8174,-0.986,-0.6198,-1.1423,-0.6145,-1.3363
1.4645,0.5557,0.5746,0.5071,-0.1048,-0.145,-0.1834,-0.3061,-0.8882,0.0684,0.7901,-0.1189,-0.7648,-0.5398,-0.6142,-0.947,-0.3391,1.7362,-1.0804,-0.4716,-0.346,-0.159,0.1003,-1.2905,0.2232
0.0453,0.9306,0.341,-0.1554,0.7096,0.8907,0.2536,0.7437,0.0836,-0.2705,-0.4415,0.3163,-0.472,-0.015,-0.6056,-0.7522,-0.2818,1.3486,-0.8556,-0.3311,-0.2868,-0.6167,-1.1641,-1.1487,-0.8028
0.7177,0.4352,0.3603,0.5655,0.6918,0.3536,0.2216,0.5123,-0.0937,0.2032,-0.314,0.0403,-0.3068,-0.2259,-0.5154,-0.0917,-0.7669,1.1964,0.0739,-0.3961,-1.6184,-0.9426,-1.5828,-1.278,-1.9108
1.0079,0.8743,0.129,0.2542,0.3479,0.0581,0.3507,0.0917,0.596,-0.6625,-0.1822,-0.5867,-0.0469,-0.847,-0.305,-0.7805,-0.8455,0.9485,-0.8667,-0.3212,-0.8497,-0.5504,-0.3699,-0.8822,-1.0783
0.624,0.4756,1.3009,0.2334,0.5061,0.1566,-0.3783,-0.698,-0.1528,0.2109,0.253,0.1276,-0.6354,0.2641,-0.7402,-0.4539,-0.5048,1.3957,-0.2235,-0.928,-1.3422,-0.5509,-0.8856,0.2073,-0.5308
0.7046,1.4828,0.8262,0.0312,0.6391,0.0431,0.5577,0.2833,-1.0228,-0.516,0.1194,-0.2109,-0.6452,-0.5303,-1.0826,-0.5876,0.17,1.7455,0.1048,-0.4007,-0.3867,0.0545,-0.8184,-1.0399,-0.4886
1.3256,0.6147,0.4132,0.3642,0.199,0.0806,0.5595,0.0814,0.4017,0.1911,0.1956,-0.4952,-0.7245,-0.2617,-0.459,-0.5298,-0.5583,2.3597,-1.1608,-1.4308,-0.7593,-0.9334,-0.6625,-0.7703,-0.289
0.2495,0.3775,0.5541,0.5857,1.0045,0.489,0.1604,-0.3237,-0.2207,-0.3302,0.1521,-0.1533,-0.7598,-0.4722,-0.0952,-0.401,-0.3711,1.6077,-0.0077,-0.5624,-0.9596,-0.9851,-0.75,-1.829,-0.8685
0.1596,0.8436,0.5967,0.2684,0.509,-0.2488,-0.0486,0.5665,0.1273,0.148,0.5679,-0.6775,0.0064,0.3394,-0.4484,-0.2311,-0.8515,1.235,-0.6259,-0.454,-0.3114,-0.2193,-0.9368,-0.555,-0.9903
1.015,0.7683,0.6123,0.4722,-0.2676,-0.2394,0.3299,-0.5903,0.348,0.1315,-0.0468,-0.6824,0.2745,0.4379,-0.3448,-0.365,-0.437,1.6518,-0.719,-0.6939,-0.541,0.1076,-1.3807,-1.0109,-1.1835
0.5997,1.7286,0.757,0.4928,0.1979,-0.0043,0.3328,0.0966,-0.6056,-0.7202,-0.4287,-0.1722,-0.3094,0.1779,-0.9796,-0.8614,-0.061,1.5,-0.3855,-0.0049,-1.1171,-0.9112,-0.8896,-1.6587,-0.8944
0.1803,0.4848,1.0022,0.7286,0.1922,-0.1031,0.516,0.4227,-0.3533,-0.5841,-0.061,-0.0528,-0.4019,0.0044,-0.732,-1.3429,-0.7649,1.4812,-0.8332,-1.2047,-1.4953,-0.9869,-0.5223,-0.5349,-0.3589
0.6243,0.2081,0.0726,0.1243,0.1367,0.522,-0.3243,-0.1361,0.4144,-0.1852,-0.0589,-0.2716,-0.1488,-0.1722,-0.0863,-1.0678,-0.606,1.5777,-0.5337,-0.1292,-0.921,-0.1805,-1.1385,-0.5074,-0.5943
1.0158,1.1375,0.6862,-0.3636,0.1885,-0.2503,0.1078,0.3323,0.1284,0.253,-0.0216,-0.7203,-1.008,-0.3905,-0.5548,-0.9055,-1.2163,1.2038,-0.7568,-0.4652,-0.7708,-0.0386,-1.2529,-0.6661,-0.8248
0.9083,0.2558,0.6716,0.2058,-0.353,-0.0872,0.2231,-0.0453,-0.4138,0.2843,-0.0699,-0.2578,-0.1511,-0.5744,-0.1637,-0.6411,-0.7605,1.6552,-0.1447,-0.3813,-0.5357,-0.9617,-1.342,-0.4471,-0.0581
0.5323,1.1695,0.3631,-0.1378,0.3336,-0.0113,-0.1079,-0.3957,0.9763,-0.2255,-0.8561,0.2753,0.0104,-0.553,-0.7851,-0.3381,-0.7076,0.7797,0.0253,-0.8474,-0.3433,-0.3568,-1.2213,-0.6117,-1.0084
0.1136,0.5318,0.7028,0.164,0.1551,0.5563,0.1926,-0.2947,0.2632,-0.0781,-1.0233,0.0354,-0.0268,-0.2949,-0.1392,-0.7614,-0.4055,0.9079,-0.5576,-0.0399,-1.1896,-1.0201,-1.1498,-0.9289,-1.1533
0.6163,0.2732,0.3601,-0.3735,0.9675,0.4573,-0.1405,-0.1097,-0.2655,0.3784,-0.6655,-0.1784,-0.2865,-0.0672,-0.3622,-1.1412,-0.5202,1.1337,-0.6351,-0.0828,-1.4499,-1.0235,-0.9333,-1.1075,-0.501
0.4464,0.0653,0.7189,-0.042,0.1276,0.6674,-0.2954,-0.5301,0.0965,0.2435,-0.5851,-0.1511,0.0331,-1.1013,-0.1683,-0.2757,-0.6954,1.8946,-0.3591,-0.7267,-0.9706,-1.1763,-0.8652,-0.7753,-0.9203
0.4069,0.6487,1.2545,0.024,0.985,0.8562,0.2691,-0.0899,-0.1798,-0.1912,-0.4865,-0.3203,0.2688,-0.6383,-0.5638,-1.187,-0.4939,1.5552,-0.6951,-0.8348,-0.984,-0.5935,-0.9621,-0.8644,-0.7273
0.5266,0.8076,0.1049,0.4461,0.0788,0.521,0.4139,-0.1837,-0.028,-0.3571,-0.5549,-0.329,-0.0745,-0.2197,-0.3787,-0.6325,-0.0545,1.479,-0.4447,-1.272,-2.2376,-0.6934,-1.3566,-1.048,-0.9326
0.1493,0.1054,0.2944,0.5216,0.0381,-0.2026,-0.1092,-0.155,0.0371,0.6068,0.2906,0.053,0.1686,-0.7076,-0.8264,-0.9245,-0.0474,1.2647,-1.0752,-0.795,-0.9526,-0.5981,-0.7763,-1.2644,-0.4621
1.0946,0.454,0.7019,0.1296,-0.0464,0.4884,-0.1936,-0.3199,-0.3545,-0.6904,0.0427,0.4001,-0.2865,-0.8543,-0.1025,0.0778,-0.7071,1.2891,-0.5148,-0.1288,-1.0473,-0.9907,-0.5656,-0.6951,-0.8185
0.7409,0.7279,0.7412,0.3688,0.6518,0.2746,0.3321,0.3531,0.1242,-0.0709,-0.099,-0.2999,-0.2911,-0.6198,-0.6716,-0.961,-1.1555,1.1541,-0.8298,-0.6909,-0.9655,-1.6921,-0.4018,-0.5944,-0.5884
1.2335,1.1429,0.7879,0.3548,0.2534,0.4218,0.1079,-0.6656,0.203,-0.5223,-0.5221,-0.2091,-0.2879,-0.7703,-0.3498,-0.221,-0.9726,1.9422,-1.1904,0.0362,-0.9716,-0.606,-1.5177,-0.9813,-0.7157
0.7559,0.4433,0.1729,0.7249,0.2739,0.6942,0.0728,-0.1451,0.3901,-0.7058,-0.5284,0.2003,-0.7007,-0.9647,0.2062,-1.0425,-0.4893,1.5059,-1.6637,-0.8344,-0.7015,-0.628,-0.5618,-1.1067,-0.5884
0.8881,0.6526,0.2565,0.4581,0.1547,-0.2263,1.1251,-0.1788,-0.7306,-0.4351,-0.5547,0.2744,-0.0802,-0.1686,-0.4912,-0.6414,-0.6196,1.4248,-0.4059,-0.607,-0.5671,-0.4038,-0.5593,-0.8734,-0.7302
0.505,1.1011,0.5281,0.1615,0.5257,-0.1362,0.2096,-0.069,0.3943,-0.6888,-0.4008,-0.7377,-0.4035,0.1186,-0.5145,-0.6559,-0.0571,1.8387,-0.7087,-0.3827,-1.2249,-0.1998,0.0696,-0.7778,-1.5091
0.8325,0.0864,0.3428,0.4678,0.3105,-0.2823,-0.3338,-0.2704,0.3408,0.3933,0.1394,0.0792,-0.1949,-0.9643,-0.6468,-0.6903,-0.8204,1.4771,-0.5066,-0.4595,-0.9721,-1.5014,-1.0584,-0.9594,-0.3783
1.2376,0.733,0.0235,0.4888,0.3798,-0.0556,0.4122,-0.5819,0.358,-0.4359,-0.5205,-0.3325,-0.094,-0.3023,-0.6371,-0.6855,-0.873,1.4037,-0.3212,-0.6874,-0.5364,-0.2642,-1.0234,-1.0079,-0.0549
0.9051,0.5628,0.1645,-0.0589,0.7857,0.4651,0.793,0.1794,0.0194,0.3146,-0.0955,-0.1803,-0.2557,-1.2936,0.1783,-0.3649,-0.2363,1.4368,-0.5473,-0.8451,-0.649,-1.2574,-0.7181,-0.774,-0.8408
1.0749,0.7805,0.7671,0.0594,0.102,0.2791,0.3406,0.1755,0.5402,-0.6436,-0.3466,-0.2006,-0.4848,0.924,-0.1922,-0.5668,-0.7181,1.2929,-0.6715,-0.6435,-1.0325,-0.7877,-0.4399,-0.4885,-0.6815
0.8437,0.697,0.6955,0.5502,-0.0793,-0.2727,0.3664,-0.2128,-0.4364,0.1895,0.4181,0.2474,-0.158,-0.0279,0.0639,-0.7819,-0.1152,1.5536,-0.3626,-0.593,-0.4233,-0.6504,-1.3262,-0.459,-1.0698
0.738,0.4511,0.6051,0.7581,0.0199,0.1086,0.3399,-0.1272,0.3407,0.0221,0.2255,-0.4783,-0.6302,-0.3562,-0.7174,-0.3496,-0.8793,2.2729,-0.217,-0.7156,-0.556,-1.2934,0.1629,-1.1727,-0.8157
0.112,0.4295,0.4946,1.211,0.8709,0.6778,0.0924,0.8375,0.1008,0.1935,-0.0925,-0.2507,-0.3234,-0.4697,-0.1518,-0.3937,-0.5209,1.9868,-1.6595,-0.4893,-0.5698,-0.4285,-0.8288,-0.902,-0.411
0.9755,0.924,-0.0699,0.8772,0.4427,0.4162,-0.0093,0.2374,0.4938,-0.2057,0.5774,-0.2512,0.1936,-0.2445,-0.2239,-1.1185,-0.4117,1.2026,-0.992,-0.0613,-0.9428,-1.0662,-0.9096,-1.4299,-0.2819
1.0077,1.2058,0.1886,0.2644,0.0303,0.5863,0.2219,0.597,0.2469,-0.0603,-0.1273,0.0098,-0.7887,-0.2137,-0.3935,-0.2557,-0.579,1.0934,-0.6967,-1.0856,-1.5232,-0.4045,-0.6483,-0.8112,-0.3226
0.5329,0.1859,0.582,0.2126,-0.024,0.1269,-0.0707,-0.6289,-0.127,-0.516,0.0786,-0.4408,0.1787,0.2051,-0.1919,-1.0672,0.0046,2.0095,-0.6802,-0.2437,-1.0414,-1.3983,-1.2137,-0.3695,-1.3441
0.8973,0.7327,0.9748,0.4769,0.058,-0.6598,0.1036,0.3791,0.0671,-0.1494,0.0583,-0.6075,-0.0813,0.2993,-0.3757,-0.9027,-0.4191,0.6774,-0.5602,-0.4843,-0.2845,-0.7596,-0.4813,-1.271,-0.8671
1.4677,0.5066,0.8803,1.2621,2.3424,1.0959,0.8515,0.2826,0.6107,0.398,0.2977,1.3181,0.0487,0.5088,0.0285,-0.3521,0.1361,-0.0519,0.2521,0.3035,0.7108,-0.415,-0.9336,-0.6105,-0.6708
1.3601,0.8974,1.0051,1.0072,2.1741,1.5226,0.7126,0.8131,0.9161,0.6396,0.7385,0.6046,-0.1398,0.0288,-0.1001,-0.1947,-0.4372,0.101,0.2937,-0.0326,0.0977,-0.6121,-0.9243,-1.0421,-0.3506
0.7876,0.7449,0.9406,0.7739,2.4999,1.3452,1.309,0.0201,0.7304,0.187,0.4077,0.5483,0.2603,0.1885,0.3665,0.0983,-0.2007,-0.4765,-0.6831,-0.5048,0.2944,-0.7267,-1.1174,-0.6576,-0.6578
1.2293,0.6251,1.3869,1.1413,2.6027,0.9476,0.5451,0.6784,0.9766,0.222,-0.1037,0.5809,0.4287,-0.2859,-0.1104,-0.3226,-0.2108,-0.3605,-0.2595,-0.5007,-0.6115,-0.5907,-0.6408,-0.88,-0.2438
0.4989,1.7497,0.5113,0.9526,1.9867,0.773,0.827,0.2966,0.7627,0.3828,0.8551,0.9623,0.1117,0.1737,0.1791,0.2132,0.0533,-0.2142,-0.1764,-0.2186,0.1594,-0.2526,-0.4557,-0.516,-0.7177
0.5391,0.2059,1.1986,1.2032,2.891,0.9757,0.005,0.2268,0.7412,0.4704,0.3163,0.4564,0.299,0.1692,-0.0825,0.3278,-0.1604,-0.7067,-0.4252,-0.3588,-0.067,-0.5293,-0.766,-1.2067,-0.3419
0.7728,0.9468,1.5009,1.051,2.0259,0.1441,0.6814,0.1594,0.835,0.6786,0.4677,0.2247,0.8966,1.1023,-0.002,0.0805,0.0095,-0.3698,-0.4531,-0.6573,-0.7936,-0.3624,-0.8827,-1.6705,-0.5252
0.9876,1.4634,1.0533,0.3659,1.8152,0.6354,0.5285,0.9137,0.6037,0.8341,-0.0132,0.8002,0.5685,-0.5736,0.6334,0.0598,0.1963,-0.3151,0.3737,-0.6398,-0.0653,-0.2088,-1.0425,-0.0752,-0.5621
1.2291,0.4486,1.6593,0.4441,2.9542,0.6357,0.6247,0.8598,0.9985,0.0648,0.7456,0.6902,-0.0658,0.712,-0.3956,-0.1437,0.149,-0.5779,-0.0293,-0.2465,-0.3282,-0.2562,-0.7813,-0.6883,-0.3357
1.2771,1.2554,0.5107,1.096,2.2882,0.3719,0.7871,0.2727,0.904,0.8356,-0.166,0.1452,-0.2384,-0.0819,0.2892,-0.1075,-0.2321,0.3596,-0.8844,0.2934,-0.6411,-0.5598,-0.8861,-0.2293,-1.0168
0.1355,1.3561,0.7389,0.4059,2.925,0.9485,1.1958,0.7374,0.5757,0.4156,0.6702,0.3377,0.0034,0.375,0.1315,0.041,0.5031,-0.3228,-0.097,-0.4915,-0.1494,-0.3314,-0.3864,-0.9721,-0.8032
1.2775,1.0906,0.6138,1.3544,2.0011,1.1789,0.2517,1.2436,0.1701,0.9155,0.4343,0.2884,0.3229,0.3276,-0.2241,-0.2776,0.2018,-0.8484,-0.3238,0.7878,-0.7051,-0.1277,-0.9058,-0.5911,-0.4012
0.257,0.37,0.0182,0.5024,-0.4514,0.0254,0.3,-0.1486,0.8447,-0.1255,0.2,0.6615,0.5525,0.078,0.6794,0.513,1.2491,0.4648,0.2256,0.1011,0.2918,-0.0584,0.6837,0.3342,0.4686
0.3554,0.4197,0.4732,0.4136,0.4514,0.6892,0.781,0.4146,-0.0722,0.9191,0.4239,0.2063,-0.2558,0.5558,0.4289,-0.1711,0.5618,0.2557,1.2479,0.2201,0.2593,-0.0285,0.6494,0.2157,0.0508
0.4751,0.9097,0.6865,0.1405,0.3676,0.1015,1.0518,0.6674,0.319,0.6286,0.8056,0.5059,0.8476,-0.3768,0.5676,0.1479,1.0063,0.8705,0.286,0.8784,1.0248,0.2814,1.0843,0.3903,0.1889
0.2859,0.2992,0.057,0.2464,0.1884,-0.081,0.9838,-0.1889,0.6182,0.3711,1.0856,0.4311,0.2346,0.2594,0.4242,-0.1017,0.1279,-0.3121,0.0055,0.4715,0.453,-0.3876,0.1704,0.6454,0.2806
0.3899,0.2299,0.1908,-0.0698,-0.3191,-0.5242,0.2587,0.1712,0.0713,0.9733,0.1308,0.7915,0.8897,-0.3665,0.425,0.164,-0.649,-0.1901,0.5699,1.1085,0.6268,0.3679,0.2117,0.9177,1.0427
0.0463,-0.3842,-0.5291,0.68,0.1858,0.2845,-0.1773,0.1363,0.2899,0.4383,0.2597,-0.0669,0.0578,0.7397,0.4866,0.5169,0.0857,-0.6494,0.1272,0.1508,0.5056,1.4438,0.459,1.4112,0.5628
0.2751,0.3499,-0.2371,0.3189,-0.4898,0.4563,0.5834,0.7861,-0.0263,0.5096,0.5548,0.4179,0.0243,-0.5176,0.5268,0.2547,0.1762,0.5675,0.2884,-0.0571,-0.3413,-0.104,1.0642,0.6108,0.4162
1.4343,1.4104,0.7273,0.871,1.1896,1.1468,1.0267,0.6533,1.2603,1.4533,1.4644,1.417,1.2711,1.7371,1.4112,3.159,-0.5033,0.6745,1.1047,1.5449,1.1945,1.7294,0.8125,0.9856,1.1606
1.1454,0.3353,0.0391,0.4087,-0.131,1.6955,1.0927,0.7414,1.2841,1.2444,1.4091,1.6991,1.1953,1.0497,1.7045,3.6214,-0.3451,2.0276,1.0088,0.8975,1.3165,0.8392,1.0463,0.5102,0.8085
1.1939,0.7214,0.811,0.3892,1.321,1.1727,1.2978,0.8127,0.8699,1.405,0.9891,1.4035,0.512,1.1982,2.2234,3.5329,-0.347,1.9519,0.3445,0.9085,0.8841,1.3688,1.1763,0.4931,1.2378
-0.023,0.1356,1.2197,0.8171,1.1777,0.994,0.9708,1.0302,0.8243,1.2217,0.9711,1.153,1.1644,1.3251,1.7665,3.3222,-0.0668,1.7228,1.458,1.4058,1.1889,1.3582,0.8997,1.1405,1.0575
0.5741,0.4132,0.9684,0.4603,1.1767,0.5378,0.9019,0.5605,2.1344,0.6741,1.1925,1.6499,1.6534,1.6236,1.3681,3.8465,-0.1277,1.2633,1.269,1.1483,0.736,1.5628,1.3539,0.4867,0.8603
0.8183,0.8088,1.0739,1.0501,0.9569,0.9708,0.5998,0.9025,1.1508,1.2636,1.5443,1.0311,1.3824,1.3658,1.6029,3.6192,-0.2764,0.4638,1.5595,1.6945,0.8927,1.1852,0.5601,0.1141,0.6106
0.596,0.5989,0.5642,0.7307,0.9393,0.684,1.2202,1.3046,2.0175,1.5987,1.2853,1.0174,1.4039,1.4601,1.2822,3.5643,-0.9843,1.0856,1.3623,1.0374,0.9713,1.0331,0.6399,1.2068,0.6836
0.4577,1.2069,-0.0342,0.6829,0.7822,-0.0421,0.6182,1.3027,1.1511,1.7444,1.7233,1.4416,1.4146,1.3724,0.5287,2.8718,-0.3339,1.4064,1.2756,0.8742,1.425,1.6537,1.2038,1.1426,0.7522
0.165,0.3118,0.6722,1.5465,0.8495,0.9419,1.5517,0.9603,0.7097,1.114,1.6538,1.3082,1.9397,1.6271,1.1898,3.3995,-0.7119,1.0544,2.7428,1.5526,1.4219,0.9083,1.4467,1.182,1.4893
1.3195,0.2044,0.4848,0.5283,0.6282,1.0679,0.8146,1.7874,1.787,1.1792,1.8687,1.8146,1.1379,0.6619,1.297,3.0505,-0.4008,1.2427,1.2056,1.4121,0.6876,1.2357,0.7213,0.8668,1.1736
0.7988,0.7568,1.1768,1.0781,0.4357,0.6739,1.5074,0.9922,1.5365,1.133,0.8532,1.1076,0.9257,1.1225,1.498,3.5007,-1.0334,1.4226,0.9561,1.0075,1.214,0.9572,1.3561,1.2163,1.3439
0.6282,0.284,0.5684,0.2672,0.0444,-0.2574,0.2237,-0.1468,0.2395,0.0835,0.2136,-0.6973,-0.1339,-0.5377,-0.86,-0.6834,-0.1066,1.3439,-0.1392,-0.4563,-1.0125,-0.2677,-0.6586,-1.2991,-0.14
0.4349,0.1975,1.019,0.5438,0.1617,0.1525,0.406,0.3355,-0.117,-0.0421,-0.2198,-0.2749,-0.1648,-0.3239,-0.224,-0.425,-1.0685,0.9795,-0.6821,-0.0763,-1.1807,-0.8975,-0.966,-1.165,-0.7246
0.3984,0.7394,0.494,0.9053,0.677,-0.2793,0.0534,0.288,0.2447,0.2072,-0.6319,-0.5331,-0.407,-0.3094,0.4351,-0.7064,-0.8678,1.483,-0.3749,-1.0315,-0.3445,-0.7206,-1.1512,-1.5327,-0.5344
0.6077,1.1809,0.4988,-0.1196,0.0497,-0.1741,0.2557,-0.2917,0.107,-0.3427,-0.8838,-0.1666,-0.2306,-0.2072,-0.6479,-0.8003,-0.3972,1.9884,-0.7025,-0.5725,-0.9446,-1.3611,-0.5848,-0.6547,-0.5575
0.6777,0.9007,0.7575,0.8918,0.6277,0.1776,-0.1909,0.0427,0.1252,0.0828,0.3632,-0.2378,0.4539,-0.893,-0.1988,-0.7342,-1.0868,1.3984,-1.2097,-0.7292,-0.8325,-0.454,-1.2759,-0.6568,-0.7627
1.1822,0.5377,-0.0001,-0.1053,-0.1843,0.3263,0.6291,-0.2082,0.2019,-0.6452,0.042,0.0654,-0.8081,-0.3578,-0.092,-1.5685,0.1003,1.5826,-0.4291,-0.8872,-1.3588,-0.5216,-0.9271,-0.9619,-0.4253
1.1873,1.0738,0.6648,-0.1867,0.8599,0.3514,-0.1381,0.1416,-0.3611,0.2151,-0.5866,-0.2553,-0.1237,0.0492,-0.4224,-0.3485,-0.5928,1.4571,-0.6182,-0.7877,-1.4494,-0.9649,-0.7968,-1.0619,-0.8095
0.6914,0.3794,0.2792,0.2826,0.5391,0.2755,0.3231,-0.4042,0.502,-0.3153,-0.5593,-0.4103,0.6132,-0.4015,-0.4795,-0.5565,-0.5932,1.1833,-0.5818,-0.3411,-0.7146,-1.1429,-1.0719,-1.1668,-0.7563
0.9426,0.8361,0.7464,0.2235,0.4657,0.5421,0.0808,-0.1621,0.4268,-0.3701,0.0317,-0.3047,-0.8919,0.0223,-1.4155,-1.2454,-0.419,1.6435,-0.8797,-0.6592,-1.744,-0.5257,-0.8163,-0.9905,-0.8327
0.3748,0.676,0.8351,0.4935,2.9848,1.2842,0.5337,1.0361,1.2019,0.441,0.2324,1.089,0.5548,0.214,0.6538,0.1171,-0.2015,-0.2314,0.216,-1.0271,-0.5403,0.0507,-0.8111,-0.2283,-0.1802
-0.072,0.1799,0.353,-0.1503,0.1383,0.7056,0.6202,0.454,0.4214,0.2101,1.1789,0.0822,0.4505,0.5127,0.7157,0.7344,0.4312,0.4685,0.4344,-0.3537,-0.1581,0.059,0.0049,-0.0865,0.5964
0.1684,0.2634,0.317,-0.1183,0.1351,0.3796,0.1939,0.8552,-0.2053,0.9499,0.632,0.0778,-0.0076,-0.4262,0.1352,0.6804,0.3802,0.6768,0.0888,0.6621,0.066,-0.0708,0.1847,0.1095,-0.2218
