0.0,0.0,0.0,0.0,0.0,0.0,0.0,0.0,0.0,0.0,0.0,0.0,0.0,0.0,0.0,0.0,0.0,0.0,0.0,0.0,0.0,0.0,0.0,0.0,0.0,0.0,0.0,0.0,0.0,0.0
0.0,0.0,0.0,0.0,0.0,0.0,0.0,0.0,0.0,0.0,0.0,0.0,0.0,0.0,0.0,0.0,0.0,0.0,0.0,0.0,0.0,0.0,0.0,0.0,0.0,0.0,0.0,0.0,0.0,0.0
0.0,0.0,0.0,0.0,0.0,0.0,0.0,0.0,0.0,0.0,0.0,0.0,0.0,0.0,0.0,0.0,0.0,0.0,0.0,0.0,0.0,0.0,0.0,0.0,0.0,0.0,0.0,0.0,0.0,0.0
0.0,0.0,0.0,0.0,0.0,0.0,0.0,0.0,0.0,0.0,0.0,0.0,0.0,0.0,0.0,0.0,0.0,0.0,0.0,0.0,0.0,0.0,0.0,0.0,0.0,0.0,0.0,0.0,0.0,0.0
0.0,0.0,0.0,0.0,0.0,0.0,0.0,0.0,0.0,0.0,0.0,0.0,0.0,0.0,0.0,0.0,0.0,0.0,0.0,0.0,0.0,0.0,0.0,0.0,0.0,0.0,0.0,0.0,0.0,0.0
0.0,0.0,0.0,0.0,0.0,0.0,0.0,0.0,0.0,0.0,0.0,0.0,0.0,0.0,0.0,0.0,0.0,0.0,0.0,0.0,0.0,0.0,0.0,0.0,0.0,0.0,0.0,0.0,0.0,0.0
-1.987,1.5721,-1.7927,0.8293,-1.1789,1.3297,-0.0216,-1.4786,1.6124,0.0032,0.5293,-1.428,2.0739,-0.1176,0.4963,1.9958,-0.4699,0.9308,-0.6725,2.506,2.1855,2.5339,-0.2852,-2.115,-2.3567,-0.0649,0.0798,0.904,-0.9984,-0.1895
0.3906,-0.6134,-0.5921,-1.0929,-0.0385,0.665,-0.204,0.4586,-1.2861,-2.0884,-1.0407,0.3218,-1.11,-0.239,-0.5484,-1.7228,-0.974,0.6516,-1.5924,-0.958,0.9652,0.8014,0.2838,0.0286,-1.5683,0.427,0.1365,-2.1138,-0.8457,-0.7716
-0.0541,-0.3569,-0.4975,1.2168,-0.2539,1.585,-0.6565,0.9353,0.5991,0.2122,0.6337,-0.7869,-1.1484,-0.1377,0.7526,0.814,-0.4533,0.2264,-0.5762,-0.3969,1.635,1.548,-1.2418,-0.0081,-0.4919,-1.0084,-0.2085,-1.3802,-0.1291,-0.4492
-1.1384,0.8897,-1.414,1.3308,0.1734,1.5726,0.0094,1.5056,-0.3591,0.7936,1.7078,-0.8742,0.5416,-1.2034,-0.0499,0.8286,-1.2256,1.0474,0.5237,-0.5746,1.0811,0.9637,0.2082,-0.3873,-0.3909,-1.2557,0.2762,0.3092,1.2485,-0.6947
-1.1919,0.3138,-1.8533,0.4732,-1.3512,0.0095,-0.7995,0.7349,-0.729,0.0157,0.596,-0.623,-0.152,-0.8337,0.4855,0.7788,1.4522,1.2828,-0.5769,-0.7222,0.6701,0.6082,-0.8104,0.4539,1.0629,-1.2225,0.7781,0.4085,0.9966,-0.1017
-0.6243,-0.3456,-0.1472,1.1253,0.5961,1.7876,0.9866,-0.7069,-0.0769,0.2587,1.1483,-0.8087,-0.4828,-0.1877,0.4064,1.1104,-0.7735,-0.0612,-0.9268,-0.0032,2.3362,2.7112,0.104,-1.1338,-0.251,-0.831,1.1848,-0.2026,0.7444,0.4161
-0.459,0.197,-1.4486,-0.8749,-0.1089,1.0423,0.3351,0.814,-1.3307,0.1656,1.2356,-0.3438,-0.6911,-0.3412,0.3089,0.9534,0.2178,-0.0653,0.0346,0.0865,1.7404,1.7534,-0.2172,-1.0579,1.1982,-0.6845,1.2135,-1.552,0.2971,0.5055
0.0,0.0,0.0,0.0,0.0,0.0,0.0,0.0,0.0,0.0,0.0,0.0,0.0,0.0,0.0,0.0,0.0,0.0,0.0,0.0,0.0,0.0,0.0,0.0,0.0,0.0,0.0,0.0,0.0,0.0
-0.7331,1.3991,-1.3321,0.9905,-0.1915,1.0726,0.4249,-1.3237,0.3074,0.4115,1.1327,-0.5486,1.5104,-0.1379,0.1888,1.1039,0.0082,0.4406,0.0358,-0.1683,0.8108,0.5845,-0.2293,-0.6754,-0.5841,-0.8971,0.4454,0.7227,0.0883,-0.4903
-1.2538,-0.5038,-1.0524,0.8617,0.4935,2.2503,-0.1778,-0.4971,0.1129,0.4636,1.1187,-0.857,0.1493,-0.168,-0.4706,1.3862,0.7115,-0.1296,-0.8151,0.3027,1.3511,1.376,-1.5652,-0.2629,-0.2103,-0.9877,1.8136,-1.3547,0.8389,-0.3403
-0.6522,1.0301,-1.9566,1.6581,0.8188,0.1997,-0.8621,2.0377,-0.875,0.7903,1.6495,-0.3101,0.4657,-1.0716,0.5902,0.9333,1.4699,1.0169,-0.112,-0.9002,-0.5537,-0.8389,-1.579,-0.5894,0.078,-0.7502,-1.027,1.1696,1.0867,-0.0877
0.0244,1.6534,-1.3514,-1.3492,0.7934,1.4572,-1.0313,-0.1693,1.8057,-1.0457,-0.3426,0.3623,0.1349,-0.3927,-0.7178,0.585,-1.4519,-2.354,-0.4254,-0.2574,2.0815,2.0175,-0.1575,-0.1934,-0.3147,-0.2968,0.0611,0.1029,-0.5615,-1.6016
0.4492,-1.2621,0.016,-0.9363,-0.3073,0.389,-0.0824,1.3401,-1.6756,0.0464,0.5266,-0.2971,-1.2932,-0.9832,0.4944,0.256,1.1695,0.3048,1.4098,0.0448,0.4923,0.2934,-0.7218,-0.1712,-0.5647,-0.6663,0.1549,0.3054,0.4029,0.3224
0.4202,0.1033,1.0325,-0.1522,0.2624,0.5299,0.2836,1.7167,-0.1437,1.5714,2.5918,-1.7445,-0.3659,0.513,1.9223,1.2464,-0.3008,-0.117,-0.3721,-0.356,-0.8856,-1.2896,-1.7565,3.8588,0.3638,-1.0548,1.0475,0.5315,2.7365,-0.9095
-0.1125,0.3471,-1.0914,-0.4267,0.2749,0.5815,0.5122,-1.1041,-0.2491,-0.1858,0.5191,-0.029,-0.5148,0.0066,0.7176,0.6182,-0.0785,0.8382,0.2067,0.7019,0.6343,0.3002,-1.4319,-1.0541,-0.836,-0.3403,-0.0441,-1.114,-0.3616,0.1924
0.5194,0.2639,-1.359,-1.7611,0.1955,0.9196,-0.958,-0.9592,-1.1221,-1.2969,-0.7725,1.6543,-1.1062,-0.7003,-1.1359,-1.0021,-0.8442,-0.3077,-1.7789,-2.0595,1.4261,1.4072,-0.4716,-0.4813,-2.0445,1.8275,-0.2406,-0.0164,-1.1016,-0.6363
-0.6645,1.2379,-0.6667,1.5794,-0.7777,0.0112,0.4332,0.1322,0.0934,0.4339,0.3416,-0.3538,0.8781,-0.1489,0.8785,0.3756,1.1077,0.6464,-0.5121,-0.5902,-0.3092,-0.7277,0.4252,0.643,-0.3258,-0.2166,0.3522,0.0096,0.2497,-0.2203
0.0952,0.1554,-0.1273,-0.789,-0.6421,0.2345,0.4466,-0.2783,2.2397,0.9959,1.0516,-0.5204,-0.414,0.0066,1.4887,-0.0921,0.5561,0.8739,-1.0285,-0.047,0.9526,0.8328,0.3404,0.7768,0.1307,-0.179,0.5074,-0.7866,0.2188,0.3235
-0.4233,0.7734,-0.4413,0.179,0.6406,1.91,0.4552,-1.5941,0.3528,0.0544,0.6265,0.468,0.3631,-0.3186,-0.8431,0.0413,-0.2052,-0.2239,1.0467,0.6131,1.8124,1.8534,-0.5512,-0.6833,-1.3452,-0.5399,0.4702,-0.5868,-1.0335,-1.4023
-1.1097,0.5616,-1.542,0.3486,-0.1043,0.7891,0.106,-0.0957,-0.2649,-0.1157,0.5458,-0.4115,0.0971,-0.5575,0.3144,0.4708,-0.3824,0.888,-0.4056,-0.6237,0.8293,0.6214,-0.7305,0.3856,-0.2266,-1.1553,0.9325,0.0538,0.4665,-0.0857
-0.1027,-0.6654,-0.1391,1.0893,-1.6162,-0.1356,-1.8256,0.583,-0.2894,0.5606,0.7273,-1.2366,-1.0314,-0.9933,0.4988,-1.3061,-0.1093,-0.4581,-0.8339,-0.725,1.0316,0.8201,1.6409,0.4924,-0.9362,-1.5627,-0.3876,0.8079,-0.2615,-1.2828
-0.7794,-0.218,-0.8584,-1.1666,-0.5696,0.6499,-1.2283,0.334,-0.53,-1.9816,-0.8844,0.0946,-0.1804,-0.7877,-1.1534,-1.1511,-1.0545,-0.3409,-1.3237,-1.6734,0.1817,-0.124,0.1271,-0.1587,-1.5115,-0.513,0.099,-0.5061,-0.1616,-1.4319
-0.178,-0.2788,-0.4614,-0.6424,0.8245,-0.6171,-0.818,-0.0889,-0.7102,-1.0213,-0.4248,0.6876,-0.488,1.0278,0.8416,-0.368,-0.9111,0.0264,-0.4715,-0.5312,-0.2854,-0.5318,-0.1285,0.7858,-0.2279,-0.1952,0.5314,0.969,-0.0884,-0.8983
-1.378,-0.8094,-1.0593,-0.5739,1.0718,1.8274,0.2014,0.1202,-1.3106,1.2409,2.1484,-0.6575,-1.1044,0.0488,0.7811,1.0858,2.3108,-0.6011,-0.3269,0.9355,2.5066,2.7337,-0.4602,-0.0875,-0.0535,-1.1157,0.3621,-0.8635,1.672,0.3145
-0.6298,0.3663,-0.4127,-0.2139,-0.5189,0.6044,0.0467,0.0363,-0.8461,0.0215,0.7457,-0.2125,0.1611,0.373,0.0881,0.1484,-0.5731,0.1743,-0.3404,-0.4866,0.4785,0.1544,0.4455,0.4417,-0.1977,-0.4154,0.2918,0.2264,0.5412,-0.6733
-0.2558,0.2448,-0.4716,0.8988,0.219,1.1343,0.7128,0.5297,-0.9087,0.1536,0.9127,-0.0646,-0.6259,-0.0255,0.7089,0.0391,-0.258,0.6719,-0.7088,-0.4563,1.1229,0.8101,0.6566,1.2167,-0.8152,-1.3133,0.5526,-0.992,0.1792,0.169
-0.6702,-0.227,-1.1846,-1.0575,0.6309,1.1076,-1.0596,0.4141,-0.1896,-0.6597,0.1288,0.3172,-0.9888,-0.3117,-0.6085,-0.0102,-0.9221,0.3322,0.693,-0.3816,1.4426,1.2802,1.1138,0.5295,-0.8089,-0.5099,-0.1862,-0.3417,0.2648,-0.3765
-0.0606,0.9308,-0.1361,0.0948,0.5056,-0.6129,0.1595,0.7236,-0.5055,1.34,0.7224,-0.5439,1.1097,-0.1013,0.3444,0.4451,0.323,0.9804,-0.3527,0.4262,0.4462,0.1949,-0.8173,0.343,0.4489,-1.0019,0.1605,-0.5367,-0.1842,-1.3044
0.7076,0.0746,0.5661,0.3561,1.211,0.1886,0.5135,-0.391,-0.6855,0.8093,0.6714,-0.1453,-0.4922,0.6099,0.7495,0.7785,-0.2558,1.1896,-0.8816,1.3087,1.0531,0.9072,-0.9734,-0.5928,0.1121,-2.272,0.1324,-1.8183,-0.7226,1.3908
0.1507,-1.0132,-0.1654,-1.7212,2.7929,0.2243,-0.417,-0.3598,-1.0356,-1.1462,-0.5304,1.1561,-0.7144,0.6568,-1.5546,-0.6504,-0.8761,-1.3306,-0.3853,-0.7174,0.1975,0.1432,0.1169,0.4921,-0.5882,0.7975,-0.0427,-0.2608,-0.4394,-1.5114
-0.4896,-0.8045,-1.0211,-1.0075,0.2742,0.2267,-0.877,0.6669,-0.5771,-1.2971,-0.8698,0.2096,-0.796,-0.8069,-0.2134,-0.976,-1.204,0.2639,0.3459,-0.7161,1.8806,1.6731,0.0754,0.1242,-0.7865,0.414,0.3582,-0.5755,-0.3525,-1.6397
-0.8552,-0.2975,-1.0745,-0.2347,0.4518,0.2206,-0.5467,-0.9578,0.1831,-0.5974,-0.3226,-0.5227,-0.4863,-0.273,-0.2121,-0.2851,-0.4071,0.3382,-0.4881,-0.8394,0.9617,0.942,0.0087,-0.3967,-0.1415,0.0513,0.4353,1.1836,-0.011,-1.2606
-0.7756,-1.753,-0.5204,1.1704,1.2114,1.4816,1.6219,-0.206,-1.1447,1.2683,1.4798,-0.4858,-2.1952,0.0066,0.3247,0.4113,0.016,0.5079,-2.1584,-0.0143,1.0901,1.2955,-0.9982,-0.6285,0.2887,-1.2722,0.5627,-1.1021,-0.0673,0.3424
-0.9981,2.3107,-1.2692,0.558,0.0816,1.6399,0.0299,-0.3547,1.5019,0.9362,0.9699,-0.472,2.1266,-0.6325,-0.3195,1.0034,-0.0432,0.2598,0.7676,-0.1899,0.0203,0.102,-0.6993,-0.3825,-0.0928,-0.2553,0.7794,0.1452,0.1199,-0.4789
-1.1,0.7219,-0.3074,-0.9953,-1.52,-0.1582,-0.5994,0.7281,0.3703,-0.6136,-0.3014,-0.6172,1.2291,-0.4096,-0.1747,0.1173,-0.3906,1.013,0.4055,-0.2054,-0.133,-0.204,-0.4362,0.2924,1.034,-0.0123,0.6643,-0.2722,0.7291,-0.2885
-1.046,0.1483,0.2377,0.517,-0.7563,0.3674,3.4061,1.5307,0.8235,1.2037,0.9381,-1.0392,0.394,-0.1245,0.9516,-0.442,-0.1192,0.3036,0.5658,-0.8094,0.2078,-0.2147,2.4503,-1.0689,0.7498,-0.5692,0.5108,0.3671,0.773,-0.4568
-0.8238,0.7531,-0.7989,0.9004,0.3432,1.8721,1.2911,0.9576,1.8617,0.0628,0.2921,-0.9538,1.1728,-0.3025,-0.8775,0.2227,1.3821,0.2422,1.0557,-0.2648,0.5724,0.5328,0.1722,-0.742,0.3038,-1.0074,1.1859,-0.4667,0.8562,-0.8101
1.965,-1.9205,0.6558,-0.784,1.337,-0.1469,0.308,0.1272,-0.3199,-0.3207,-0.2068,1.1126,-1.2909,1.1036,0.7247,-0.0906,-0.5209,0.3952,-0.985,1.6727,0.7629,0.8579,0.3578,0.3981,0.1676,0.615,0.0366,-1.5212,0.1574,-0.1657
1.5948,-1.4992,1.5174,-0.0494,2.1068,-0.1963,0.2479,-0.2536,0.1994,-0.6862,-0.5052,1.834,-1.2851,0.8532,0.2129,-0.4909,-0.1249,-1.7899,-1.1893,0.0868,0.0842,-0.1256,-1.8722,-1.1734,0.008,-0.3924,-0.76,-0.9455,0.0413,-1.2841
-0.2966,-0.1968,-0.6051,-0.5803,-0.1876,0.2967,0.0038,-0.6805,-0.4257,-0.5778,-0.2438,0.1129,0.0312,-0.7244,-1.8338,0.2446,-0.1284,-1.1086,-0.0392,0.5112,0.4976,0.3387,2.4769,-0.9288,-0.5675,0.6539,0.2786,1.0593,-0.4273,-0.649
-0.0147,-1.0431,0.4774,0.7323,0.1057,-0.0254,0.6297,2.4853,2.1462,-0.9767,-0.8584,-1.39,-0.3732,-0.9442,0.5001,-2.2582,-0.2911,0.5837,1.7861,-0.8614,0.033,-0.0734,3.2055,1.3846,1.4392,-1.0019,1.1989,1.2252,0.9046,-0.6359
-0.8307,0.3785,-0.6825,-0.8337,-0.5179,0.2239,-0.6951,-1.6322,-0.0679,-0.2649,0.2929,0.3609,-0.1413,0.7336,-1.9732,0.4888,-0.1547,-0.4073,0.3611,0.0313,-0.0403,-0.2699,1.5258,-0.1682,-0.1156,0.6253,-0.3855,0.0659,-0.5818,-1.2706
-0.9778,-0.9743,-0.5951,0.7197,-0.2551,0.2262,-0.5062,1.2733,-0.6838,0.9255,0.2654,-0.6672,-1.1415,0.555,0.3291,0.1949,-1.0721,0.2327,1.0346,0.1484,1.1307,1.3162,1.3085,0.9218,0.6021,-1.6337,0.2534,-0.8433,0.2961,0.0739
-0.6742,0.5126,0.3238,-0.694,0.0206,0.1662,-0.8383,-1.0989,0.1117,0.4417,0.5285,0.2681,0.5545,1.4729,0.2963,0.4875,0.5085,1.0127,-0.5748,1.516,-0.2484,0.1824,-0.9464,-1.0096,-0.1713,-0.6549,-0.662,-1.0983,0.1095,-0.5893
-0.5578,2.0329,-0.8001,0.2251,-0.2389,-1.039,-0.595,1.079,1.2545,0.547,0.332,-0.9505,2.5436,-0.184,-0.1629,-0.9873,0.0886,-1.175,0.2178,-1.1211,-0.8161,-0.9963,0.5275,-0.6082,-0.0028,0.1028,-0.5735,0.3045,1.0178,-1.09
-0.7781,-0.1664,-0.4885,0.7476,-1.5131,-1.0531,-0.7083,2.0272,2.827,0.6575,-0.6661,-1.5119,-0.0603,2.0254,2.5279,-0.0906,2.7183,0.6592,0.8216,0.9474,-1.0877,-1.5408,-1.4506,0.8987,2.191,-0.2502,-0.7186,0.5452,2.4107,-0.1043
0.4082,-0.3311,0.424,0.5974,-0.6666,-0.0794,0.8999,0.7467,0.6692,0.8664,0.2809,-0.1247,0.3567,-0.38,0.4109,-1.2818,1.0352,-0.2488,0.693,-0.1532,-0.0474,0.0344,-0.2388,0.6127,0.4003,-0.5299,0.4574,-0.5858,0.2188,-0.9806
-0.2885,-0.4377,0.2312,-0.1728,0.7372,0.5651,0.0226,0.492,-0.6741,-0.5214,-0.2858,-0.3059,-0.6524,-0.0244,0.3709,0.2521,-0.2427,0.4732,-0.8406,0.1833,1.6519,1.6911,0.6498,1.3348,0.3434,-1.1666,1.0887,-0.4054,0.1313,-0.06
0.966,-0.0252,2.1769,1.2513,-1.1986,-1.2132,0.1837,1.8196,-0.1333,0.3103,-0.7111,-1.2528,0.0464,0.0023,1.6263,1.4693,-0.1608,0.5557,2.9988,-0.0406,-0.9735,-1.0186,-0.0155,-0.6221,0.4147,-0.7738,-1.3536,0.9178,1.8497,-0.1126
0.4313,-0.4748,0.9784,0.7121,-0.067,-0.6093,0.3791,-1.0218,-0.4841,1.7129,0.9241,-0.2381,-0.4425,1.6481,1.9416,1.3669,-0.2097,1.4544,-0.9968,0.8247,-0.5932,-0.7782,-0.5216,-0.4075,-0.0621,-0.6289,-1.1262,-0.9491,0.0329,0.1711
0.1532,-0.0012,-0.3317,0.2467,0.7642,0.1812,-0.0489,0.1488,0.6724,-0.3914,-0.2048,-0.2211,0.2144,-0.5362,0.7311,0.4909,-0.7025,0.5985,0.452,-0.1408,0.1863,-0.075,0.2567,-0.094,0.3556,0.2655,-0.113,-0.2736,-0.0342,-0.2783
0.1031,-0.8201,-0.1696,0.762,0.9791,0.5378,-0.2053,0.2096,-0.5712,-0.1073,0.2235,-0.1274,-0.4179,0.0108,0.3653,0.2421,-0.0957,1.2975,0.6182,0.3912,0.3252,0.7225,0.8956,-0.8288,1.1374,-0.0159,0.4508,0.3151,0.0991,-0.2594
1.583,-0.5492,0.9539,-2.4053,2.1464,-0.2918,-1.0149,-1.7022,-0.8479,-0.9587,-0.5341,2.3197,-0.1871,1.1847,-1.0668,-1.3029,-0.7849,-1.2199,0.1782,-2.0678,-0.8952,-0.2528,-0.0555,1.612,-1.6069,0.3819,-0.9071,-0.4808,-2.9027,-1.0191
0.0,0.0,0.0,0.0,0.0,0.0,0.0,0.0,0.0,0.0,0.0,0.0,0.0,0.0,0.0,0.0,0.0,0.0,0.0,0.0,0.0,0.0,0.0,0.0,0.0,0.0,0.0,0.0,0.0,0.0
0.0,0.0,0.0,0.0,0.0,0.0,0.0,0.0,0.0,0.0,0.0,0.0,0.0,0.0,0.0,0.0,0.0,0.0,0.0,0.0,0.0,0.0,0.0,0.0,0.0,0.0,0.0,0.0,0.0,0.0
-0.6409,-1.192,0.1097,-0.6274,-0.225,0.7445,-1.0872,1.2093,-1.336,-0.1403,-0.1829,0.5683,-1.5921,-0.0497,1.1172,-0.4599,0.7073,-0.4275,0.1678,0.4083,1.3376,1.5085,-0.1167,1.8461,0.1154,0.4189,1.1421,-1.2791,-0.5555,1.7283
-0.6655,-0.8688,-0.0801,0.2123,0.1114,-0.3014,0.0183,0.0243,-0.5159,-0.1934,-0.6604,-0.0754,-0.8794,-0.1981,0.2581,0.3898,-1.2183,1.4877,-0.042,0.638,-0.2498,-0.1713,0.723,0.0139,-0.3978,-0.709,0.2678,-0.0473,-0.1147,0.2265
-0.3903,0.3424,0.5094,-0.2951,0.8621,0.0471,-0.9571,-1.4275,0.5591,-0.1304,0.1662,0.4242,0.983,0.3619,-0.8872,0.6193,-1.0074,0.2288,-0.0083,1.1524,1.0642,0.9788,1.6123,-0.6913,0.1393,-0.4897,0.8058,-0.117,-0.1943,-0.5531
0.0,0.0,0.0,0.0,0.0,0.0,0.0,0.0,0.0,0.0,0.0,0.0,0.0,0.0,0.0,0.0,0.0,0.0,0.0,0.0,0.0,0.0,0.0,0.0,0.0,0.0,0.0,0.0,0.0,0.0
-2.0606,1.7816,-0.5997,-0.0204,-1.5563,-0.2563,-1.458,0.3702,0.474,0.5909,0.5644,-1.0725,1.5274,-2.4555,0.3687,-0.1414,0.6585,0.4702,1.1664,-0.6768,-0.0383,-0.1792,0.262,-0.6468,0.7825,-0.4532,0.7015,0.7599,0.8104,0.0853
-0.421,0.702,-1.3266,-1.3438,0.0547,0.5869,-0.3063,-0.983,0.2864,-0.0555,0.2459,-0.0259,0.7171,0.3729,0.0684,0.3178,-0.161,-0.3413,-0.1618,-1.1041,0.2699,0.211,-0.6212,-0.6716,-0.1915,0.5294,0.2044,-0.8862,-0.1442,-0.5357
-0.462,1.5233,-0.0814,-0.6378,0.1419,0.1593,-0.837,-1.642,-0.2677,-0.9916,-0.3598,2.3986,0.5553,-0.3887,-0.0884,0.7348,-0.749,0.2827,-0.9326,-0.0707,0.4071,0.2369,-0.3371,-0.9875,-0.4546,0.0881,-0.8466,1.0961,-0.3253,-0.8853
-0.5988,-0.1049,-0.6624,0.137,-0.089,-0.6746,-0.6449,-0.0958,2.0437,1.4301,1.8053,-1.2105,0.2677,0.0553,1.5696,1.2746,0.758,0.3096,1.1749,1.2422,-0.918,-1.1843,-1.3397,0.1911,0.5579,-0.2089,-1.4958,0.8219,-0.1511,1.4943
-1.0702,-0.4356,-0.7056,-0.8216,-0.3276,0.5191,-2.5142,1.619,-1.1974,-0.322,0.3665,0.1689,-0.8235,-0.6358,-0.2288,1.7975,-1.0362,-1.9048,0.3424,-0.1648,1.0423,0.7411,-1.4993,-1.1045,0.8078,-1.6104,1.4272,0.7577,1.5104,0.4546
-1.4084,0.955,-0.6948,1.5589,-0.5232,0.4262,-0.9823,0.7366,0.3475,0.86,1.2742,-1.2372,1.3047,-0.7948,-0.0242,1.6473,-0.3913,0.3608,0.7943,0.955,-0.3009,-0.4229,-0.3583,-0.3305,1.0132,-1.1908,-0.118,0.3403,1.3732,0.4977
-0.8261,-0.7617,-0.834,1.3355,0.2048,0.3735,-1.3892,-0.1109,-0.6933,-0.2844,0.3223,0.2719,-0.2672,0.4757,-0.0685,0.9278,-1.0148,0.5448,0.3092,0.1132,1.0951,0.9149,-0.5766,-1.0448,-0.3114,-0.2159,0.3056,-0.4535,0.1207,-0.6633
-0.793,0.6706,-0.7854,0.3055,0.0097,0.6567,-0.0848,-1.5634,-0.0906,0.4377,0.9881,-0.2545,0.6971,0.7854,0.7482,0.8341,-0.5351,-0.3497,-0.7277,-0.2785,0.1516,0.1637,-0.3745,-0.7631,-0.4972,-0.6395,0.2057,-0.0469,-0.9304,-0.7151
0.1981,0.4039,0.3162,-0.4216,-0.8566,-1.7675,-0.3615,0.8598,1.4998,0.1324,-0.874,-0.4467,0.7338,0.7556,0.3509,0.3123,0.2923,0.4254,-0.3349,0.7132,-1.6799,-1.4215,-1.4783,-0.3031,0.5001,-0.7575,-1.6481,0.926,0.9847,1.584
-0.3765,-0.4433,-0.7099,0.0952,0.4936,0.6952,0.1654,-1.3923,0.2475,0.347,0.559,-0.0516,-0.3428,0.8705,0.7877,0.3035,-1.2408,0.2327,-0.7845,1.2168,1.6332,1.8465,0.2737,-1.512,-1.2437,-0.6687,0.0818,-0.0146,-1.536,0.0512
0.9817,-1.2741,-0.245,-1.0991,0.099,-0.3803,-0.6539,-0.1459,-1.2602,-1.046,-0.9857,1.0655,-1.6447,0.4912,-0.0946,0.3164,-1.4977,0.3299,0.8891,0.4645,-0.166,0.1468,1.5089,0.5118,0.5999,0.07,1.5586,0.9417,-0.7416,-0.853
0.4225,-0.0054,-0.9776,-1.8892,1.2386,-0.2899,-1.4843,-1.1396,-1.0174,-1.8206,-0.7739,1.6469,-1.1434,-0.0735,-1.4928,-0.7812,-1.2633,-1.319,-0.8925,-1.7711,-0.0664,-0.0107,-0.557,-0.2657,-1.4694,0.6392,-0.5617,1.2583,-1.8074,-1.321
1.8823,-0.8839,2.5069,-0.807,0.3632,0.4626,-0.1991,-0.3999,-1.3262,-0.8079,-1.2521,1.3922,-0.0327,2.549,1.0613,-0.6741,-0.702,1.0758,-0.7204,0.894,0.3606,0.7186,2.7198,3.5683,-0.5591,0.518,-0.1875,-0.8108,-1.9229,1.1518
2.2145,0.8454,-0.2833,-0.8923,-0.2331,1.3984,1.3203,0.6968,3.8505,0.2392,0.2619,-0.9906,0.2663,-0.2022,0.2621,0.7146,-0.2136,0.37,-0.917,0.3519,-0.1249,-0.2298,0.1575,-0.2392,0.9898,-1.2263,1.0769,-0.4632,-0.149,-0.8412
0.1177,-1.7109,1.0781,0.4877,0.7003,-0.7467,-0.583,1.3591,2.4997,1.7614,1.5424,-0.8242,-2.2177,0.0066,1.3011,1.016,0.959,2.3572,-0.6069,0.3381,-1.1619,-1.0694,-1.0343,0.5915,1.0166,-0.3643,-2.068,-0.5092,1.1892,0.4724
0.3919,-1.1671,1.3299,-0.0677,-1.0459,-0.7128,-0.4578,-0.1425,-0.881,-1.716,-1.8051,0.4354,-0.7775,-1.2442,0.5312,-2.6477,1.9355,2.5145,-2.2416,-0.3931,-0.9406,-0.6018,1.7148,1.2873,-1.2229,1.1897,0.0451,-0.5574,-1.1479,3.2217
0.0,0.0,0.0,0.0,0.0,0.0,0.0,0.0,0.0,0.0,0.0,0.0,0.0,0.0,0.0,0.0,0.0,0.0,0.0,0.0,0.0,0.0,0.0,0.0,0.0,0.0,0.0,0.0,0.0,0.0
0.3241,1.1879,-1.1329,0.4731,1.3033,0.0649,1.035,0.2116,0.7061,0.3416,-0.0211,-0.0502,1.126,-0.2075,0.0802,-0.5507,0.6784,0.5939,0.3009,-0.1672,-0.8304,-0.7073,-0.8073,-0.291,0.0014,1.0703,-0.1642,-0.1771,0.1161,-0.3414
3.2222,-1.9564,0.8849,-0.8398,2.298,-0.2863,-0.448,0.1151,-1.1285,-1.649,-1.2043,2.1763,-1.2905,1.5929,-0.9735,-1.1412,-0.3924,-0.259,-0.0381,-1.1711,0.1692,0.197,0.4495,0.0751,-1.5447,2.8236,-0.0786,-1.5843,-1.1251,-0.7458
-0.3868,-0.397,-0.0491,-0.5584,0.7999,0.5819,-0.0874,0.9769,-0.1807,-0.2442,0.392,-0.2447,0.3325,0.1492,-0.7419,-0.0559,1.8256,-0.936,0.6325,-0.4199,-0.4536,-0.6683,-0.327,-0.8825,1.3414,0.3027,1.7342,-1.8308,0.3135,-1.2128
0.0,0.0,0.0,0.0,0.0,0.0,0.0,0.0,0.0,0.0,0.0,0.0,0.0,0.0,0.0,0.0,0.0,0.0,0.0,0.0,0.0,0.0,0.0,0.0,0.0,0.0,0.0,0.0,0.0,0.0
0.0,0.0,0.0,0.0,0.0,0.0,0.0,0.0,0.0,0.0,0.0,0.0,0.0,0.0,0.0,0.0,0.0,0.0,0.0,0.0,0.0,0.0,0.0,0.0,0.0,0.0,0.0,0.0,0.0,0.0
0.0,0.0,0.0,0.0,0.0,0.0,0.0,0.0,0.0,0.0,0.0,0.0,0.0,0.0,0.0,0.0,0.0,0.0,0.0,0.0,0.0,0.0,0.0,0.0,0.0,0.0,0.0,0.0,0.0,0.0
0.0,0.0,0.0,0.0,0.0,0.0,0.0,0.0,0.0,0.0,0.0,0.0,0.0,0.0,0.0,0.0,0.0,0.0,0.0,0.0,0.0,0.0,0.0,0.0,0.0,0.0,0.0,0.0,0.0,0.0
0.0,0.0,0.0,0.0,0.0,0.0,0.0,0.0,0.0,0.0,0.0,0.0,0.0,0.0,0.0,0.0,0.0,0.0,0.0,0.0,0.0,0.0,0.0,0.0,0.0,0.0,0.0,0.0,0.0,0.0
0.0,0.0,0.0,0.0,0.0,0.0,0.0,0.0,0.0,0.0,0.0,0.0,0.0,0.0,0.0,0.0,0.0,0.0,0.0,0.0,0.0,0.0,0.0,0.0,0.0,0.0,0.0,0.0,0.0,0.0
0.0,0.0,0.0,0.0,0.0,0.0,0.0,0.0,0.0,0.0,0.0,0.0,0.0,0.0,0.0,0.0,0.0,0.0,0.0,0.0,0.0,0.0,0.0,0.0,0.0,0.0,0.0,0.0,0.0,0.0
0.0,0.0,0.0,0.0,0.0,0.0,0.0,0.0,0.0,0.0,0.0,0.0,0.0,0.0,0.0,0.0,0.0,0.0,0.0,0.0,0.0,0.0,0.0,0.0,0.0,0.0,0.0,0.0,0.0,0.0
0.0,0.0,0.0,0.0,0.0,0.0,0.0,0.0,0.0,0.0,0.0,0.0,0.0,0.0,0.0,0.0,0.0,0.0,0.0,0.0,0.0,0.0,0.0,0.0,0.0,0.0,0.0,0.0,0.0,0.0
0.0,0.0,0.0,0.0,0.0,0.0,0.0,0.0,0.0,0.0,0.0,0.0,0.0,0.0,0.0,0.0,0.0,0.0,0.0,0.0,0.0,0.0,0.0,0.0,0.0,0.0,0.0,0.0,0.0,0.0
0.0,0.0,0.0,0.0,0.0,0.0,0.0,0.0,0.0,0.0,0.0,0.0,0.0,0.0,0.0,0.0,0.0,0.0,0.0,0.0,0.0,0.0,0.0,0.0,0.0,0.0,0.0,0.0,0.0,0.0
0.0,0.0,0.0,0.0,0.0,0.0,0.0,0.0,0.0,0.0,0.0,0.0,0.0,0.0,0.0,0.0,0.0,0.0,0.0,0.0,0.0,0.0,0.0,0.0,0.0,0.0,0.0,0.0,0.0,0.0
0.0,0.0,0.0,0.0,0.0,0.0,0.0,0.0,0.0,0.0,0.0,0.0,0.0,0.0,0.0,0.0,0.0,0.0,0.0,0.0,0.0,0.0,0.0,0.0,0.0,0.0,0.0,0.0,0.0,0.0
0.5768,0.265,0.0176,0.71,0.2395,-1.0593,1.3422,0.1404,0.1649,-0.8863,-0.8898,0.4473,0.0527,0.3813,-0.5712,-0.7703,0.009,0.9397,-0.3629,-0.8453,-1.3261,-1.189,1.3344,0.488,0.1598,-0.2364,-1.5537,-0.7207,-0.6042,0.2937
-0.769,0.6775,2.5585,1.2124,-0.5948,1.69,0.2524,-2.1183,0.6556,2.7881,2.5928,-1.5149,1.7925,-1.928,-0.2499,-0.6027,3.5576,-2.2016,-1.6403,-3.6958,-0.7745,-0.8363,-0.156,-0.0219,-2.1579,0.1773,0.7543,-0.1824,-1.8822,1.9747
0.0561,-0.0115,-0.5232,-0.1834,-1.1824,-1.8401,-0.0171,0.8471,1.378,1.5859,-1.5553,-0.738,0.5391,-0.6707,-2.051,-0.7894,1.5327,-0.9438,1.7705,-1.0566,-1.8846,-1.7918,-1.017,0.9219,2.4876,0.4983,-0.2443,1.291,1.0766,1.5504
0.0,0.0,0.0,0.0,0.0,0.0,0.0,0.0,0.0,0.0,0.0,0.0,0.0,0.0,0.0,0.0,0.0,0.0,0.0,0.0,0.0,0.0,0.0,0.0,0.0,0.0,0.0,0.0,0.0,0.0
0.7454,-1.4407,1.1672,-1.0977,1.8382,-0.5936,-1.3116,-0.211,-1.6502,-2.1602,-1.4697,3.3298,-1.8313,2.0761,-0.3783,-2.4622,-0.7456,-2.0596,-1.9313,0.41,0.101,0.6608,0.6826,2.0057,-0.9041,1.0994,0.1505,0.4582,-1.9049,0.7518
0.0,0.0,0.0,0.0,0.0,0.0,0.0,0.0,0.0,0.0,0.0,0.0,0.0,0.0,0.0,0.0,0.0,0.0,0.0,0.0,0.0,0.0,0.0,0.0,0.0,0.0,0.0,0.0,0.0,0.0
0.0,0.0,0.0,0.0,0.0,0.0,0.0,0.0,0.0,0.0,0.0,0.0,0.0,0.0,0.0,0.0,0.0,0.0,0.0,0.0,0.0,0.0,0.0,0.0,0.0,0.0,0.0,0.0,0.0,0.0
-0.374,0.1862,-0.7964,0.433,0.5702,0.9386,1.4543,-0.9536,-0.2135,-0.8184,-0.6849,0.6148,0.0918,0.0141,-1.1687,-0.9464,0.4599,0.8596,-0.8767,-0.2061,-0.057,-0.0275,-0.8603,-0.7004,-0.8717,1.1977,-0.1853,-0.4218,-0.3685,-0.4307
0.0,0.0,0.0,0.0,0.0,0.0,0.0,0.0,0.0,0.0,0.0,0.0,0.0,0.0,0.0,0.0,0.0,0.0,0.0,0.0,0.0,0.0,0.0,0.0,0.0,0.0,0.0,0.0,0.0,0.0
-0.4725,-0.8024,-0.5936,1.3694,-1.0469,-0.1851,0.4057,1.0244,1.6347,0.0699,-0.0663,-0.5097,-0.2716,0.3933,0.6256,0.3664,0.4771,1.4674,0.6217,0.1764,-0.9333,-0.5547,0.1761,0.1606,0.9725,0.1491,0.011,0.4326,1.4721,0.0337
-0.2208,0.8487,-0.2952,0.6469,-0.7275,-0.775,1.1845,1.3228,0.3697,0.4609,-0.1169,-0.7834,1.0361,-0.4442,0.3907,-0.0261,-0.4085,0.7796,-0.2355,0.5579,-0.6684,-1.1123,0.2057,0.9505,1.0745,0.049,-0.7535,1.1324,1.1655,1.3287
0.2712,-0.0002,-0.4547,1.8156,-1.6934,-2.41,-1.9768,1.284,-0.5249,2.1865,-1.1313,-0.2579,0.207,-0.338,-2.155,-0.0042,1.0722,0.2624,0.5075,0.767,-2.1014,-1.9352,-0.6714,0.554,1.8592,-0.556,-3.6375,1.527,1.1137,-0.0351
3.4531,-1.1799,1.3089,-0.6661,0.1458,-1.9953,0.4554,0.325,-0.7575,-1.1982,-1.7523,3.6449,-0.3546,0.9107,-2.3218,-2.0345,0.3365,-1.0163,2.6152,-0.3209,-1.8566,-0.9553,-0.1735,1.0054,-0.7615,3.4109,-1.8869,0.605,-0.77,1.2799
-1.0178,1.6713,-0.3049,1.8995,-1.1772,-1.2186,-1.4606,1.0109,0.9187,0.882,-1.1162,-0.538,2.1105,0.2093,0.6214,0.1533,0.4749,0.2446,1.9748,1.5956,-0.9021,-1.1346,1.6513,0.5815,1.046,0.7633,-0.9839,0.9908,-0.006,1.3047
-0.5498,0.5002,0.5453,-0.1497,-1.4482,-0.4177,-1.4332,-1.0369,-0.4264,-0.8677,-1.3737,0.6301,0.4433,0.6703,-0.9676,-0.6001,-0.1192,-1.6837,-0.4379,-0.1962,0.2361,1.2437,1.6385,-0.1148,0.6598,2.3878,-0.2653,0.1792,-0.7836,1.0404
-0.1255,-0.8571,0.4638,-1.495,0.3115,-0.4897,-1.9536,-0.1596,-1.6812,-1.5967,-1.4102,1.1661,-1.4811,0.8007,0.1658,-2.3744,-0.1847,0.2681,-0.8337,0.4094,-0.2241,-0.0524,0.3987,1.6487,-0.4322,1.0088,0.7882,-1.897,-1.5521,0.4006
1.3762,0.0941,1.1926,-0.3701,3.0643,0.0383,0.3112,-1.8645,-0.2852,-0.2417,-0.4865,2.6407,0.7975,1.5686,-0.0853,-0.5432,-0.1192,-0.7768,0.4136,0.1478,-0.2403,-0.3882,-0.5776,0.5791,-1.6233,2.2716,-0.2951,0.3684,-1.5926,0.4692
-0.3535,1.6258,-0.3068,-0.6804,-1.3187,-0.7032,-0.7422,-0.228,0.2829,-0.3941,-0.0255,-0.1977,1.6938,0.1902,-0.8182,0.5558,0.8741,1.4538,-0.1009,0.7058,-0.7003,-0.0034,-1.3726,-0.097,2.3626,0.7316,0.5644,-0.0489,0.472,2.0833
0.4298,-1.3339,-0.1806,-0.6094,0.4807,-0.6133,-0.4751,0.6376,-1.5459,-0.4572,-0.8842,0.7821,-1.2308,0.3236,0.2626,-0.0829,0.5101,-0.3702,0.106,-0.1868,-0.6513,-0.5992,0.5358,0.1377,1.0649,1.0803,-0.7334,-0.5252,0.2311,0.2893
0.0,0.0,0.0,0.0,0.0,0.0,0.0,0.0,0.0,0.0,0.0,0.0,0.0,0.0,0.0,0.0,0.0,0.0,0.0,0.0,0.0,0.0,0.0,0.0,0.0,0.0,0.0,0.0,0.0,0.0
-0.5826,1.6853,0.308,-0.4719,-1.0802,-0.6992,1.3587,-1.2241,1.0413,0.2363,-1.0631,-0.0523,1.6203,-1.1361,-0.4249,0.1366,0.3636,-0.2358,0.7055,1.0666,-0.7504,-1.0665,-1.09,-0.8103,-0.8893,0.0881,-0.0008,1.2601,-1.0411,-0.3271
0.0,0.0,0.0,0.0,0.0,0.0,0.0,0.0,0.0,0.0,0.0,0.0,0.0,0.0,0.0,0.0,0.0,0.0,0.0,0.0,0.0,0.0,0.0,0.0,0.0,0.0,0.0,0.0,0.0,0.0
-0.2251,0.0517,2.687,-1.2568,-1.8111,-1.5048,0.7215,-0.0945,0.1547,0.8082,-0.6564,-0.7004,-0.2451,-0.6857,0.3082,-0.1116,0.7634,-0.5946,1.3564,0.6873,-1.3324,-1.5259,0.388,-0.7792,1.2618,0.0881,-0.0135,-0.004,-0.0647,1.0905
-0.1848,0.6224,0.2206,-1.0865,-1.2762,-1.7632,-0.1896,-0.7139,-0.5848,0.0497,-1.6938,0.44,0.4765,-0.4858,-1.0897,-0.5754,0.5992,-0.437,0.0933,1.0176,-1.281,-0.8897,-0.0539,-1.0311,0.6977,1.6632,0.475,0.3363,-0.5962,0.739
0.8275,-0.5009,0.4919,1.0331,1.107,-1.2767,0.3493,-1.1829,-0.7882,-0.2071,-0.9549,0.5748,-0.8338,1.3133,0.9026,-0.4934,0.7102,0.7224,0.1033,0.5468,-0.5277,-0.6601,0.6728,-0.0967,-0.4949,-0.0714,-1.8142,-0.8691,-0.9104,0.1044
0.0,0.0,0.0,0.0,0.0,0.0,0.0,0.0,0.0,0.0,0.0,0.0,0.0,0.0,0.0,0.0,0.0,0.0,0.0,0.0,0.0,0.0,0.0,0.0,0.0,0.0,0.0,0.0,0.0,0.0
-0.3977,-0.4554,1.2426,1.6779,-1.8295,0.1146,0.9969,-0.7289,-1.0342,-0.4156,-0.1234,-1.1346,-0.2831,0.0116,0.1621,0.3157,-0.4741,-1.8402,-0.2467,-0.0745,0.2645,0.331,-0.5531,-0.4349,-0.6436,-0.2778,-0.5137,-0.5309,0.9992,2.093
0.0,0.0,0.0,0.0,0.0,0.0,0.0,0.0,0.0,0.0,0.0,0.0,0.0,0.0,0.0,0.0,0.0,0.0,0.0,0.0,0.0,0.0,0.0,0.0,0.0,0.0,0.0,0.0,0.0,0.0
2.5987,-0.6318,0.7889,0.5018,0.2688,0.8922,-0.2542,-2.557,0.828,-4.203,-3.0744,0.4229,-1.3726,-5.3882,-4.0137,-4.7037,-0.4894,-2.9811,-2.7426,-5.0229,0.1933,-0.049,1.6072,5.8079,-3.4247,-0.165,1.4062,5.8121,-4.1614,2.1118
0.0,0.0,0.0,0.0,0.0,0.0,0.0,0.0,0.0,0.0,0.0,0.0,0.0,0.0,0.0,0.0,0.0,0.0,0.0,0.0,0.0,0.0,0.0,0.0,0.0,0.0,0.0,0.0,0.0,0.0
1.4708,-2.3713,2.0148,-0.5009,0.4373,-1.2272,0.495,1.1541,-1.3212,0.1063,-0.3312,-0.23,-2.0021,2.4021,1.0683,-1.2647,0.7958,-3.073,-0.1129,1.0489,0.1607,0.0685,0.6168,0.1704,-0.0233,-0.2548,1.1887,-0.2609,0.5038,1.8416
0.0,0.0,0.0,0.0,0.0,0.0,0.0,0.0,0.0,0.0,0.0,0.0,0.0,0.0,0.0,0.0,0.0,0.0,0.0,0.0,0.0,0.0,0.0,0.0,0.0,0.0,0.0,0.0,0.0,0.0
2.1295,-0.9277,0.4749,-2.1474,0.1675,0.6041,2.34,-0.33,-1.0601,-0.366,0.4422,0.4625,-0.4338,0.1605,-0.2988,-0.2391,-0.5448,-1.6665,-0.2454,1.0882,2.7218,2.7585,-0.8597,-0.9786,-0.0895,1.8706,1.5974,-1.8258,-0.7899,1.0108
-1.0486,-0.7273,-0.3284,0.3869,-0.9206,-0.566,-0.2558,0.7695,-0.5837,1.3581,0.5316,-1.1176,-1.0787,0.002,0.2719,0.9346,0.4121,-0.6707,0.641,1.5571,-0.263,-0.1187,-0.5377,-0.5927,0.4142,-0.4897,0.1131,0.2679,0.5929,1.2803
-1.2795,-1.4216,1.3793,0.0183,-0.5146,0.6305,0.83,1.2895,-0.983,0.4775,1.0243,-1.4573,-1.6963,-1.8312,0.5279,1.4396,-1.7969,1.1623,-0.1643,0.2968,0.7099,0.532,-0.8986,0.2635,1.3026,-1.994,0.3369,0.8649,1.1378,1.1254
0.0,0.0,0.0,0.0,0.0,0.0,0.0,0.0,0.0,0.0,0.0,0.0,0.0,0.0,0.0,0.0,0.0,0.0,0.0,0.0,0.0,0.0,0.0,0.0,0.0,0.0,0.0,0.0,0.0,0.0
0.0,0.0,0.0,0.0,0.0,0.0,0.0,0.0,0.0,0.0,0.0,0.0,0.0,0.0,0.0,0.0,0.0,0.0,0.0,0.0,0.0,0.0,0.0,0.0,0.0,0.0,0.0,0.0,0.0,0.0
0.1357,0.9901,-0.2454,-0.7343,0.2349,-0.5663,-0.0765,0.7895,0.4979,-0.7048,-0.4565,-0.0021,0.2453,-0.5227,-0.5372,-0.5783,-0.92,-0.4601,0.0699,-1.4938,-0.0331,0.0755,1.1618,-0.4788,0.4401,-0.3218,0.5123,-0.2614,0.0507,-0.4622
0.022,0.8185,-1.0183,0.5226,0.8645,-0.5102,0.008,-0.5067,0.8142,-0.7989,-0.6047,0.209,0.5788,-0.7895,-0.692,-0.5713,-0.192,0.3378,0.2545,-1.624,-0.677,-0.5623,-0.9637,-0.2622,-0.5646,-0.0413,-0.1082,1.8034,-0.2362,-0.9
-0.3207,-0.6092,0.4167,-0.9237,0.1711,0.5584,-0.0605,0.7336,-0.2903,0.8572,1.1183,-0.543,-0.6776,-0.2919,-0.485,0.4123,-0.7076,0.4569,-0.8268,-0.7179,-0.1015,-0.2845,0.395,0.1335,0.4878,-1.46,0.7457,-1.8293,0.5881,-1.1519
0.0,0.0,0.0,0.0,0.0,0.0,0.0,0.0,0.0,0.0,0.0,0.0,0.0,0.0,0.0,0.0,0.0,0.0,0.0,0.0,0.0,0.0,0.0,0.0,0.0,0.0,0.0,0.0,0.0,0.0
0.2421,-0.1291,0.0446,-0.6527,0.1883,0.844,-0.1906,-1.9375,-0.3679,-0.749,-0.328,0.9414,0.1211,-0.6515,-0.9552,-1.0944,-0.6957,-0.8015,-0.8393,-0.7205,1.3634,1.4097,0.2633,0.0397,-0.9922,0.3158,-0.0947,0.1915,-1.6197,-0.9533
0.0,0.0,0.0,0.0,0.0,0.0,0.0,0.0,0.0,0.0,0.0,0.0,0.0,0.0,0.0,0.0,0.0,0.0,0.0,0.0,0.0,0.0,0.0,0.0,0.0,0.0,0.0,0.0,0.0,0.0
-0.8657,-0.7694,-0.3418,1.6224,-0.1534,1.2432,2.0159,1.3473,-0.2631,0.4426,0.754,-0.783,-0.9283,-0.574,1.3093,0.649,0.8454,0.1014,0.323,0.9542,1.7058,1.5914,2.0366,0.6054,0.3,-1.2236,1.2767,-0.8671,0.9749,0.1857
0.0,0.0,0.0,0.0,0.0,0.0,0.0,0.0,0.0,0.0,0.0,0.0,0.0,0.0,0.0,0.0,0.0,0.0,0.0,0.0,0.0,0.0,0.0,0.0,0.0,0.0,0.0,0.0,0.0,0.0
0.0,0.0,0.0,0.0,0.0,0.0,0.0,0.0,0.0,0.0,0.0,0.0,0.0,0.0,0.0,0.0,0.0,0.0,0.0,0.0,0.0,0.0,0.0,0.0,0.0,0.0,0.0,0.0,0.0,0.0
0.0,0.0,0.0,0.0,0.0,0.0,0.0,0.0,0.0,0.0,0.0,0.0,0.0,0.0,0.0,0.0,0.0,0.0,0.0,0.0,0.0,0.0,0.0,0.0,0.0,0.0,0.0,0.0,0.0,0.0
0.0,0.0,0.0,0.0,0.0,0.0,0.0,0.0,0.0,0.0,0.0,0.0,0.0,0.0,0.0,0.0,0.0,0.0,0.0,0.0,0.0,0.0,0.0,0.0,0.0,0.0,0.0,0.0,0.0,0.0
0.0,0.0,0.0,0.0,0.0,0.0,0.0,0.0,0.0,0.0,0.0,0.0,0.0,0.0,0.0,0.0,0.0,0.0,0.0,0.0,0.0,0.0,0.0,0.0,0.0,0.0,0.0,0.0,0.0,0.0
0.0,0.0,0.0,0.0,0.0,0.0,0.0,0.0,0.0,0.0,0.0,0.0,0.0,0.0,0.0,0.0,0.0,0.0,0.0,0.0,0.0,0.0,0.0,0.0,0.0,0.0,0.0,0.0,0.0,0.0
0.0,0.0,0.0,0.0,0.0,0.0,0.0,0.0,0.0,0.0,0.0,0.0,0.0,0.0,0.0,0.0,0.0,0.0,0.0,0.0,0.0,0.0,0.0,0.0,0.0,0.0,0.0,0.0,0.0,0.0
0.0,0.0,0.0,0.0,0.0,0.0,0.0,0.0,0.0,0.0,0.0,0.0,0.0,0.0,0.0,0.0,0.0,0.0,0.0,0.0,0.0,0.0,0.0,0.0,0.0,0.0,0.0,0.0,0.0,0.0
0.0,0.0,0.0,0.0,0.0,0.0,0.0,0.0,0.0,0.0,0.0,0.0,0.0,0.0,0.0,0.0,0.0,0.0,0.0,0.0,0.0,0.0,0.0,0.0,0.0,0.0,0.0,0.0,0.0,0.0
0.8666,-0.1854,0.8113,1.3833,-0.1895,-1.4895,0.7426,-0.9372,-0.8802,-0.4583,-1.1235,0.9408,0.4951,1.4946,-0.0682,-1.4529,1.0608,-0.8003,1.594,0.6586,-1.6251,-1.4989,2.3026,0.4989,1.0284,0.1144,-0.2202,-0.0825,0.4637,1.1986
0.0,0.0,0.0,0.0,0.0,0.0,0.0,0.0,0.0,0.0,0.0,0.0,0.0,0.0,0.0,0.0,0.0,0.0,0.0,0.0,0.0,0.0,0.0,0.0,0.0,0.0,0.0,0.0,0.0,0.0
0.0,0.0,0.0,0.0,0.0,0.0,0.0,0.0,0.0,0.0,0.0,0.0,0.0,0.0,0.0,0.0,0.0,0.0,0.0,0.0,0.0,0.0,0.0,0.0,0.0,0.0,0.0,0.0,0.0,0.0
0.0,0.0,0.0,0.0,0.0,0.0,0.0,0.0,0.0,0.0,0.0,0.0,0.0,0.0,0.0,0.0,0.0,0.0,0.0,0.0,0.0,0.0,0.0,0.0,0.0,0.0,0.0,0.0,0.0,0.0
0.0,0.0,0.0,0.0,0.0,0.0,0.0,0.0,0.0,0.0,0.0,0.0,0.0,0.0,0.0,0.0,0.0,0.0,0.0,0.0,0.0,0.0,0.0,0.0,0.0,0.0,0.0,0.0,0.0,0.0
0.0,0.0,0.0,0.0,0.0,0.0,0.0,0.0,0.0,0.0,0.0,0.0,0.0,0.0,0.0,0.0,0.0,0.0,0.0,0.0,0.0,0.0,0.0,0.0,0.0,0.0,0.0,0.0,0.0,0.0
0.0,0.0,0.0,0.0,0.0,0.0,0.0,0.0,0.0,0.0,0.0,0.0,0.0,0.0,0.0,0.0,0.0,0.0,0.0,0.0,0.0,0.0,0.0,0.0,0.0,0.0,0.0,0.0,0.0,0.0
0.0,0.0,0.0,0.0,0.0,0.0,0.0,0.0,0.0,0.0,0.0,0.0,0.0,0.0,0.0,0.0,0.0,0.0,0.0,0.0,0.0,0.0,0.0,0.0,0.0,0.0,0.0,0.0,0.0,0.0
0.0,0.0,0.0,0.0,0.0,0.0,0.0,0.0,0.0,0.0,0.0,0.0,0.0,0.0,0.0,0.0,0.0,0.0,0.0,0.0,0.0,0.0,0.0,0.0,0.0,0.0,0.0,0.0,0.0,0.0
0.0,0.0,0.0,0.0,0.0,0.0,0.0,0.0,0.0,0.0,0.0,0.0,0.0,0.0,0.0,0.0,0.0,0.0,0.0,0.0,0.0,0.0,0.0,0.0,0.0,0.0,0.0,0.0,0.0,0.0
0.0,0.0,0.0,0.0,0.0,0.0,0.0,0.0,0.0,0.0,0.0,0.0,0.0,0.0,0.0,0.0,0.0,0.0,0.0,0.0,0.0,0.0,0.0,0.0,0.0,0.0,0.0,0.0,0.0,0.0
-0.1008,0.093,-0.1304,-0.8615,0.2881,-1.4534,-0.4052,-0.8179,0.1451,-1.0102,-0.8779,0.8859,-0.097,0.9242,-1.8574,-0.2232,-0.8555,0.1784,0.0657,0.4968,-0.7268,-0.4852,-0.0355,-0.3727,-1.1083,0.5944,-1.0549,0.843,-0.1264,0.7361
0.2845,-0.1282,0.2683,0.2273,-1.7831,-2.4928,-0.4878,2.1366,0.2499,0.4239,-0.4931,-0.9989,0.2086,-1.1614,-2.0214,-0.6219,0.7685,-0.6915,-0.173,-0.3311,-2.4496,-1.9601,0.4521,-0.3951,0.2667,0.3185,-2.3601,0.4726,2.3273,0.527
0.2264,-0.2414,-0.7223,0.507,-1.08,-2.3692,-1.171,0.8349,0.2132,0.0107,-1.8598,0.1928,0.0573,-0.2174,-0.7161,-0.6393,0.5663,0.4044,0.7639,-0.1166,-2.0914,-1.4661,-0.7423,-0.1371,2.0631,1.6422,-2.6147,0.8458,0.7533,0.1116
-0.474,0.015,0.2827,-0.2296,0.0925,-1.4202,-0.967,-0.8373,0.3922,-0.5019,-0.9343,1.1116,0.6328,-0.0462,-0.5155,-1.331,-0.1841,-0.1923,1.2103,0.1279,-0.131,0.1082,0.5116,0.5853,0.3377,1.0416,-1.7509,0.5098,-0.0645,-0.5819
0.0,0.0,0.0,0.0,0.0,0.0,0.0,0.0,0.0,0.0,0.0,0.0,0.0,0.0,0.0,0.0,0.0,0.0,0.0,0.0,0.0,0.0,0.0,0.0,0.0,0.0,0.0,0.0,0.0,0.0
0.0,0.0,0.0,0.0,0.0,0.0,0.0,0.0,0.0,0.0,0.0,0.0,0.0,0.0,0.0,0.0,0.0,0.0,0.0,0.0,0.0,0.0,0.0,0.0,0.0,0.0,0.0,0.0,0.0,0.0
0.0,0.0,0.0,0.0,0.0,0.0,0.0,0.0,0.0,0.0,0.0,0.0,0.0,0.0,0.0,0.0,0.0,0.0,0.0,0.0,0.0,0.0,0.0,0.0,0.0,0.0,0.0,0.0,0.0,0.0
0.0,0.0,0.0,0.0,0.0,0.0,0.0,0.0,0.0,0.0,0.0,0.0,0.0,0.0,0.0,0.0,0.0,0.0,0.0,0.0,0.0,0.0,0.0,0.0,0.0,0.0,0.0,0.0,0.0,0.0
0.0,0.0,0.0,0.0,0.0,0.0,0.0,0.0,0.0,0.0,0.0,0.0,0.0,0.0,0.0,0.0,0.0,0.0,0.0,0.0,0.0,0.0,0.0,0.0,0.0,0.0,0.0,0.0,0.0,0.0
0.0,0.0,0.0,0.0,0.0,0.0,0.0,0.0,0.0,0.0,0.0,0.0,0.0,0.0,0.0,0.0,0.0,0.0,0.0,0.0,0.0,0.0,0.0,0.0,0.0,0.0,0.0,0.0,0.0,0.0
0.0,0.0,0.0,0.0,0.0,0.0,0.0,0.0,0.0,0.0,0.0,0.0,0.0,0.0,0.0,0.0,0.0,0.0,0.0,0.0,0.0,0.0,0.0,0.0,0.0,0.0,0.0,0.0,0.0,0.0
0.0,0.0,0.0,0.0,0.0,0.0,0.0,0.0,0.0,0.0,0.0,0.0,0.0,0.0,0.0,0.0,0.0,0.0,0.0,0.0,0.0,0.0,0.0,0.0,0.0,0.0,0.0,0.0,0.0,0.0
0.0,0.0,0.0,0.0,0.0,0.0,0.0,0.0,0.0,0.0,0.0,0.0,0.0,0.0,0.0,0.0,0.0,0.0,0.0,0.0,0.0,0.0,0.0,0.0,0.0,0.0,0.0,0.0,0.0,0.0
0.0,0.0,0.0,0.0,0.0,0.0,0.0,0.0,0.0,0.0,0.0,0.0,0.0,0.0,0.0,0.0,0.0,0.0,0.0,0.0,0.0,0.0,0.0,0.0,0.0,0.0,0.0,0.0,0.0,0.0
0.0,0.0,0.0,0.0,0.0,0.0,0.0,0.0,0.0,0.0,0.0,0.0,0.0,0.0,0.0,0.0,0.0,0.0,0.0,0.0,0.0,0.0,0.0,0.0,0.0,0.0,0.0,0.0,0.0,0.0
-0.559,-0.9454,1.6969,-0.2297,-1.3296,-0.7336,1.8129,1.4001,0.7343,0.0779,-0.8963,-0.7402,-0.0356,-1.1621,-0.2689,-0.0888,-0.2241,0.968,1.1721,0.1507,-0.9485,-1.1631,-0.2272,-0.9223,1.55,0.2359,1.0924,-0.1051,0.4461,-0.0424
0.8018,-0.7326,0.0304,-1.3842,-0.3622,-0.7279,-0.0235,-1.0032,0.3581,-0.0475,0.0257,1.7223,-0.2861,1.3325,-0.4903,-0.5263,-0.3962,-0.079,1.3987,-0.079,-0.1709,-0.2821,0.147,0.8683,-0.3344,2.4891,0.2746,0.1889,-1.2491,-0.9711
3.0663,-0.8558,1.5994,0.3558,1.2195,-0.6597,1.1521,-0.2731,0.0699,0.1458,0.2718,1.8337,-0.4067,0.3408,-0.7262,-0.5229,1.424,-0.8269,-0.7391,0.0086,-0.4439,-0.3936,0.2819,0.5383,-0.5726,1.9562,-0.0146,-1.0966,-0.0536,0.1331
1.573,-1.5553,0.7198,-1.5588,-0.609,-0.5948,-0.667,-0.0892,-1.0061,-1.7808,-1.4257,1.1416,-1.1365,0.3646,0.6236,-1.4462,-0.8718,0.7731,0.2755,-1.3974,-0.4618,-0.4375,0.3741,0.7192,-1.1286,0.5159,1.3175,-0.5571,-1.3369,0.1592
0.0,0.0,0.0,0.0,0.0,0.0,0.0,0.0,0.0,0.0,0.0,0.0,0.0,0.0,0.0,0.0,0.0,0.0,0.0,0.0,0.0,0.0,0.0,0.0,0.0,0.0,0.0,0.0,0.0,0.0
0.0,0.0,0.0,0.0,0.0,0.0,0.0,0.0,0.0,0.0,0.0,0.0,0.0,0.0,0.0,0.0,0.0,0.0,0.0,0.0,0.0,0.0,0.0,0.0,0.0,0.0,0.0,0.0,0.0,0.0
0.0,0.0,0.0,0.0,0.0,0.0,0.0,0.0,0.0,0.0,0.0,0.0,0.0,0.0,0.0,0.0,0.0,0.0,0.0,0.0,0.0,0.0,0.0,0.0,0.0,0.0,0.0,0.0,0.0,0.0
0.0,0.0,0.0,0.0,0.0,0.0,0.0,0.0,0.0,0.0,0.0,0.0,0.0,0.0,0.0,0.0,0.0,0.0,0.0,0.0,0.0,0.0,0.0,0.0,0.0,0.0,0.0,0.0,0.0,0.0
0.6145,-0.9531,0.2335,0.6888,0.2887,0.9337,0.9831,-0.4752,0.5194,1.7775,1.9304,-0.6964,-0.2038,0.4717,0.0889,-0.36,1.2582,-2.6912,-0.7382,1.367,-0.5299,-0.35,0.9498,-0.2933,0.7008,0.3942,0.9465,-0.8526,0.9214,0.3381
1.84,-2.3643,2.8746,-1.2499,2.1977,1.6778,3.1585,-0.0472,-1.0912,1.1167,1.4701,0.8454,-1.5128,2.14,0.5099,-0.4583,0.7361,-0.5964,-2.1422,0.8825,0.8555,1.1682,1.0568,0.5373,-0.013,-0.158,1.8989,-1.7472,-1.5574,1.5782
1.6436,0.8974,2.0373,-0.4501,-1.9746,-2.5995,0.1809,-0.6383,0.5108,1.8693,-1.1866,-1.201,1.9331,-0.8975,-2.0811,-0.6218,2.3014,-0.9077,3.593,0.8441,-2.1667,-2.2085,-1.6743,-0.566,0.8389,1.0536,-2.7316,0.5271,1.8454,-0.3659
0.0,0.0,0.0,0.0,0.0,0.0,0.0,0.0,0.0,0.0,0.0,0.0,0.0,0.0,0.0,0.0,0.0,0.0,0.0,0.0,0.0,0.0,0.0,0.0,0.0,0.0,0.0,0.0,0.0,0.0
0.0,0.0,0.0,0.0,0.0,0.0,0.0,0.0,0.0,0.0,0.0,0.0,0.0,0.0,0.0,0.0,0.0,0.0,0.0,0.0,0.0,0.0,0.0,0.0,0.0,0.0,0.0,0.0,0.0,0.0
0.0,0.0,0.0,0.0,0.0,0.0,0.0,0.0,0.0,0.0,0.0,0.0,0.0,0.0,0.0,0.0,0.0,0.0,0.0,0.0,0.0,0.0,0.0,0.0,0.0,0.0,0.0,0.0,0.0,0.0
0.0,0.0,0.0,0.0,0.0,0.0,0.0,0.0,0.0,0.0,0.0,0.0,0.0,0.0,0.0,0.0,0.0,0.0,0.0,0.0,0.0,0.0,0.0,0.0,0.0,0.0,0.0,0.0,0.0,0.0
0.0,0.0,0.0,0.0,0.0,0.0,0.0,0.0,0.0,0.0,0.0,0.0,0.0,0.0,0.0,0.0,0.0,0.0,0.0,0.0,0.0,0.0,0.0,0.0,0.0,0.0,0.0,0.0,0.0,0.0
0.0,0.0,0.0,0.0,0.0,0.0,0.0,0.0,0.0,0.0,0.0,0.0,0.0,0.0,0.0,0.0,0.0,0.0,0.0,0.0,0.0,0.0,0.0,0.0,0.0,0.0,0.0,0.0,0.0,0.0
0.0,0.0,0.0,0.0,0.0,0.0,0.0,0.0,0.0,0.0,0.0,0.0,0.0,0.0,0.0,0.0,0.0,0.0,0.0,0.0,0.0,0.0,0.0,0.0,0.0,0.0,0.0,0.0,0.0,0.0
0.0,0.0,0.0,0.0,0.0,0.0,0.0,0.0,0.0,0.0,0.0,0.0,0.0,0.0,0.0,0.0,0.0,0.0,0.0,0.0,0.0,0.0,0.0,0.0,0.0,0.0,0.0,0.0,0.0,0.0
0.0,0.0,0.0,0.0,0.0,0.0,0.0,0.0,0.0,0.0,0.0,0.0,0.0,0.0,0.0,0.0,0.0,0.0,0.0,0.0,0.0,0.0,0.0,0.0,0.0,0.0,0.0,0.0,0.0,0.0
0.0,0.0,0.0,0.0,0.0,0.0,0.0,0.0,0.0,0.0,0.0,0.0,0.0,0.0,0.0,0.0,0.0,0.0,0.0,0.0,0.0,0.0,0.0,0.0,0.0,0.0,0.0,0.0,0.0,0.0
0.0,0.0,0.0,0.0,0.0,0.0,0.0,0.0,0.0,0.0,0.0,0.0,0.0,0.0,0.0,0.0,0.0,0.0,0.0,0.0,0.0,0.0,0.0,0.0,0.0,0.0,0.0,0.0,0.0,0.0
0.0,0.0,0.0,0.0,0.0,0.0,0.0,0.0,0.0,0.0,0.0,0.0,0.0,0.0,0.0,0.0,0.0,0.0,0.0,0.0,0.0,0.0,0.0,0.0,0.0,0.0,0.0,0.0,0.0,0.0
0.0,0.0,0.0,0.0,0.0,0.0,0.0,0.0,0.0,0.0,0.0,0.0,0.0,0.0,0.0,0.0,0.0,0.0,0.0,0.0,0.0,0.0,0.0,0.0,0.0,0.0,0.0,0.0,0.0,0.0
0.0,0.0,0.0,0.0,0.0,0.0,0.0,0.0,0.0,0.0,0.0,0.0,0.0,0.0,0.0,0.0,0.0,0.0,0.0,0.0,0.0,0.0,0.0,0.0,0.0,0.0,0.0,0.0,0.0,0.0
0.0,0.0,0.0,0.0,0.0,0.0,0.0,0.0,0.0,0.0,0.0,0.0,0.0,0.0,0.0,0.0,0.0,0.0,0.0,0.0,0.0,0.0,0.0,0.0,0.0,0.0,0.0,0.0,0.0,0.0
0.0,0.0,0.0,0.0,0.0,0.0,0.0,0.0,0.0,0.0,0.0,0.0,0.0,0.0,0.0,0.0,0.0,0.0,0.0,0.0,0.0,0.0,0.0,0.0,0.0,0.0,0.0,0.0,0.0,0.0
0.0,0.0,0.0,0.0,0.0,0.0,0.0,0.0,0.0,0.0,0.0,0.0,0.0,0.0,0.0,0.0,0.0,0.0,0.0,0.0,0.0,0.0,0.0,0.0,0.0,0.0,0.0,0.0,0.0,0.0
0.0,0.0,0.0,0.0,0.0,0.0,0.0,0.0,0.0,0.0,0.0,0.0,0.0,0.0,0.0,0.0,0.0,0.0,0.0,0.0,0.0,0.0,0.0,0.0,0.0,0.0,0.0,0.0,0.0,0.0
0.0,0.0,0.0,0.0,0.0,0.0,0.0,0.0,0.0,0.0,0.0,0.0,0.0,0.0,0.0,0.0,0.0,0.0,0.0,0.0,0.0,0.0,0.0,0.0,0.0,0.0,0.0,0.0,0.0,0.0
0.0,0.0,0.0,0.0,0.0,0.0,0.0,0.0,0.0,0.0,0.0,0.0,0.0,0.0,0.0,0.0,0.0,0.0,0.0,0.0,0.0,0.0,0.0,0.0,0.0,0.0,0.0,0.0,0.0,0.0
0.0,0.0,0.0,0.0,0.0,0.0,0.0,0.0,0.0,0.0,0.0,0.0,0.0,0.0,0.0,0.0,0.0,0.0,0.0,0.0,0.0,0.0,0.0,0.0,0.0,0.0,0.0,0.0,0.0,0.0
0.0,0.0,0.0,0.0,0.0,0.0,0.0,0.0,0.0,0.0,0.0,0.0,0.0,0.0,0.0,0.0,0.0,0.0,0.0,0.0,0.0,0.0,0.0,0.0,0.0,0.0,0.0,0.0,0.0,0.0
0.0,0.0,0.0,0.0,0.0,0.0,0.0,0.0,0.0,0.0,0.0,0.0,0.0,0.0,0.0,0.0,0.0,0.0,0.0,0.0,0.0,0.0,0.0,0.0,0.0,0.0,0.0,0.0,0.0,0.0
0.0,0.0,0.0,0.0,0.0,0.0,0.0,0.0,0.0,0.0,0.0,0.0,0.0,0.0,0.0,0.0,0.0,0.0,0.0,0.0,0.0,0.0,0.0,0.0,0.0,0.0,0.0,0.0,0.0,0.0
0.0,0.0,0.0,0.0,0.0,0.0,0.0,0.0,0.0,0.0,0.0,0.0,0.0,0.0,0.0,0.0,0.0,0.0,0.0,0.0,0.0,0.0,0.0,0.0,0.0,0.0,0.0,0.0,0.0,0.0
0.0,0.0,0.0,0.0,0.0,0.0,0.0,0.0,0.0,0.0,0.0,0.0,0.0,0.0,0.0,0.0,0.0,0.0,0.0,0.0,0.0,0.0,0.0,0.0,0.0,0.0,0.0,0.0,0.0,0.0
0.0,0.0,0.0,0.0,0.0,0.0,0.0,0.0,0.0,0.0,0.0,0.0,0.0,0.0,0.0,0.0,0.0,0.0,0.0,0.0,0.0,0.0,0.0,0.0,0.0,0.0,0.0,0.0,0.0,0.0
0.0,0.0,0.0,0.0,0.0,0.0,0.0,0.0,0.0,0.0,0.0,0.0,0.0,0.0,0.0,0.0,0.0,0.0,0.0,0.0,0.0,0.0,0.0,0.0,0.0,0.0,0.0,0.0,0.0,0.0
0.0,0.0,0.0,0.0,0.0,0.0,0.0,0.0,0.0,0.0,0.0,0.0,0.0,0.0,0.0,0.0,0.0,0.0,0.0,0.0,0.0,0.0,0.0,0.0,0.0,0.0,0.0,0.0,0.0,0.0
0.0,0.0,0.0,0.0,0.0,0.0,0.0,0.0,0.0,0.0,0.0,0.0,0.0,0.0,0.0,0.0,0.0,0.0,0.0,0.0,0.0,0.0,0.0,0.0,0.0,0.0,0.0,0.0,0.0,0.0
0.0,0.0,0.0,0.0,0.0,0.0,0.0,0.0,0.0,0.0,0.0,0.0,0.0,0.0,0.0,0.0,0.0,0.0,0.0,0.0,0.0,0.0,0.0,0.0,0.0,0.0,0.0,0.0,0.0,0.0
0.0,0.0,0.0,0.0,0.0,0.0,0.0,0.0,0.0,0.0,0.0,0.0,0.0,0.0,0.0,0.0,0.0,0.0,0.0,0.0,0.0,0.0,0.0,0.0,0.0,0.0,0.0,0.0,0.0,0.0
0.0,0.0,0.0,0.0,0.0,0.0,0.0,0.0,0.0,0.0,0.0,0.0,0.0,0.0,0.0,0.0,0.0,0.0,0.0,0.0,0.0,0.0,0.0,0.0,0.0,0.0,0.0,0.0,0.0,0.0
0.0,0.0,0.0,0.0,0.0,0.0,0.0,0.0,0.0,0.0,0.0,0.0,0.0,0.0,0.0,0.0,0.0,0.0,0.0,0.0,0.0,0.0,0.0,0.0,0.0,0.0,0.0,0.0,0.0,0.0
0.0,0.0,0.0,0.0,0.0,0.0,0.0,0.0,0.0,0.0,0.0,0.0,0.0,0.0,0.0,0.0,0.0,0.0,0.0,0.0,0.0,0.0,0.0,0.0,0.0,0.0,0.0,0.0,0.0,0.0
0.0,0.0,0.0,0.0,0.0,0.0,0.0,0.0,0.0,0.0,0.0,0.0,0.0,0.0,0.0,0.0,0.0,0.0,0.0,0.0,0.0,0.0,0.0,0.0,0.0,0.0,0.0,0.0,0.0,0.0
0.0,0.0,0.0,0.0,0.0,0.0,0.0,0.0,0.0,0.0,0.0,0.0,0.0,0.0,0.0,0.0,0.0,0.0,0.0,0.0,0.0,0.0,0.0,0.0,0.0,0.0,0.0,0.0,0.0,0.0
0.0,0.0,0.0,0.0,0.0,0.0,0.0,0.0,0.0,0.0,0.0,0.0,0.0,0.0,0.0,0.0,0.0,0.0,0.0,0.0,0.0,0.0,0.0,0.0,0.0,0.0,0.0,0.0,0.0,0.0
0.0,0.0,0.0,0.0,0.0,0.0,0.0,0.0,0.0,0.0,0.0,0.0,0.0,0.0,0.0,0.0,0.0,0.0,0.0,0.0,0.0,0.0,0.0,0.0,0.0,0.0,0.0,0.0,0.0,0.0
0.0,0.0,0.0,0.0,0.0,0.0,0.0,0.0,0.0,0.0,0.0,0.0,0.0,0.0,0.0,0.0,0.0,0.0,0.0,0.0,0.0,0.0,0.0,0.0,0.0,0.0,0.0,0.0,0.0,0.0
0.0,0.0,0.0,0.0,0.0,0.0,0.0,0.0,0.0,0.0,0.0,0.0,0.0,0.0,0.0,0.0,0.0,0.0,0.0,0.0,0.0,0.0,0.0,0.0,0.0,0.0,0.0,0.0,0.0,0.0
0.0,0.0,0.0,0.0,0.0,0.0,0.0,0.0,0.0,0.0,0.0,0.0,0.0,0.0,0.0,0.0,0.0,0.0,0.0,0.0,0.0,0.0,0.0,0.0,0.0,0.0,0.0,0.0,0.0,0.0
0.0,0.0,0.0,0.0,0.0,0.0,0.0,0.0,0.0,0.0,0.0,0.0,0.0,0.0,0.0,0.0,0.0,0.0,0.0,0.0,0.0,0.0,0.0,0.0,0.0,0.0,0.0,0.0,0.0,0.0
0.0,0.0,0.0,0.0,0.0,0.0,0.0,0.0,0.0,0.0,0.0,0.0,0.0,0.0,0.0,0.0,0.0,0.0,0.0,0.0,0.0,0.0,0.0,0.0,0.0,0.0,0.0,0.0,0.0,0.0
0.0,0.0,0.0,0.0,0.0,0.0,0.0,0.0,0.0,0.0,0.0,0.0,0.0,0.0,0.0,0.0,0.0,0.0,0.0,0.0,0.0,0.0,0.0,0.0,0.0,0.0,0.0,0.0,0.0,0.0
0.0,0.0,0.0,0.0,0.0,0.0,0.0,0.0,0.0,0.0,0.0,0.0,0.0,0.0,0.0,0.0,0.0,0.0,0.0,0.0,0.0,0.0,0.0,0.0,0.0,0.0,0.0,0.0,0.0,0.0
0.0,0.0,0.0,0.0,0.0,0.0,0.0,0.0,0.0,0.0,0.0,0.0,0.0,0.0,0.0,0.0,0.0,0.0,0.0,0.0,0.0,0.0,0.0,0.0,0.0,0.0,0.0,0.0,0.0,0.0
0.0,0.0,0.0,0.0,0.0,0.0,0.0,0.0,0.0,0.0,0.0,0.0,0.0,0.0,0.0,0.0,0.0,0.0,0.0,0.0,0.0,0.0,0.0,0.0,0.0,0.0,0.0,0.0,0.0,0.0
0.0,0.0,0.0,0.0,0.0,0.0,0.0,0.0,0.0,0.0,0.0,0.0,0.0,0.0,0.0,0.0,0.0,0.0,0.0,0.0,0.0,0.0,0.0,0.0,0.0,0.0,0.0,0.0,0.0,0.0
0.0,0.0,0.0,0.0,0.0,0.0,0.0,0.0,0.0,0.0,0.0,0.0,0.0,0.0,0.0,0.0,0.0,0.0,0.0,0.0,0.0,0.0,0.0,0.0,0.0,0.0,0.0,0.0,0.0,0.0
0.0,0.0,0.0,0.0,0.0,0.0,0.0,0.0,0.0,0.0,0.0,0.0,0.0,0.0,0.0,0.0,0.0,0.0,0.0,0.0,0.0,0.0,0.0,0.0,0.0,0.0,0.0,0.0,0.0,0.0
0.0,0.0,0.0,0.0,0.0,0.0,0.0,0.0,0.0,0.0,0.0,0.0,0.0,0.0,0.0,0.0,0.0,0.0,0.0,0.0,0.0,0.0,0.0,0.0,0.0,0.0,0.0,0.0,0.0,0.0
0.0,0.0,0.0,0.0,0.0,0.0,0.0,0.0,0.0,0.0,0.0,0.0,0.0,0.0,0.0,0.0,0.0,0.0,0.0,0.0,0.0,0.0,0.0,0.0,0.0,0.0,0.0,0.0,0.0,0.0
0.0,0.0,0.0,0.0,0.0,0.0,0.0,0.0,0.0,0.0,0.0,0.0,0.0,0.0,0.0,0.0,0.0,0.0,0.0,0.0,0.0,0.0,0.0,0.0,0.0,0.0,0.0,0.0,0.0,0.0
0.0,0.0,0.0,0.0,0.0,0.0,0.0,0.0,0.0,0.0,0.0,0.0,0.0,0.0,0.0,0.0,0.0,0.0,0.0,0.0,0.0,0.0,0.0,0.0,0.0,0.0,0.0,0.0,0.0,0.0
0.0,0.0,0.0,0.0,0.0,0.0,0.0,0.0,0.0,0.0,0.0,0.0,0.0,0.0,0.0,0.0,0.0,0.0,0.0,0.0,0.0,0.0,0.0,0.0,0.0,0.0,0.0,0.0,0.0,0.0
0.0,0.0,0.0,0.0,0.0,0.0,0.0,0.0,0.0,0.0,0.0,0.0,0.0,0.0,0.0,0.0,0.0,0.0,0.0,0.0,0.0,0.0,0.0,0.0,0.0,0.0,0.0,0.0,0.0,0.0
0.0,0.0,0.0,0.0,0.0,0.0,0.0,0.0,0.0,0.0,0.0,0.0,0.0,0.0,0.0,0.0,0.0,0.0,0.0,0.0,0.0,0.0,0.0,0.0,0.0,0.0,0.0,0.0,0.0,0.0
0.0,0.0,0.0,0.0,0.0,0.0,0.0,0.0,0.0,0.0,0.0,0.0,0.0,0.0,0.0,0.0,0.0,0.0,0.0,0.0,0.0,0.0,0.0,0.0,0.0,0.0,0.0,0.0,0.0,0.0
0.0,0.0,0.0,0.0,0.0,0.0,0.0,0.0,0.0,0.0,0.0,0.0,0.0,0.0,0.0,0.0,0.0,0.0,0.0,0.0,0.0,0.0,0.0,0.0,0.0,0.0,0.0,0.0,0.0,0.0
0.0,0.0,0.0,0.0,0.0,0.0,0.0,0.0,0.0,0.0,0.0,0.0,0.0,0.0,0.0,0.0,0.0,0.0,0.0,0.0,0.0,0.0,0.0,0.0,0.0,0.0,0.0,0.0,0.0,0.0
0.0,0.0,0.0,0.0,0.0,0.0,0.0,0.0,0.0,0.0,0.0,0.0,0.0,0.0,0.0,0.0,0.0,0.0,0.0,0.0,0.0,0.0,0.0,0.0,0.0,0.0,0.0,0.0,0.0,0.0
0.0,0.0,0.0,0.0,0.0,0.0,0.0,0.0,0.0,0.0,0.0,0.0,0.0,0.0,0.0,0.0,0.0,0.0,0.0,0.0,0.0,0.0,0.0,0.0,0.0,0.0,0.0,0.0,0.0,0.0
0.0,0.0,0.0,0.0,0.0,0.0,0.0,0.0,0.0,0.0,0.0,0.0,0.0,0.0,0.0,0.0,0.0,0.0,0.0,0.0,0.0,0.0,0.0,0.0,0.0,0.0,0.0,0.0,0.0,0.0
0.0,0.0,0.0,0.0,0.0,0.0,0.0,0.0,0.0,0.0,0.0,0.0,0.0,0.0,0.0,0.0,0.0,0.0,0.0,0.0,0.0,0.0,0.0,0.0,0.0,0.0,0.0,0.0,0.0,0.0
0.0,0.0,0.0,0.0,0.0,0.0,0.0,0.0,0.0,0.0,0.0,0.0,0.0,0.0,0.0,0.0,0.0,0.0,0.0,0.0,0.0,0.0,0.0,0.0,0.0,0.0,0.0,0.0,0.0,0.0
0.0,0.0,0.0,0.0,0.0,0.0,0.0,0.0,0.0,0.0,0.0,0.0,0.0,0.0,0.0,0.0,0.0,0.0,0.0,0.0,0.0,0.0,0.0,0.0,0.0,0.0,0.0,0.0,0.0,0.0
0.0,0.0,0.0,0.0,0.0,0.0,0.0,0.0,0.0,0.0,0.0,0.0,0.0,0.0,0.0,0.0,0.0,0.0,0.0,0.0,0.0,0.0,0.0,0.0,0.0,0.0,0.0,0.0,0.0,0.0
0.0,0.0,0.0,0.0,0.0,0.0,0.0,0.0,0.0,0.0,0.0,0.0,0.0,0.0,0.0,0.0,0.0,0.0,0.0,0.0,0.0,0.0,0.0,0.0,0.0,0.0,0.0,0.0,0.0,0.0
0.0,0.0,0.0,0.0,0.0,0.0,0.0,0.0,0.0,0.0,0.0,0.0,0.0,0.0,0.0,0.0,0.0,0.0,0.0,0.0,0.0,0.0,0.0,0.0,0.0,0.0,0.0,0.0,0.0,0.0
0.0,0.0,0.0,0.0,0.0,0.0,0.0,0.0,0.0,0.0,0.0,0.0,0.0,0.0,0.0,0.0,0.0,0.0,0.0,0.0,0.0,0.0,0.0,0.0,0.0,0.0,0.0,0.0,0.0,0.0
0.0,0.0,0.0,0.0,0.0,0.0,0.0,0.0,0.0,0.0,0.0,0.0,0.0,0.0,0.0,0.0,0.0,0.0,0.0,0.0,0.0,0.0,0.0,0.0,0.0,0.0,0.0,0.0,0.0,0.0
0.0,0.0,0.0,0.0,0.0,0.0,0.0,0.0,0.0,0.0,0.0,0.0,0.0,0.0,0.0,0.0,0.0,0.0,0.0,0.0,0.0,0.0,0.0,0.0,0.0,0.0,0.0,0.0,0.0,0.0
0.0,0.0,0.0,0.0,0.0,0.0,0.0,0.0,0.0,0.0,0.0,0.0,0.0,0.0,0.0,0.0,0.0,0.0,0.0,0.0,0.0,0.0,0.0,0.0,0.0,0.0,0.0,0.0,0.0,0.0
0.0,0.0,0.0,0.0,0.0,0.0,0.0,0.0,0.0,0.0,0.0,0.0,0.0,0.0,0.0,0.0,0.0,0.0,0.0,0.0,0.0,0.0,0.0,0.0,0.0,0.0,0.0,0.0,0.0,0.0
0.0,0.0,0.0,0.0,0.0,0.0,0.0,0.0,0.0,0.0,0.0,0.0,0.0,0.0,0.0,0.0,0.0,0.0,0.0,0.0,0.0,0.0,0.0,0.0,0.0,0.0,0.0,0.0,0.0,0.0
0.0,0.0,0.0,0.0,0.0,0.0,0.0,0.0,0.0,0.0,0.0,0.0,0.0,0.0,0.0,0.0,0.0,0.0,0.0,0.0,0.0,0.0,0.0,0.0,0.0,0.0,0.0,0.0,0.0,0.0
0.0,0.0,0.0,0.0,0.0,0.0,0.0,0.0,0.0,0.0,0.0,0.0,0.0,0.0,0.0,0.0,0.0,0.0,0.0,0.0,0.0,0.0,0.0,0.0,0.0,0.0,0.0,0.0,0.0,0.0
