-0.023,-0.023,-0.023,-0.016,-0.058,-0.058,-0.058,-0.058,-0.058,-0.058,-0.058,-0.029,-0.029,-0.029,0.019,0.019,0.019,0.013,0.013,0.011,0.011,0.014,0.014,0.014,0.014,0.014,0.026,0.026,0.026,-0.022,-0.022,0.014,0.014,0.014,0.018,0.023,-0.172,-0.172,-0.172,-0.002,0.0,0.0,0.0,0.0,0.0,0.0,-0.02,-0.02,-0.015,-0.015,0.025,0.025,-0.636,-0.644,-0.644,-0.644,2.93,2.93,-0.641,-0.641,1.34,1.69,-0.012,-0.012,-0.017,-0.045,0.02,0.02,0.011,0.011,0.011,0.008,0.008,0.008
0.0,0.0,0.0,0.004,0.009,0.009,0.009,0.009,0.009,0.009,-0.003,-0.006,-0.006,-0.006,-0.638,0.029,0.021,-0.02,-0.01,-0.004,-0.004,-0.004,-0.004,-0.004,-0.004,-0.004,0.017,0.017,0.973,0.325,0.326,0.009,0.021,0.021,0.014,0.002,0.012,-0.652,-0.652,-0.015,-0.015,-0.015,-0.015,-0.015,-0.015,-0.015,0.027,0.005,0.036,0.036,-0.023,0.027,-0.649,-0.669,-0.669,0.289,0.289,0.289,0.289,0.289,0.289,0.289,0.013,0.013,1.12,-0.014,-0.028,-0.028,-0.02,-0.02,-0.02,-0.02,-0.02,-0.02
-0.015,-0.379,-0.362,-0.009,-0.371,-0.371,-0.371,-0.371,-0.371,-0.371,-0.004,0.02,0.02,0.02,-0.007,-0.007,-0.007,-0.005,-0.005,0.351,0.351,0.351,0.351,0.351,0.351,0.351,0.321,0.321,0.352,-0.368,-0.009,0.347,0.347,0.347,-0.007,-0.007,-0.007,-0.007,-0.007,0.396,0.394,0.394,0.394,0.394,-0.375,-0.375,0.023,0.023,0.057,0.057,-0.376,0.391,-0.371,-0.385,-0.385,-0.385,-0.018,-0.018,-0.018,-0.018,-0.018,-0.018,0.0,0.0,0.305,-0.013,-0.019,-0.019,0.065,0.065,0.065,0.065,0.065,0.065
0.055,0.055,-0.001,-0.007,-0.007,-0.007,-0.007,-0.007,-0.007,-0.007,-0.007,-0.023,-0.023,-0.023,0.001,0.001,-0.018,0.007,0.005,-0.002,-0.002,0.0,0.0,0.0,0.0,0.0,2.74,2.92,0.772,0.019,0.044,0.017,0.017,0.017,0.027,2.49,-0.83,-0.83,-0.83,0.005,0.005,0.005,0.005,0.005,0.005,0.005,0.025,-0.01,0.009,0.021,0.035,0.852,-0.813,-0.812,-0.812,-0.812,0.04,0.04,0.04,0.04,0.04,0.04,0.014,0.014,0.051,0.018,-0.813,-0.813,-0.041,-0.041,-0.041,-0.041,-0.041,-0.041
-0.24,-0.007,0.264,0.004,-0.008,-0.008,-0.008,-0.008,-0.008,-0.008,-0.012,-0.247,-0.247,-0.247,-0.237,-0.237,-0.237,-0.233,0.241,0.228,0.228,0.228,0.232,0.232,0.232,0.232,-0.057,-0.057,-0.057,-0.238,0.139,0.003,-0.194,-0.182,0.198,0.0,0.0,0.0,0.006,0.062,0.062,0.062,0.062,0.062,0.014,0.009,-0.002,0.012,1.46,-0.233,-0.237,-0.006,-0.006,-0.248,-0.248,-0.248,3.66,3.66,-0.49,-0.49,3.66,-0.099,-0.015,-0.015,0.058,-0.017,0.217,0.217,0.167,1.05,0.003,0.003,0.003,0.003
-0.03,-0.03,0.066,-0.171,-0.171,-0.171,-0.171,-0.171,-0.171,-0.171,0.036,0.63,-0.151,-0.151,-0.077,-0.077,-0.077,0.0,0.02,-0.081,-0.651,0.067,0.088,0.055,0.055,0.055,-0.223,-0.223,0.197,-0.105,-0.105,0.072,-0.453,-0.015,-0.057,0.737,-0.128,-0.128,-0.135,0.077,0.009,0.009,0.009,0.009,0.07,0.07,-0.031,-0.031,-0.07,-0.135,-0.122,-0.05,0.071,-0.009,-0.009,-0.009,-0.009,-0.009,0.067,0.067,0.067,0.067,0.064,0.064,0.009,0.008,0.131,0.131,0.19,0.19,-0.062,-0.062,-0.062,-0.062
0.005,0.005,0.005,0.002,0.002,0.002,0.002,0.002,0.002,0.002,0.003,-0.006,-0.006,-0.006,-0.002,-0.002,-0.004,-0.183,-0.183,-0.001,-0.001,-0.001,-0.003,-0.003,-0.003,-0.003,0.0,0.0,0.0,0.006,0.006,0.0,0.0,0.0,0.003,0.003,-0.102,-0.102,-0.102,-0.007,-0.007,-0.007,-0.007,-0.007,-0.007,-0.007,-0.056,-0.056,0.0,0.005,0.007,-0.151,-0.151,-0.211,-0.211,-0.211,-0.211,-0.211,-0.211,-0.211,-0.211,-0.211,0.009,0.009,0.013,0.003,-0.219,-0.219,-0.026,-0.026,-0.026,-0.026,-0.026,-0.026
0.02,0.02,0.007,0.027,0.041,-0.809,-0.809,-0.809,-0.809,-0.809,-0.791,0.008,-0.01,-0.01,-0.387,-0.387,-0.387,0.049,0.049,-0.83,0.013,3.66,0.032,0.032,0.032,0.032,2.21,0.752,2.0,-0.015,-0.81,0.0,0.0,0.0,-0.813,0.013,0.013,0.013,0.013,0.011,-0.789,-0.789,-0.789,-0.789,-0.835,-0.817,-0.805,-0.805,0.016,0.016,-0.002,0.01,-0.399,-0.806,-0.806,-0.806,3.66,3.66,-0.772,-0.772,1.95,-0.392,0.01,0.01,0.749,0.022,0.013,0.013,-0.162,-0.162,-0.162,-0.162,-0.162,-0.162
0.04,0.04,0.04,-0.028,-0.028,-0.028,-0.028,-0.028,-0.028,-0.028,-0.03,-0.029,-0.029,-0.029,0.021,0.021,0.021,-0.029,-0.029,-0.003,-0.003,-0.003,-0.003,-0.003,-0.003,-0.003,-0.031,-0.031,-0.031,0.022,0.022,0.02,0.02,0.02,-0.025,-0.025,-0.025,-0.025,-0.025,0.023,0.023,0.023,0.025,0.025,0.025,0.025,0.017,0.017,0.027,0.022,-0.029,0.0,-0.075,-0.079,-0.079,-0.079,-0.079,-0.079,-0.079,-0.079,-0.079,-0.079,-0.109,-0.109,0.019,0.022,-0.032,-0.032,-0.003,-0.003,-0.003,-0.003,-0.003,-0.003
-0.008,-0.008,-0.008,0.0,0.0,0.0,0.0,0.0,0.0,0.0,0.0,0.014,0.014,0.014,0.005,0.005,0.005,-0.009,-0.029,0.0,0.0,0.0,0.0,0.0,0.0,0.0,3.66,3.66,0.018,-0.033,-0.033,0.005,0.002,0.002,0.702,3.66,-0.75,-0.75,-0.772,-0.003,-0.003,-0.003,-0.003,-0.003,0.634,-0.006,-0.132,-0.132,0.005,-0.008,-0.009,-0.036,-0.036,-0.058,-0.058,-0.058,-0.058,-0.058,-0.058,-0.058,-0.058,-0.05,0.003,0.003,-0.049,0.002,-0.069,-0.069,-0.029,-0.029,-0.029,-0.029,-0.029,-0.029
0.0,0.0,0.0,0.002,0.002,0.002,0.002,0.002,0.002,0.002,0.002,0.001,0.001,0.001,0.003,0.003,0.0,0.0,0.0,-0.029,-0.029,-0.029,-0.029,-0.029,-0.029,-0.029,0.722,1.61,0.002,0.001,0.001,0.002,0.002,0.002,-0.031,-0.005,-0.082,-0.082,-0.082,0.031,0.031,0.031,0.031,0.031,-0.102,-0.118,-0.001,-0.001,-0.003,0.019,0.003,-0.094,-0.094,-0.025,-0.025,-0.025,-0.025,-0.025,-0.025,-0.025,-0.025,-0.025,-0.08,-0.08,-0.018,-0.005,-0.001,-0.001,-0.008,-0.008,-0.008,-0.008,-0.008,-0.008
-0.026,-0.026,-0.026,-0.011,-0.011,-0.011,-0.011,-0.021,-0.021,-0.021,0.698,0.005,0.005,-0.389,0.29,0.29,0.29,0.301,-0.017,0.322,0.322,0.322,0.322,0.313,0.315,0.315,0.421,0.421,0.002,-0.014,-0.047,0.322,-0.361,-0.016,-0.01,-0.044,-0.006,-0.006,-0.006,0.325,0.325,0.325,0.325,0.325,0.329,0.329,-0.343,-0.343,0.001,-0.02,0.308,0.363,-0.367,-0.404,-0.404,-0.404,0.858,0.858,0.892,0.892,0.892,0.892,-0.339,-0.353,-0.008,-0.047,-0.145,-0.145,0.069,0.069,0.069,0.069,0.069,0.069
0.059,0.021,0.011,0.002,0.002,0.002,0.027,0.02,0.02,0.02,-0.014,-0.007,-0.007,-0.007,-0.486,-0.011,-0.011,-0.041,-0.034,0.092,0.092,0.092,0.089,0.089,0.089,0.089,3.66,3.66,2.91,0.014,0.014,-0.023,-0.019,-0.019,-0.036,-0.005,-0.051,-0.038,-0.038,-0.031,-0.031,-0.031,-0.031,-0.031,-0.031,-0.031,0.016,0.016,-0.011,0.007,-0.005,0.047,-0.478,-0.46,-0.46,0.033,0.033,0.033,0.033,0.033,0.033,0.033,-0.044,-0.044,0.034,-0.036,0.026,0.026,0.034,0.034,0.034,0.034,0.034,0.034
0.001,0.001,-0.003,-0.002,-0.002,-0.002,-0.002,-0.002,-0.002,-0.002,-0.002,-0.014,-0.014,-0.014,-0.004,-0.004,-0.004,-0.011,-0.004,-0.001,-0.001,-0.001,-0.001,-0.001,-0.001,-0.001,0.572,0.572,0.572,-0.002,0.0,-0.008,0.005,0.005,0.0,0.0,0.0,0.0,0.0,-0.004,-0.004,-0.004,-0.004,-0.004,-0.004,-0.004,-0.001,-0.001,0.004,0.01,0.001,1.11,-0.609,0.001,0.001,0.001,0.001,0.001,0.001,0.001,0.001,0.001,0.006,0.006,0.003,0.011,0.002,0.002,0.072,0.072,0.072,0.072,0.072,0.072
-0.002,-0.002,-0.002,0.0,0.0,0.0,0.0,0.0,0.0,0.0,0.0,0.004,-0.001,-0.001,0.222,0.222,0.222,0.0,-0.567,0.0,0.0,0.0,-0.001,-0.001,-0.001,-0.001,0.222,0.222,0.222,0.002,0.002,0.0,0.007,0.007,-0.037,-0.037,-0.037,-0.037,-0.037,-0.012,-0.012,-0.012,-0.012,-0.012,-0.012,-0.012,0.0,-0.002,-0.003,0.003,0.004,0.01,-0.564,0.022,0.022,0.022,0.022,0.022,0.022,0.022,0.022,0.022,0.002,0.002,0.461,0.0,-0.567,-0.567,0.008,0.008,0.008,0.008,0.008,0.008
-0.311,-0.311,0.215,0.226,0.226,0.226,0.226,0.226,0.226,0.226,0.199,-0.162,-0.162,-0.162,0.209,0.209,0.209,0.168,-0.383,0.09,0.09,0.106,-0.382,-0.382,-0.382,-0.382,-0.375,-0.375,2.0,-0.045,0.077,0.133,0.117,0.117,0.133,0.133,-0.275,-0.275,-0.275,0.551,0.449,0.449,0.449,0.449,0.583,0.583,-0.384,0.176,-0.064,-0.064,-0.344,0.262,-0.323,-0.203,-0.203,-0.203,0.182,0.182,0.182,0.182,0.231,0.141,-0.204,-0.204,-0.283,-0.009,-0.277,-0.277,0.177,0.0,0.0,0.0,0.0,0.0
0.002,0.002,0.0,-0.003,-0.003,-0.003,-0.317,-0.317,-0.032,-0.032,-0.032,0.001,-0.002,-0.002,0.0,0.0,0.0,0.001,-0.002,0.005,0.005,0.002,0.002,0.002,0.002,0.002,0.0,0.0,0.0,0.0,0.0,0.002,0.002,0.002,0.005,0.005,0.005,0.005,0.005,0.003,0.003,0.003,0.003,0.003,0.003,0.003,-0.332,-0.332,0.003,0.002,0.003,0.004,-0.326,-0.33,-0.323,-0.323,-0.323,-0.323,-0.323,-0.323,0.0,0.008,-0.152,-0.152,0.003,0.013,-0.001,-0.001,-0.017,-0.017,-0.017,-0.017,-0.017,-0.017
0.03,-0.283,0.042,0.431,0.431,-0.613,-0.613,-0.613,-0.613,-0.613,0.426,0.321,0.321,0.321,0.987,0.043,0.043,0.323,-0.283,-0.292,-0.292,-0.292,-0.303,-0.282,-0.282,-0.282,2.18,-0.584,2.51,-0.276,-0.276,0.0,0.0,0.0,-0.521,2.95,-0.489,-0.529,-0.531,0.004,0.291,1.28,0.978,1.08,-0.291,0.031,-0.301,-0.301,-0.261,-0.259,0.063,0.267,0.267,-0.272,-0.272,-0.272,-0.272,-0.272,-0.272,-0.272,0.532,0.532,-0.62,-0.62,-0.241,-0.26,-0.252,-0.252,-0.084,-0.084,-0.084,-0.084,-0.084,-0.079
-0.003,-0.003,0.803,-0.028,-0.028,-0.028,-0.028,-0.028,-0.028,-0.028,-0.035,0.038,-0.841,-0.841,0.0,0.0,0.001,0.022,-0.903,1.28,1.28,1.25,0.476,1.28,1.28,1.28,3.66,3.66,1.6,0.736,0.736,-0.004,-0.008,-0.871,0.034,-0.007,-0.867,-0.867,-0.879,-0.014,-0.014,-0.014,-0.014,-0.014,-0.014,-0.014,-0.877,-0.831,0.011,-0.867,-0.038,0.011,-0.863,-0.867,-0.867,0.748,0.033,0.033,0.033,0.033,0.033,0.033,0.796,0.796,-0.008,-0.825,0.805,0.819,0.013,0.013,0.013,0.013,0.013,0.013
-0.375,-0.375,1.42,0.007,0.007,0.007,0.007,0.007,0.007,0.007,-0.005,0.02,0.02,0.02,0.209,0.209,0.209,1.11,-0.699,-0.035,0.003,0.003,-0.006,-0.006,-0.006,-0.006,1.11,1.11,1.11,-0.699,-0.699,-0.247,-0.247,-0.247,0.468,3.41,-0.679,-0.702,-0.722,0.007,0.007,0.007,0.007,0.007,0.007,0.007,-0.037,-0.037,0.024,0.017,0.0,0.498,-0.703,0.145,0.145,0.145,0.145,0.145,0.145,0.145,0.145,0.145,-0.596,-0.596,-0.085,0.021,-0.035,-0.016,-0.086,-0.086,-0.086,-0.086,-0.086,-0.086
-0.189,-0.191,-0.028,0.009,-0.065,-0.065,-0.065,-0.065,-0.065,-0.065,0.675,0.145,0.145,0.145,0.079,-0.072,-0.086,0.031,-0.547,0.247,0.247,-0.136,0.53,0.682,0.708,0.708,-0.332,0.267,1.19,0.365,0.365,0.481,-0.108,-0.147,-0.439,-0.173,-0.494,-0.534,-0.534,-0.352,0.528,0.528,0.528,0.528,0.25,0.25,-0.059,-0.063,3.59,0.555,0.02,-0.067,0.075,-0.559,-0.559,-0.559,-0.504,-0.504,-0.504,-0.504,2.88,0.71,-0.133,-0.549,-0.036,-0.539,-0.572,-0.572,0.326,0.326,0.326,0.326,0.326,-0.422
-0.054,-0.002,-0.002,0.001,0.001,0.001,0.003,0.003,0.003,0.003,0.016,0.014,0.014,0.014,0.011,0.011,0.011,0.646,-0.661,0.0,0.0,0.0,0.004,0.004,0.004,0.004,-0.001,-0.001,-0.013,0.606,0.606,-0.009,-0.009,-0.009,-0.006,-0.021,-0.002,-0.002,-0.002,-0.002,-0.639,-0.648,0.489,0.005,0.005,0.005,0.007,0.007,-0.003,-0.029,-0.022,-0.032,-0.032,-0.696,-0.696,-0.696,1.59,1.59,0.589,0.589,0.589,0.584,0.0,0.0,-0.071,-0.014,-0.059,-0.059,-0.014,-0.014,-0.014,-0.014,-0.014,-0.014
-0.538,0.071,0.397,0.211,-0.177,-0.177,-0.177,-0.177,-0.2,-0.2,0.501,-0.207,0.223,0.223,-0.473,-0.473,-0.364,-0.182,-0.196,0.713,0.744,0.733,0.735,0.716,0.717,0.717,-0.585,-0.146,2.62,-0.182,-0.212,1.29,0.439,0.246,-0.213,-0.233,-0.163,-0.185,-0.182,0.251,0.27,0.595,-0.201,-0.201,-0.234,-0.234,-0.191,-0.161,-0.152,0.358,0.157,-0.262,0.703,0.694,-0.172,-0.172,1.22,1.22,1.46,-0.168,-0.168,0.934,-0.158,-0.158,-0.353,0.47,-0.161,0.754,0.204,0.204,0.204,0.204,0.204,0.073
0.024,0.024,0.014,-0.372,-0.372,-0.372,-0.372,-0.37,-0.37,-0.37,0.025,-0.362,-0.362,-0.362,-0.379,-0.379,-0.371,0.373,-0.007,-0.375,-0.375,-0.385,0.695,0.695,0.695,0.695,0.352,0.352,0.359,0.263,-0.773,1.66,0.329,0.331,-0.778,0.019,0.019,0.003,-0.001,-0.358,-0.358,-0.358,-0.358,-0.358,-0.386,-0.386,-0.372,-0.372,-0.364,-0.369,-0.372,0.054,-0.377,-0.366,-0.366,-0.366,-0.352,-0.352,-0.352,-0.352,0.0,0.0,0.004,0.004,-0.36,0.375,-0.38,-0.38,0.03,-0.023,-0.023,-0.023,-0.023,-0.023
-0.686,-0.686,-0.255,-0.317,-0.32,-0.32,-0.32,-0.32,-0.32,-0.32,-0.315,0.033,0.034,0.034,-0.34,-0.34,-0.352,-0.319,0.349,-0.334,-0.334,0.042,0.11,0.11,0.11,0.11,-0.708,-0.708,1.05,0.344,0.344,-0.691,-0.314,-0.314,-0.024,-0.042,-0.411,-0.411,-0.411,1.73,0.129,0.129,0.129,0.129,0.129,0.129,-0.327,-0.327,-0.313,-0.326,-0.322,0.02,-0.669,-1.07,-0.693,-0.693,3.66,3.66,1.06,1.06,0.449,0.632,-0.68,-0.68,-0.657,0.025,0.052,0.052,-0.446,-0.446,0.171,0.171,0.171,0.193
-0.884,-0.874,0.004,0.864,-0.005,-0.005,-0.849,-0.849,-0.849,-0.849,0.788,-0.007,-0.848,-0.848,-0.819,-1.29,-0.807,3.08,-0.003,0.777,1.67,1.58,0.819,0.819,2.0,2.0,2.48,2.48,3.43,-0.05,0.651,1.68,-0.011,0.012,-0.013,3.52,-0.821,-0.821,-0.844,1.69,-0.017,-0.017,-0.017,-0.017,-0.021,-0.139,-0.834,0.015,-0.81,-0.017,-0.009,0.797,1.75,-0.071,-0.049,-0.049,-0.049,-0.049,-0.049,-0.049,-0.049,1.65,-0.805,-0.805,0.638,0.006,-0.041,-0.041,-0.71,0.204,1.12,0.072,0.072,1.03
-0.737,-0.737,-0.03,0.001,0.684,0.007,0.0,0.0,0.0,0.0,-0.023,0.025,0.025,0.025,-0.692,-0.69,-0.308,0.363,-0.357,0.426,0.426,0.436,-0.295,-0.296,-0.296,-0.296,0.539,0.539,1.69,0.014,0.014,-0.356,-0.347,-0.347,0.0,0.0,0.0,0.0,0.0,0.361,0.361,0.361,0.347,0.363,0.363,0.363,-0.736,-0.736,0.366,0.366,-0.35,0.618,0.025,-0.733,-0.733,-0.733,2.5,3.66,-0.723,-0.723,3.5,0.021,-0.737,-0.737,-0.129,0.468,-0.356,-0.356,0.316,0.316,0.316,0.316,0.316,-0.759
-0.488,-0.486,0.243,0.129,0.129,0.129,0.129,0.129,0.129,0.129,0.065,0.491,0.16,0.16,-0.015,-0.015,-0.015,-0.397,-0.415,-0.185,-0.185,-0.185,-0.213,-0.302,-0.302,-0.302,-0.755,-0.755,2.15,-0.27,-0.27,-0.084,-0.084,-0.084,0.286,3.66,-0.794,-0.8,-0.08,0.163,0.163,0.163,0.163,0.163,0.163,0.163,-0.776,-0.776,0.087,0.19,0.0,0.006,-0.782,-0.313,-0.313,-0.313,-0.367,-0.367,-0.367,-0.367,0.892,0.476,0.172,0.172,-0.015,-0.327,0.219,0.219,-0.039,-0.039,-0.039,-0.039,-0.039,-0.039
-0.835,-0.835,-0.018,-0.025,-0.036,-0.036,-0.036,-0.036,-0.036,-0.036,-0.099,-0.029,-0.029,-0.029,0.013,0.013,0.013,0.0,-0.001,-0.002,-0.002,0.004,0.004,0.002,0.002,0.002,0.826,0.774,0.811,-0.796,-0.047,0.005,0.005,0.005,0.003,0.003,-0.805,-0.805,-0.805,-0.021,-0.021,-0.021,-0.021,0.615,0.615,0.615,-0.8,-0.8,0.005,-0.037,0.102,0.568,-0.805,-0.816,0.808,0.808,2.19,2.19,0.724,0.724,3.34,1.52,0.391,-0.438,0.456,-0.009,0.087,0.087,0.106,0.106,0.106,0.106,0.106,0.106
-0.514,-0.514,-0.368,0.417,0.417,0.417,0.417,0.417,0.29,0.29,0.174,0.0,0.0,0.0,-0.001,-0.001,-0.003,-0.508,-0.508,-0.095,-0.095,-0.009,0.123,0.108,0.108,0.108,-0.484,-0.484,2.35,0.102,0.084,0.324,-0.1,-0.105,-0.513,3.36,-0.422,-0.422,-0.45,0.661,0.661,0.661,0.661,0.661,0.859,0.859,0.086,0.867,-0.039,-0.128,-0.042,0.027,-0.003,-0.248,-0.248,-0.248,2.81,3.66,-0.441,-0.441,3.66,0.519,-0.254,-0.254,-0.489,-0.518,-0.475,-0.475,0.052,0.052,0.052,0.052,0.052,0.052
-0.141,-0.141,-0.134,0.183,0.097,0.097,0.097,0.097,0.097,0.097,0.347,-0.287,-0.287,-0.287,-0.319,-0.319,-0.319,-0.195,0.049,0.132,0.132,0.686,-0.181,-0.181,-0.181,-0.181,-0.469,-0.469,0.886,-0.258,1.41,0.468,-0.102,-0.102,-0.31,-0.127,-0.127,-0.127,-0.127,-0.248,-0.114,-0.114,-0.114,-0.114,-0.153,-0.153,0.296,0.296,0.116,0.071,-0.257,-0.141,-0.265,-0.17,-0.17,-0.17,3.66,3.66,-0.279,-0.279,-0.279,0.031,0.138,0.138,0.154,0.216,0.038,0.038,0.012,0.012,0.012,0.012,0.012,0.012
-0.13,-0.13,-0.112,0.375,0.375,-0.334,-0.334,-0.334,-0.334,-0.334,0.428,-0.021,-0.021,-0.021,-0.468,-0.475,-0.624,-0.063,-0.334,0.279,0.279,0.141,0.141,0.141,0.141,0.141,1.89,1.89,0.679,-0.007,0.058,0.671,-0.114,-0.114,-0.173,0.419,0.068,0.068,-0.229,0.191,0.191,0.191,0.191,0.191,0.209,0.209,0.0,-0.089,0.892,-0.335,-0.244,0.128,-0.037,-0.344,-0.344,-0.344,0.457,0.457,0.457,0.457,0.457,1.0,-0.337,-0.337,-0.248,-0.346,-0.047,-0.047,0.534,0.534,0.021,0.021,0.021,0.021
-0.237,-0.237,-0.267,0.215,0.215,0.215,0.215,0.215,0.215,0.215,0.394,0.083,-0.393,-0.393,0.438,0.438,0.438,0.345,0.345,0.195,0.195,0.213,0.213,0.213,0.213,0.213,0.439,0.439,0.439,-0.542,-0.542,0.153,-0.346,0.005,-0.359,-0.364,-0.364,-0.364,-0.364,-0.076,-0.076,-0.076,-0.076,-0.076,-0.076,-0.076,-0.355,-0.862,-0.071,-0.071,-0.061,0.999,-0.545,0.235,0.235,0.235,0.235,0.235,0.235,0.235,0.235,0.235,-0.342,-0.342,0.209,-0.224,-0.236,-0.236,0.0,0.0,0.0,0.0,0.0,0.0
-0.308,-0.043,0.002,0.003,0.003,0.003,0.003,0.003,0.003,0.003,0.006,-0.554,-0.554,-0.554,0.017,0.017,0.017,0.015,0.004,0.013,0.013,0.014,0.023,0.023,0.009,0.009,0.018,0.018,0.018,-0.003,-0.003,0.003,0.003,0.003,0.002,0.005,0.005,0.005,0.0,-0.553,-0.002,-0.002,-0.002,-0.002,-0.002,-0.011,-0.553,-0.553,0.024,-0.011,-0.008,-0.03,-0.569,-0.59,-0.59,-0.59,-0.57,2.9,1.33,-0.606,-0.574,-0.035,-0.558,-0.558,-0.343,0.003,-0.043,-0.043,-0.108,-0.108,-0.108,-0.108,-0.108,-0.108
-0.38,-0.38,0.154,-0.176,0.172,-0.659,-0.659,-0.659,-0.659,-0.659,0.429,-0.371,0.324,0.324,-0.351,-0.351,-0.351,-0.168,0.188,-0.189,-0.189,0.171,0.214,0.214,0.214,0.214,0.192,0.192,1.72,-0.336,-0.174,-0.018,-0.851,-0.536,-0.184,0.165,-0.657,-0.657,-0.657,0.14,0.14,0.14,0.14,0.14,0.054,0.054,-0.663,-0.663,0.193,-0.536,1.59,0.65,-0.625,-0.587,-0.64,-0.64,0.176,0.176,0.176,0.176,1.1,1.1,-0.155,-0.155,0.13,-0.088,0.876,0.876,0.109,0.109,-0.252,-0.252,-0.252,0.083
-0.115,-0.115,-0.115,0.0,0.0,0.0,0.0,0.0,0.0,0.0,0.055,-0.131,-0.131,-0.131,0.228,0.228,0.228,0.286,0.286,-0.128,-0.128,-0.135,-0.13,-0.13,-0.13,-0.13,0.209,0.209,0.226,0.266,0.266,0.22,0.212,0.212,-0.178,-0.178,-0.178,-0.178,-0.178,0.268,0.268,0.268,0.268,0.268,-0.518,-0.518,-0.105,-0.113,0.278,0.278,-0.488,0.751,-0.51,-0.506,-0.506,-0.506,-0.055,-0.055,-0.055,-0.055,-0.055,-0.055,-0.059,-0.059,0.187,0.067,-0.097,-0.097,0.027,0.027,0.027,0.027,0.027,0.027
-0.363,-0.363,3.66,-0.791,-0.791,-0.791,-0.791,-0.791,-0.791,-0.791,0.074,-0.799,-0.815,-0.815,-0.815,-0.801,-0.798,1.17,-0.811,0.048,0.048,0.03,0.03,0.036,-0.353,-0.353,0.071,0.071,0.688,-0.135,-0.135,0.311,0.0,0.0,-0.797,-0.022,0.033,0.052,-0.8,0.059,0.038,0.038,0.062,0.062,0.062,-0.014,-0.794,-0.794,-0.377,-0.398,-0.793,-0.805,-0.34,-0.01,-0.01,-0.01,-0.406,-0.406,-0.406,-0.406,-0.381,0.985,0.022,0.022,1.27,-0.135,-0.372,-0.372,-0.64,0.427,0.427,0.427,0.427,-0.551
0.015,0.015,0.008,0.011,0.011,0.011,0.011,0.011,0.011,0.011,0.017,-0.008,-0.008,-0.008,0.025,0.028,0.028,0.0,0.0,0.004,0.004,0.004,0.004,0.004,0.004,0.004,0.02,0.02,0.016,-0.177,-0.177,0.004,0.004,0.008,-0.051,-0.051,-0.051,-0.051,-0.051,-0.033,-0.033,-0.033,-0.033,-0.033,-0.033,-0.033,-0.001,-0.001,-0.019,-0.023,0.022,-0.165,-0.165,-0.074,-0.074,-0.074,-0.074,-0.074,-0.074,-0.074,0.001,0.007,-0.126,-0.126,-0.005,0.004,-0.129,-0.129,-0.019,-0.019,-0.019,-0.022,-0.022,-0.022
-0.498,-0.498,1.59,0.015,0.015,0.015,-0.469,-0.469,-0.469,-0.469,0.023,-0.45,-0.45,-0.45,0.012,0.012,0.012,0.51,-0.385,0.008,0.008,0.008,0.008,0.008,0.008,0.008,0.017,0.017,0.017,-0.004,-0.004,0.002,0.002,0.002,-0.003,-0.003,-0.003,-0.003,-0.003,0.0,0.0,0.0,0.0,0.0,0.0,0.022,-0.046,-0.046,-0.002,-0.002,-0.02,0.91,-0.49,-0.038,-0.038,-0.038,-0.038,-0.038,-0.038,-0.038,-0.038,-0.038,0.009,0.009,-0.055,-0.001,-0.508,-0.508,-0.021,-0.021,-0.021,-0.021,-0.021,-0.021
-0.525,-0.525,-0.525,0.168,0.255,0.255,0.255,0.255,0.255,0.255,0.158,-0.005,-0.005,-0.005,0.283,0.297,-0.307,0.33,0.33,0.314,0.314,0.341,0.341,0.341,0.347,0.347,3.66,0.071,3.66,0.306,0.306,-0.35,-0.538,-0.545,-0.526,3.66,-0.54,-0.54,-0.54,0.317,0.317,0.317,0.317,0.283,-0.306,-0.306,0.31,0.267,0.026,0.041,-0.268,1.02,-0.237,-0.234,-0.23,-0.23,-0.239,-0.239,-0.239,-0.239,-0.239,1.78,0.157,0.157,0.117,0.074,-0.273,-0.273,0.0,0.0,0.0,0.0,0.0,0.0
-0.326,-0.325,0.039,-0.161,-0.161,-0.161,-0.161,-0.161,-0.321,-0.321,0.262,-0.153,-0.153,-0.153,-0.358,-0.355,-0.268,0.6,-0.68,0.078,0.079,0.037,0.866,0.181,0.189,0.189,0.0,0.0,2.29,-0.124,-0.309,1.58,-0.107,-0.128,-0.134,-0.125,0.381,0.864,0.007,-0.096,-0.095,-0.095,0.324,-0.123,-0.174,-0.174,0.258,0.07,-0.158,-0.33,-0.115,-0.132,-0.199,-0.13,-0.153,0.31,0.115,0.115,0.115,0.115,0.071,0.071,-0.281,-0.281,-0.256,-0.134,0.211,0.211,0.048,0.011,0.336,0.336,0.336,-0.173
-0.561,-0.561,0.0,0.711,-0.701,-0.701,-0.701,-0.701,-0.701,-0.701,1.33,0.659,-0.717,-0.688,-0.024,-0.024,-0.024,-0.015,0.005,0.649,0.649,0.663,-0.701,-0.701,-0.701,-0.701,-0.685,-0.685,1.3,0.025,0.037,-0.691,0.018,0.018,0.009,0.673,-0.687,-0.687,-0.687,-0.012,-0.012,-0.012,-0.011,-0.011,0.03,0.03,-0.001,-0.001,0.017,0.017,0.036,1.41,-0.654,-0.706,0.056,0.056,2.0,2.0,0.013,0.013,0.704,0.704,0.071,0.071,0.034,-0.482,-0.652,-0.652,0.032,0.032,0.032,0.032,0.032,0.032
-0.675,0.026,-0.039,0.164,0.744,0.744,0.744,0.455,-0.621,-0.621,0.057,-0.623,-0.617,-0.617,-0.634,-0.634,-0.634,1.18,0.668,0.007,0.014,0.03,-0.62,0.027,-0.66,-0.66,-0.648,-0.648,-0.007,0.035,-0.663,0.848,-1.23,0.728,0.003,0.025,-0.619,-0.619,-0.663,0.018,0.005,-0.646,-0.646,-0.646,-0.671,-0.019,0.019,-0.609,0.043,0.013,-0.004,-0.059,0.006,-0.685,-0.685,-0.685,-0.433,-0.433,-0.433,-0.433,0.057,-0.007,-0.001,-0.001,0.39,0.012,0.011,0.011,-0.104,-0.212,-0.212,-0.212,-0.212,-0.238
-0.14,-0.14,-0.096,0.335,0.336,0.336,0.336,0.336,0.336,0.336,0.314,0.258,0.174,0.174,0.007,0.007,0.007,0.283,0.319,0.319,0.319,0.188,0.341,-0.104,-0.104,-0.104,0.33,0.33,0.324,-0.095,-0.116,-0.552,-0.539,-0.538,-0.113,2.78,-0.556,-0.556,-0.556,0.298,-0.128,0.306,0.306,0.306,0.292,0.306,0.34,0.34,0.3,0.3,0.357,0.699,-0.084,-0.59,-0.077,-0.077,-0.598,-0.598,-0.598,-0.598,2.87,3.66,-0.533,-0.528,0.201,-0.099,-0.124,-0.124,-0.011,-0.006,-0.006,0.0,0.0,0.0
0.021,-0.341,0.016,0.609,0.241,0.241,0.241,-0.102,-0.102,-0.102,0.299,1.21,0.719,-0.798,0.357,-0.398,-0.354,0.181,0.065,0.072,0.072,0.388,0.186,0.186,-0.386,-0.386,3.66,3.55,0.915,-0.032,-0.328,-0.002,-0.399,-0.353,-0.724,0.502,1.61,1.62,-0.29,-0.394,-0.018,-0.018,-0.018,-0.018,-0.35,-0.35,-0.359,-0.243,0.614,-0.338,-0.337,0.004,-0.31,-0.295,-0.295,-0.295,0.025,0.025,0.025,0.025,0.025,0.025,-0.003,0.582,0.349,0.032,-0.31,0.109,0.055,0.055,0.055,0.055,0.055,0.008
-0.048,-0.048,-0.527,0.005,0.005,0.005,0.005,0.016,0.016,0.016,0.016,-0.465,-0.465,-0.465,0.019,0.019,0.019,-0.004,-0.518,0.007,0.007,0.007,0.011,0.011,0.011,0.011,-0.008,-0.008,0.019,-0.021,-0.045,0.004,-0.522,-0.522,0.014,1.03,-0.499,-0.499,-0.517,0.0,0.0,0.0,0.0,0.0,-0.007,-0.007,-0.52,-0.49,0.017,-0.025,-0.029,-0.081,-0.031,-0.581,-0.065,-0.065,-0.178,-0.178,-0.112,-0.112,2.83,-0.065,0.088,0.088,0.339,-0.01,-0.082,-0.082,-0.047,-0.047,-0.047,-0.047,-0.047,-0.047
-0.464,-0.464,-0.457,0.01,0.01,0.01,0.01,0.01,0.01,0.01,0.0,-0.396,-0.396,-0.396,0.006,-0.008,-0.005,0.741,-0.109,0.723,0.723,0.723,0.254,0.254,0.262,0.262,0.029,0.029,0.065,-0.156,-0.157,-0.48,-0.928,0.138,-0.023,-0.023,-0.009,-0.009,-0.009,0.421,0.421,1.13,0.391,0.391,0.418,0.418,-0.449,-0.449,1.51,0.487,-0.089,1.39,-0.462,-0.286,-0.286,-0.286,-0.286,-0.286,-0.286,-0.286,-0.286,-0.286,-0.452,-0.452,-0.177,0.393,-0.212,-0.466,0.223,0.223,1.27,0.212,0.212,-0.168
-0.016,0.002,-0.006,-0.013,-0.015,-0.015,-0.015,-0.015,-0.015,-0.015,0.425,-0.127,0.391,1.1,-0.019,-0.019,-0.019,-0.023,0.46,-0.024,-0.033,-0.03,-0.502,-0.015,-0.015,-0.015,0.916,-0.463,2.78,-0.483,-0.516,0.594,0.336,0.405,-0.053,3.66,-0.975,-0.975,-0.982,-0.489,1.93,-0.13,0.721,-0.116,-0.106,-0.106,-0.982,-0.489,0.296,0.3,-0.002,0.908,-0.474,-0.135,-0.135,-0.135,0.035,0.035,0.035,0.035,0.035,0.034,-0.003,-0.003,-0.073,0.418,0.604,0.604,0.134,0.134,0.134,0.134,0.134,0.164
-0.304,-0.302,0.003,0.001,-0.633,-0.633,-0.633,-0.633,-0.633,-0.633,0.004,0.009,0.009,0.009,-0.126,-0.126,-0.126,0.001,0.006,0.0,0.0,-0.006,-0.006,-0.006,-0.006,-0.006,0.177,-0.182,0.081,-0.309,-0.309,0.011,0.011,0.011,-0.053,-0.053,-0.624,-0.624,-0.633,-0.004,-0.004,-0.004,-0.004,-0.004,-0.004,-0.005,0.0,0.0,0.008,0.008,0.004,0.007,0.015,-0.013,-0.013,-0.013,-0.633,-0.633,-0.633,-0.633,-0.633,1.62,0.019,0.019,0.072,-0.011,-0.011,-0.011,-0.064,-0.064,-0.064,-0.064,-0.064,-0.064
-0.601,-0.601,0.02,0.481,0.481,0.015,-0.625,-0.625,-0.625,-1.29,1.1,1.7,-0.659,-0.659,-0.639,-0.639,-0.639,0.033,-0.607,0.991,0.947,0.022,-0.02,-0.02,-0.02,-0.02,-0.655,1.7,0.042,0.001,-0.191,0.596,-1.02,-0.127,0.01,-0.033,0.616,-0.009,-0.589,-0.635,-0.009,-0.009,-0.01,-0.01,-0.016,-0.016,-0.632,-0.632,-0.63,-0.637,-0.615,0.018,0.019,0.008,0.008,0.008,0.008,0.008,0.008,0.008,0.008,0.653,-0.04,-0.04,-0.011,0.016,-0.61,-0.056,0.127,0.153,-0.555,-0.555,-0.555,0.124
0.001,0.001,-0.007,0.001,0.001,0.001,0.001,0.001,0.001,0.001,0.001,0.003,0.003,0.003,0.006,0.006,0.0,-0.768,-0.762,0.002,0.002,0.002,0.002,0.002,0.002,0.002,0.002,0.002,-0.005,-0.003,0.006,0.006,0.006,0.006,-0.033,-0.033,-0.033,-0.033,-0.022,-0.005,-0.005,-0.005,-0.005,-0.005,-0.003,-0.003,0.002,0.002,-0.001,-0.001,-0.001,0.722,-0.762,-0.003,-0.003,-0.003,-0.003,-0.003,-0.003,-0.003,-0.003,-0.003,0.004,0.004,-0.003,0.006,-0.755,-0.755,-0.041,-0.041,-0.041,-0.041,-0.041,-0.045
-0.302,-0.302,0.02,-0.005,-0.005,-0.005,-0.005,-0.005,-0.005,-0.005,-0.005,-0.012,-0.012,-0.012,0.664,0.664,0.664,-0.006,-0.006,0.0,0.0,0.0,0.0,0.0,0.0,0.0,-0.336,-0.336,-0.336,0.027,0.027,0.03,0.359,0.359,-0.334,-0.324,-0.324,-0.324,-0.329,0.64,0.64,0.64,0.64,0.64,0.64,0.64,-0.001,-0.001,0.016,0.016,-0.258,0.745,-0.311,0.041,0.041,0.041,0.041,0.041,0.041,0.041,0.041,0.041,0.014,0.006,0.042,0.036,-0.309,-0.309,-0.054,-0.054,-0.054,-0.054,-0.054,0.361
-0.514,0.005,0.005,0.014,-0.512,-0.512,-0.512,-0.512,-0.512,-0.512,0.008,0.007,0.007,0.007,0.003,0.003,0.003,-0.53,-0.516,0.003,0.003,0.003,0.003,0.003,0.003,0.003,-0.517,-0.517,0.0,0.003,0.003,-0.002,-0.002,-0.002,0.003,1.43,-0.515,-0.515,-0.515,-0.001,-0.001,-0.001,-0.001,-0.001,-0.001,-0.001,-0.517,-0.517,-0.003,-0.003,-0.001,0.002,0.002,-0.53,-0.523,-0.523,-0.506,-0.506,-0.506,-0.506,1.32,0.017,0.005,0.005,-0.002,-0.004,-0.519,-0.519,-0.068,-0.068,-0.068,-0.068,-0.068,-0.068
-0.466,-0.47,-0.001,0.44,-0.451,-0.451,-0.451,-0.451,-0.451,-0.451,0.402,0.406,0.406,0.406,0.235,0.235,0.235,0.391,-0.02,-0.01,-0.01,-0.01,-0.01,-0.01,-0.048,-0.463,0.442,0.442,0.819,0.414,0.414,-0.003,-0.003,0.002,-0.015,0.725,-0.102,-0.102,-0.114,-0.004,-0.019,-0.019,-0.019,0.528,0.0,0.0,-0.451,-0.451,0.83,0.814,0.3,0.429,0.009,-0.464,-0.887,-0.91,3.66,3.66,-0.467,-0.467,3.66,0.142,0.002,0.002,-0.462,0.409,-0.013,-0.013,0.409,0.409,0.474,0.474,0.474,-0.131
-0.846,-0.846,-0.88,0.011,0.011,0.011,-0.001,-0.001,-0.001,-0.001,-0.001,-0.018,-0.02,-0.02,-0.003,-0.003,-0.003,0.0,-0.024,-0.012,-0.012,-0.012,-0.012,-0.012,0.799,0.799,3.66,3.66,1.83,0.057,0.057,0.029,0.042,0.042,0.04,0.014,0.014,0.014,0.018,0.012,0.012,0.012,0.012,0.012,0.012,0.076,-0.011,-0.011,-0.021,0.017,0.069,1.14,-0.862,0.098,0.098,0.098,0.098,0.098,0.08,0.08,0.08,0.08,0.011,0.011,0.063,0.951,-0.841,-0.841,-0.005,-0.005,-0.005,-0.005,-0.005,-0.005
-0.553,-0.553,-0.553,-0.153,-0.162,-0.607,-0.607,-0.607,-0.607,-0.607,-0.075,-0.168,-0.177,-0.177,0.184,0.184,0.184,0.199,0.163,-0.108,-0.108,-0.108,-0.108,-0.108,-0.108,-0.108,0.414,0.414,1.79,-0.46,0.429,0.273,0.273,0.273,-0.63,0.619,-0.612,-0.612,-0.631,0.231,0.231,0.231,0.231,0.231,0.259,0.259,1.57,-0.188,0.679,0.103,-0.151,0.342,-0.597,-1.29,-0.608,-0.608,0.306,0.306,0.306,0.306,0.306,0.306,0.137,0.137,0.177,0.096,-0.453,-0.453,-0.006,-0.006,-0.006,-0.006,-0.006,0.0
-0.658,-0.688,0.058,0.008,0.008,0.008,0.008,0.042,0.042,0.042,0.007,-0.75,-0.752,-0.752,-0.01,0.0,0.0,0.017,0.006,0.959,0.959,0.932,0.042,0.042,0.042,0.042,3.66,3.66,1.27,-0.706,-0.706,0.047,0.006,0.006,0.007,2.79,-0.731,-0.731,-0.76,0.025,0.021,0.038,0.038,0.038,0.038,0.038,0.153,0.153,0.035,0.062,-0.096,0.1,-0.733,-0.703,-0.703,-0.703,-0.636,-0.636,-0.636,-0.636,-0.636,-0.429,0.027,0.027,-0.629,0.227,-0.71,-0.71,-0.196,-0.196,-0.196,-0.196,-0.196,-0.18
0.261,0.281,0.293,-0.296,-0.296,-0.296,-0.296,-0.296,-0.62,-0.293,0.297,0.026,-0.016,-0.016,-0.591,-0.591,-0.564,1.04,0.265,-0.008,-0.295,-0.295,0.419,0.419,0.419,0.419,0.249,0.249,0.263,-0.303,-0.303,0.645,-0.589,0.22,-0.312,-0.351,-0.293,-0.293,-0.324,0.021,-0.268,-0.287,-0.287,-0.276,-0.352,-0.352,0.015,-0.56,-0.285,-0.326,-0.311,0.158,-0.022,-0.196,-0.196,-0.196,-0.162,-0.162,-0.162,0.668,-0.156,0.136,-0.006,-0.006,-0.033,0.452,-0.028,-0.028,0.003,0.003,0.003,0.003,0.003,0.003
-0.003,-0.003,0.005,0.0,0.0,0.0,0.0,0.0,0.0,0.0,-0.004,-0.002,0.004,0.004,0.002,0.002,-0.002,-0.002,-0.002,0.002,0.002,-0.002,-0.002,-0.002,-0.002,-0.002,-0.003,-0.003,-0.003,-0.002,-0.002,0.002,0.002,0.002,0.004,0.004,0.002,0.002,0.002,-0.001,-0.001,-0.001,-0.001,-0.001,-0.001,-0.001,0.005,0.001,-0.002,-0.433,0.002,0.829,-0.419,-0.005,-0.005,-0.005,-0.006,-0.006,-0.006,-0.006,-0.006,-0.008,0.0,0.0,-0.012,0.002,0.003,0.003,0.012,0.012,0.012,0.012,0.012,0.012
-0.5,-0.5,0.243,0.019,0.019,0.019,0.019,-0.493,-0.493,-0.493,0.003,0.016,0.539,0.539,0.084,0.084,-0.416,-0.024,-0.024,0.011,0.011,0.017,0.016,0.016,0.016,0.016,0.059,0.059,0.059,0.022,0.006,-0.033,-0.475,-0.478,-0.49,0.516,-0.48,-0.48,-0.48,0.009,0.009,0.009,0.009,0.009,0.009,0.009,-0.481,-0.481,0.019,-0.474,-0.005,0.472,-0.438,-0.463,-0.463,-0.463,0.38,0.38,0.38,0.38,0.38,0.818,-0.077,-0.077,-0.021,0.006,0.028,-0.492,0.068,0.068,0.068,0.068,0.068,-0.422
-0.005,-0.005,-0.005,-0.004,-0.004,-0.004,-0.004,-0.004,-0.004,-0.004,0.49,0.003,0.003,0.003,-0.001,-0.001,-0.001,-0.013,-0.006,0.0,0.0,0.0,0.0,0.0,0.0,0.0,0.001,0.001,0.001,-0.001,-0.001,0.001,0.001,0.001,0.003,0.0,0.0,0.0,0.0,-0.596,0.504,0.504,0.504,1.01,0.536,0.536,0.004,0.004,0.496,0.492,-0.004,0.0,0.009,-0.012,-0.012,-0.012,-0.012,-0.012,-0.012,-0.012,-0.012,-0.012,0.009,0.009,-0.017,0.004,-0.001,-0.001,0.063,0.063,0.063,0.063,0.063,0.063
-0.032,-0.032,-0.032,0.018,0.018,0.018,0.018,0.018,0.018,0.018,0.018,-0.015,-0.015,-0.015,0.089,0.089,0.085,-0.528,-0.528,0.07,0.07,-0.038,-0.038,-0.038,-0.038,-0.038,0.054,0.054,0.054,0.015,0.015,-0.058,-0.058,-0.057,0.0,0.0,0.0,0.001,0.001,0.028,0.028,0.028,0.028,0.028,0.028,0.028,-0.052,-0.052,0.025,0.025,-0.005,0.564,-0.549,-0.561,-0.544,-0.544,0.55,0.55,0.55,0.55,0.55,0.55,0.05,0.05,-0.009,0.037,-0.571,-0.571,-0.01,-0.01,-0.01,-0.01,-0.01,-0.01
0.0,0.0,0.0,0.149,0.149,0.149,0.149,0.149,0.149,0.149,0.149,-0.137,-0.128,-0.128,0.802,0.802,0.802,-0.146,-0.147,0.198,0.198,-0.056,-0.459,0.016,0.149,0.149,0.722,0.722,1.02,-0.133,-0.133,0.15,0.15,0.15,0.163,2.51,-0.448,-0.448,-0.448,1.02,0.128,0.128,0.128,0.128,0.128,0.128,-0.431,-0.444,-0.13,-0.13,-0.128,0.161,-0.44,-0.351,-0.351,-0.351,0.531,0.531,0.531,0.531,0.531,0.531,-0.333,-0.333,0.106,-0.128,0.151,0.151,0.027,0.027,0.027,0.027,0.027,0.027
-0.099,-0.626,0.529,0.534,0.534,0.534,-0.533,0.437,-0.544,-0.544,0.047,0.004,-0.031,-0.005,-0.35,-0.35,-0.347,-0.528,0.446,-0.006,-0.006,-0.012,-0.031,0.435,-0.027,-0.027,-0.544,-0.544,1.08,-1.08,-0.058,-0.04,-0.015,-0.006,-0.556,2.23,-1.09,-1.08,-0.227,0.465,0.465,0.465,0.465,0.465,0.439,0.439,-0.526,-0.526,0.075,-0.034,0.35,0.029,-0.025,-0.593,-0.593,-0.593,0.393,0.393,0.393,0.393,0.443,0.443,0.502,0.502,-0.048,0.463,-0.608,-0.608,-0.086,-0.086,-0.086,-0.086,-0.086,0.209
-0.358,-0.358,-0.332,-0.346,-0.346,-0.346,-0.346,-0.367,-0.367,-0.367,0.667,0.01,0.01,0.01,0.346,0.346,0.346,0.331,-0.347,-0.348,-0.348,-0.33,-0.346,-0.346,-0.346,-0.346,-0.709,0.09,0.79,0.005,0.005,0.653,0.013,0.013,0.007,0.297,-0.336,-0.336,-0.353,0.0,0.0,0.0,0.0,0.0,-0.004,-0.004,-0.333,-0.327,-0.256,-0.319,-0.358,0.33,-0.326,-0.357,-0.357,-0.357,0.308,0.308,0.308,0.308,0.308,0.301,-0.321,-0.686,0.142,0.005,-0.358,-0.358,0.169,0.209,0.209,0.188,0.188,-0.262
0.039,0.009,0.009,0.005,0.005,0.005,0.005,0.005,0.005,0.005,-0.008,-0.007,-0.007,-0.007,-0.001,-0.001,-0.001,-0.006,-0.006,-0.001,-0.001,-0.001,-0.007,-0.007,-0.007,-0.007,0.0,0.0,0.0,0.006,0.006,0.005,0.005,0.013,0.015,0.004,0.004,0.004,0.004,-0.001,0.013,0.013,0.013,3.01,-0.372,-0.372,-0.005,-0.005,0.001,0.001,0.015,0.024,-0.373,0.018,0.018,0.018,0.018,0.018,0.018,0.018,0.018,0.018,-0.375,-0.375,0.014,0.004,0.037,0.037,0.016,0.016,0.016,0.016,0.016,0.016
-0.286,-0.286,-0.295,-0.128,-0.128,-0.128,-0.128,-0.128,-0.128,-0.128,0.0,-0.007,-0.007,-0.007,0.002,0.002,0.002,0.002,-0.302,0.0,0.0,0.224,0.224,0.224,0.224,0.224,0.2,0.2,0.2,0.004,0.004,0.022,-0.608,-0.291,-0.157,-0.157,-0.157,-0.157,-0.305,0.003,0.003,0.003,0.003,0.003,0.003,0.003,-0.003,-0.003,-0.005,0.007,0.008,0.288,-0.292,0.006,0.006,0.006,0.006,0.006,0.006,0.006,0.006,0.006,-0.005,-0.005,0.0,0.006,-0.289,-0.289,-0.288,-0.288,0.149,0.149,0.149,0.149
-0.424,-0.463,-0.463,0.011,0.011,0.011,0.011,0.011,0.011,0.011,-0.016,-0.008,-0.003,-0.003,-0.002,-0.002,-0.002,0.002,0.002,0.085,0.056,0.056,0.045,0.045,0.083,0.083,3.66,3.66,0.63,0.0,0.043,0.018,0.019,-0.462,-0.005,-0.005,-0.005,-0.005,-0.005,0.006,0.006,0.006,0.006,0.006,0.006,0.006,-0.002,-0.002,-0.022,0.062,0.027,0.059,-1.1,-0.588,-0.581,-0.621,0.034,0.034,0.034,0.034,0.034,0.034,0.013,0.013,0.025,0.033,-0.569,-0.569,-0.015,-0.015,-0.015,-0.015,-0.015,-0.015
-0.458,-0.458,0.46,-0.452,-0.445,-0.445,-0.443,-0.443,-0.443,-0.443,-0.022,0.008,-0.022,-0.022,0.009,0.009,0.009,0.416,0.412,0.408,1.42,-0.898,-0.455,-0.455,-0.455,-0.455,0.031,0.031,0.011,-0.894,-0.049,-0.004,0.007,0.007,-0.506,3.66,-0.453,-0.453,0.022,0.008,0.008,0.008,0.008,0.004,-0.009,-0.009,0.013,0.441,0.522,-0.461,1.39,0.009,0.479,-0.467,-0.462,0.38,3.66,3.66,-0.45,-0.45,-0.45,0.401,-0.014,-0.014,-0.476,-0.001,-0.451,-0.028,0.07,0.435,-0.273,-0.266,-0.266,-0.291
-0.214,-0.183,-0.18,0.001,0.004,0.004,0.004,0.004,0.004,0.004,-0.013,-0.129,-0.14,-0.14,0.419,-0.627,-0.432,0.234,0.234,0.234,0.234,0.239,-0.619,-0.638,0.214,-0.642,-0.004,-0.004,-0.004,-0.614,-0.637,0.206,-0.624,0.228,-0.2,0.209,0.209,0.209,0.209,0.686,0.099,0.099,0.07,0.117,0.095,0.095,0.214,0.214,-0.288,-0.434,-0.199,0.224,0.224,-0.635,-0.635,-0.635,-0.442,-0.442,0.448,0.448,0.769,0.767,-0.615,-0.615,-0.229,0.22,-0.226,-0.226,-0.876,0.016,0.016,0.016,0.016,0.028
0.106,0.022,0.022,-0.011,-0.011,-0.011,-0.011,-0.011,-0.011,-0.011,-0.011,-0.047,-0.047,-0.047,-0.014,-0.014,-0.014,0.027,0.027,0.059,0.059,0.059,0.059,0.059,0.059,0.059,0.076,0.076,0.374,0.039,0.039,0.469,0.004,-0.074,-0.01,-0.01,-0.01,-0.01,-0.01,-0.048,0.281,-0.079,-0.079,-0.079,-0.092,-0.092,-0.048,-0.048,0.022,0.022,-0.049,-0.048,-0.048,-0.105,-0.095,-0.095,-0.002,-0.002,-0.002,-0.002,-0.002,-0.002,0.023,0.023,0.012,0.021,-0.025,-0.025,0.007,0.007,0.007,0.007,0.007,0.007
-0.426,-0.404,0.154,0.156,0.156,0.156,0.156,0.156,0.156,0.156,0.156,-0.338,0.147,0.147,-0.323,-0.238,-0.238,0.137,-0.333,0.061,-0.396,0.0,0.0,0.0,0.0,0.0,-0.393,-0.393,1.65,0.105,-0.026,-0.262,-0.725,-0.367,-0.401,-0.394,-0.299,-0.299,-0.191,-0.356,-0.356,-0.356,-0.356,-0.343,-1.18,-0.423,-0.361,-0.361,0.177,0.177,-0.282,0.013,0.077,-0.341,-0.341,-0.341,-0.341,-0.341,-0.341,-0.341,-0.341,-0.341,-0.39,-0.39,0.114,0.202,0.289,0.289,-0.432,-0.432,0.058,0.058,0.058,0.036
-0.146,-0.095,0.0,-0.006,0.862,0.005,0.865,-0.028,-0.028,-0.028,0.789,-0.091,-0.094,0.739,-0.117,-0.117,-0.086,0.563,0.795,0.702,-0.076,-0.102,1.65,1.55,1.55,1.55,0.578,0.578,1.77,-0.011,-0.056,0.767,0.973,-0.076,0.878,1.42,-0.1,-0.1,-0.123,3.66,-0.095,-0.107,-0.094,-0.096,0.716,-0.15,-0.111,-0.081,-0.088,-0.072,-0.106,0.026,-0.099,-0.104,-0.104,-0.104,0.591,0.591,0.591,0.591,0.591,0.691,-0.099,-0.099,0.006,-0.099,0.592,0.592,0.278,0.238,0.238,0.28,0.28,0.306
-0.071,-0.053,-0.203,0.267,0.267,-0.376,-0.386,-0.386,-0.386,-0.386,0.249,0.256,0.246,0.246,-0.37,-0.37,-0.37,-0.378,-0.378,0.256,0.256,0.236,0.236,0.236,0.236,0.236,0.481,-0.159,0.736,-0.378,-0.378,-0.381,0.209,0.209,0.257,0.257,-0.376,-0.376,-0.396,0.252,0.252,0.252,0.252,0.252,0.252,0.252,-0.046,-0.046,-0.364,-0.384,-0.369,0.271,-0.364,-0.397,0.265,0.265,0.265,0.265,0.265,0.265,0.265,0.265,-0.047,-0.047,1.05,-0.379,0.624,-0.393,0.0,0.0,0.0,0.0,0.0,0.0
0.004,0.004,0.004,0.008,0.008,0.008,0.008,0.008,0.008,0.008,0.008,-0.547,-0.547,-0.547,0.006,0.006,0.006,-0.559,-0.559,0.013,0.013,0.006,0.006,0.006,0.006,0.006,0.004,0.004,0.004,0.0,0.0,0.007,0.007,0.007,-0.004,-0.002,-0.002,-0.002,-0.002,-0.019,0.489,-0.49,0.002,0.011,-0.555,-0.555,-0.504,-0.504,0.002,0.002,-0.001,0.0,-0.556,-0.546,-0.546,-0.546,-0.546,-0.546,-0.546,-0.546,-0.546,-0.546,-0.014,-0.014,0.017,0.0,-0.555,-0.555,-0.114,-0.114,-0.114,-0.114,-0.114,-0.114
-0.263,-0.419,-0.014,-0.566,-0.584,-0.575,-0.552,-0.552,-0.577,-0.577,-0.015,-0.019,-0.029,-0.029,-0.581,-0.611,-0.611,0.042,-0.022,0.071,-0.506,0.015,-0.003,0.015,0.003,0.003,0.029,0.029,0.076,-0.549,-0.536,0.024,0.029,0.075,0.028,0.536,-0.001,-0.001,-0.001,1.54,-0.007,-0.007,-0.069,-0.069,0.02,-0.038,-0.619,-0.581,-0.568,-0.564,-0.446,0.059,0.039,-0.506,-0.506,-0.506,-0.506,-0.506,-0.509,-0.509,-0.509,0.024,-0.037,-0.037,-0.503,0.103,-0.534,-0.534,-0.101,-0.101,-0.101,-0.101,-0.101,-0.072
0.162,0.162,0.162,-0.108,-0.108,-0.108,-0.108,-0.108,-0.108,-0.108,-0.064,-0.078,-0.17,-0.17,0.039,0.039,0.039,0.122,-0.271,0.243,0.243,0.138,0.138,0.138,0.138,0.138,0.507,0.507,0.507,0.078,0.078,-0.117,-0.117,-0.275,-0.053,-0.053,-0.053,-0.244,-0.235,0.006,0.006,0.006,0.006,0.006,0.006,0.006,-0.253,-0.253,-0.117,-0.117,-0.149,-0.098,-0.098,-0.233,-0.233,-0.233,0.25,0.25,0.25,0.25,0.25,0.25,-0.151,-0.151,-0.097,0.112,-0.302,-0.302,0.0,0.0,0.0,0.0,0.0,0.0
0.0,-0.066,-0.066,0.362,0.36,0.36,0.36,0.36,0.36,0.36,0.36,-0.095,-0.101,-0.101,0.245,0.245,0.245,-0.075,-0.087,0.657,0.657,0.657,0.646,0.646,0.673,0.673,1.67,1.67,2.69,-0.071,0.015,0.552,0.382,0.382,-0.07,-0.071,-0.071,-0.071,-0.071,-0.069,-0.069,-0.069,-0.069,-0.069,-0.069,-0.069,-0.083,-0.083,0.542,0.603,0.449,0.957,-0.708,-0.02,-0.02,-0.02,-0.02,-0.02,-0.02,-0.02,-0.02,-0.02,0.541,0.541,0.013,0.206,-0.003,-0.003,0.216,0.216,0.216,0.216,0.216,0.212
0.068,-0.367,0.013,-0.416,-0.416,-0.415,-0.415,-0.418,-0.418,-0.418,0.014,-0.423,-0.423,-0.423,-0.436,-0.436,-0.425,0.016,0.016,0.433,0.433,0.417,0.431,0.431,0.431,0.431,0.002,0.002,0.422,-0.406,-0.406,0.345,0.031,0.435,0.061,0.01,0.889,0.889,-0.435,0.423,-0.419,-0.419,-0.419,-0.419,-0.415,-0.415,-0.426,-0.426,-0.422,-0.418,-0.419,-0.406,-0.406,-0.398,-0.398,-0.398,-0.398,-0.398,-0.398,-0.398,-0.398,-0.398,0.413,0.413,-0.379,0.016,-0.408,-0.408,-0.072,-0.072,-0.072,-0.072,-0.072,-0.072
-0.355,-0.355,-0.338,0.003,0.003,0.003,0.003,0.003,0.003,0.003,0.003,0.021,0.021,0.021,0.004,0.018,0.011,0.004,-0.004,0.007,0.007,0.007,0.007,0.007,0.007,0.007,-0.014,-0.014,3.66,-0.342,-0.342,0.003,-0.336,-0.336,0.0,0.0,0.0,0.0,0.0,0.001,0.011,-0.011,-0.365,1.88,-0.345,-0.345,-0.043,-0.043,0.025,0.003,-0.342,1.88,0.357,-0.008,-0.008,-0.008,-0.008,-0.008,-0.008,-0.008,-0.008,-0.013,-0.338,-0.338,-0.026,0.001,-0.351,-0.351,-0.038,-0.038,-0.038,-0.038,-0.038,-0.038
-0.044,-0.044,-0.545,1.02,-0.551,-0.548,-0.548,-0.548,-0.548,-0.548,0.535,-0.495,-0.494,-0.494,-0.529,-0.529,-0.529,-0.601,-0.545,0.212,0.212,0.212,-0.029,-0.029,-0.029,-0.029,1.99,1.99,0.159,0.933,0.873,0.312,-0.01,-1.1,-0.532,3.66,-0.564,-0.564,-0.574,-0.009,-0.009,-0.009,-0.009,1.01,-0.558,-0.558,1.04,1.01,0.016,1.25,-0.537,0.019,-0.533,-1.12,-0.044,-1.02,3.66,3.66,-0.612,-0.612,1.15,1.15,0.468,0.468,-0.211,-0.381,0.407,0.465,-0.069,1.55,-0.092,-0.092,-0.092,0.558
-0.117,-0.099,-0.007,-0.103,-0.103,-0.103,-0.103,-0.103,-0.103,-0.103,0.0,-0.11,-0.11,-0.11,-0.075,-0.075,-0.075,0.108,-0.054,0.115,0.115,0.115,0.115,0.115,0.115,0.115,-0.121,-0.121,0.554,0.002,0.003,0.288,0.007,0.007,0.033,0.033,0.033,0.033,0.033,0.003,0.003,0.003,0.003,0.003,-0.013,-0.013,-0.109,-0.109,-0.112,-0.112,-0.111,0.018,0.018,0.041,0.041,0.041,-0.033,-0.033,-0.033,-0.033,-0.033,-0.033,-0.001,-0.001,0.009,-0.086,-0.002,-0.002,0.025,0.025,0.025,0.025,0.025,0.025
0.002,0.002,-0.001,0.001,0.001,0.001,0.001,0.001,0.001,0.001,0.001,-0.006,-0.006,-0.006,0.179,0.179,0.179,0.0,0.0,-0.002,-0.002,-0.002,-0.002,-0.002,-0.002,-0.002,0.647,0.647,0.654,0.0,0.02,0.0,0.0,0.0,-0.004,-0.004,-0.004,-0.002,-0.002,0.002,0.002,0.002,0.002,0.002,0.002,0.002,0.06,0.06,-0.001,-0.001,0.018,0.838,-0.123,0.014,0.014,0.014,0.014,0.014,0.014,0.014,0.014,0.014,-0.001,-0.001,0.025,0.0,-0.315,-0.315,0.037,0.037,0.037,0.037,0.037,0.037
0.023,0.023,0.0,-0.006,-0.006,-0.006,-0.006,-0.006,-0.006,-0.006,-0.006,-0.013,-0.013,-0.013,0.459,0.459,0.459,-0.004,-0.004,-0.001,-0.001,-0.002,-0.011,-0.011,-0.011,-0.011,-0.009,-0.009,0.914,0.004,0.004,0.001,0.0,0.0,0.449,0.454,0.454,-0.467,-0.467,0.003,0.003,0.003,0.003,0.003,0.003,0.003,-0.015,-0.015,0.0,0.002,0.012,0.479,-0.454,0.032,0.032,0.032,0.032,0.032,0.032,0.032,0.032,0.032,0.001,0.001,0.023,-0.003,-0.328,-0.328,0.057,0.057,0.057,0.057,0.057,0.057
-0.455,-0.455,-0.477,-0.051,-0.051,-0.051,-0.051,-0.051,-0.063,-0.063,1.72,0.86,-0.595,-0.595,-0.484,-0.484,-0.484,0.707,-0.489,-0.478,-0.478,0.359,0.34,0.615,-0.52,-0.52,-0.477,-0.477,2.34,0.377,0.365,0.874,-0.062,-0.494,-0.485,1.36,0.662,-0.499,-0.497,1.3,-0.459,-0.459,-0.476,-0.476,-0.943,-0.943,0.245,0.247,-0.464,0.42,0.275,0.247,0.302,-0.465,-0.448,-0.448,-0.023,-0.023,-0.023,-0.023,-0.023,-0.447,-0.46,-0.46,0.348,-0.453,-0.474,-0.474,0.012,0.012,0.011,0.011,0.011,0.0
-0.019,-0.019,1.14,-0.018,-0.018,-0.018,-0.018,-0.018,-0.018,-0.018,-0.024,0.233,0.233,0.233,-0.032,-0.032,-0.032,-0.026,-0.026,1.12,1.12,1.12,1.12,1.12,1.12,1.12,0.329,0.329,0.342,-0.025,-0.008,-0.025,-0.025,-0.025,-0.031,-0.031,-0.031,-0.031,-0.031,0.045,0.044,0.044,0.044,0.044,0.044,0.044,0.748,0.748,-0.022,-0.022,-0.024,1.51,1.51,0.32,0.32,0.32,0.32,0.32,0.32,0.32,0.32,0.32,-0.055,-0.055,-0.002,0.549,-0.622,-0.622,0.0,0.0,0.0,0.0,0.0,0.0
-0.756,-0.756,-0.756,-0.749,-0.749,-0.749,-0.749,-0.749,-0.749,-0.749,0.041,-0.741,-0.741,-0.741,0.029,0.029,0.029,0.036,0.034,-0.76,-0.76,-0.746,0.009,0.018,0.053,0.053,3.66,3.66,0.038,-0.757,-0.757,0.052,-0.746,-0.759,-0.012,0.109,-0.721,-0.721,-0.717,0.032,0.032,0.032,0.032,0.032,0.032,0.032,-0.765,-0.765,-0.765,-0.763,0.041,0.073,-0.748,-0.777,-0.777,-0.777,0.012,0.012,0.012,0.012,0.012,0.012,-0.752,-0.752,-0.736,0.052,-0.755,-0.755,0.248,-0.652,0.228,0.228,0.228,-0.649
-0.215,0.374,-0.52,0.165,0.165,0.164,0.164,0.164,0.164,0.164,0.134,0.213,0.27,0.27,-0.215,-0.226,-0.223,0.776,-0.188,-0.069,-0.069,-0.069,0.134,0.134,0.144,0.144,1.0,1.0,1.46,0.832,1.15,0.794,-0.166,-0.176,-0.53,0.196,0.196,-0.54,-0.54,0.145,0.145,0.145,0.145,0.153,0.303,0.303,-0.226,-0.879,-0.183,-0.047,-0.522,-0.067,-0.525,-0.227,0.771,0.771,0.145,0.145,0.145,0.145,0.586,0.586,0.036,0.022,0.533,0.538,-0.54,-0.54,-0.205,-0.179,0.26,0.199,0.199,0.235
-0.782,-0.015,0.05,0.084,0.084,0.084,0.084,0.084,0.084,0.084,0.0,-0.773,-0.773,-0.773,-0.797,-0.79,0.017,0.018,2.25,0.72,0.778,0.741,0.025,0.025,-0.025,-0.025,3.66,3.66,3.66,-0.769,-0.769,0.001,-0.094,-0.094,0.047,0.043,1.76,-0.666,-0.65,0.007,0.007,0.007,0.009,0.009,0.74,0.74,-0.009,-0.739,0.05,-0.764,0.206,0.015,-0.753,-0.784,-0.784,-0.784,-0.773,-0.773,-0.773,-0.773,-0.773,0.043,-0.001,-0.001,-0.044,0.027,-0.593,-0.593,0.165,0.165,-0.307,-0.307,-0.307,-0.438
0.017,0.017,0.017,-0.069,-0.069,-0.069,-0.069,-0.069,-0.069,-0.069,-0.069,0.029,0.029,0.029,-0.023,-0.023,-0.078,0.024,0.024,0.022,0.022,0.014,0.014,0.014,0.014,0.014,0.882,0.882,0.0,-0.046,-0.046,0.008,-0.106,-0.106,-0.168,-0.061,0.017,0.017,0.017,0.022,0.022,0.022,0.022,0.022,0.001,-0.011,-0.161,-0.161,-0.095,-0.095,0.234,0.008,0.008,-0.177,-0.177,-0.177,-0.168,-0.168,-0.168,-0.168,-0.168,0.47,0.024,0.024,-0.005,0.009,0.0,0.0,-0.01,-0.01,-0.01,-0.01,-0.01,-0.01
-0.675,-0.167,-0.194,0.261,0.261,0.261,-0.672,-0.672,-0.672,-0.672,0.038,0.22,0.214,0.214,-0.201,-0.012,-0.012,-0.29,-0.681,0.043,0.043,0.043,0.01,0.058,0.058,0.058,1.07,1.07,0.597,-0.672,-0.186,-0.182,-0.667,-0.667,0.079,0.072,0.072,0.088,0.088,0.101,0.206,0.206,0.206,0.206,0.482,0.472,0.122,0.122,2.4,-0.668,-0.166,0.207,0.0,-0.429,-0.688,-0.688,-0.47,-0.47,-0.47,-0.47,-0.506,0.512,-0.658,-0.655,-0.036,0.299,-0.66,-0.66,-0.41,0.116,0.067,0.067,0.067,0.067
-0.002,-0.002,-0.002,0.006,0.006,0.006,0.006,0.006,0.006,0.006,0.0,-0.063,-0.063,-0.063,0.003,0.003,0.003,0.0,0.0,-0.005,-0.005,0.0,0.0,0.0,0.0,0.0,0.001,0.001,0.003,-0.037,-0.037,0.003,0.003,0.005,0.002,0.004,0.004,0.004,0.001,0.0,0.0,0.0,0.0,0.0,0.003,0.003,0.002,0.002,-0.001,-0.001,-0.031,-0.003,-0.085,-0.014,-0.001,-0.001,-0.007,-0.007,-0.007,-0.007,-0.007,-0.01,-0.091,-0.091,0.086,-0.001,-0.093,-0.093,-0.008,-0.008,-0.008,-0.008,-0.008,-0.008
-0.027,-0.027,-0.004,0.012,0.001,0.004,0.004,0.004,0.004,0.004,0.004,0.001,0.001,0.001,-0.004,-0.004,0.257,-0.235,-0.235,0.049,0.049,0.049,0.049,0.049,0.049,0.049,-0.34,-0.34,0.333,0.0,0.0,0.0,0.0,0.0,-0.334,0.001,-0.338,-0.338,0.005,0.108,0.108,0.108,0.108,0.108,-0.259,-0.259,-0.332,-0.332,-0.002,-0.002,-0.008,0.322,-0.344,-0.361,-0.361,-0.022,-0.022,-0.022,-0.022,-0.022,-0.022,-0.022,-0.333,-0.333,0.811,0.0,-0.023,-0.023,0.001,0.001,0.001,0.001,0.001,0.008
-0.487,-0.487,0.037,-0.029,-0.434,-0.434,-0.434,-0.434,-0.434,-0.434,1.44,-0.384,-0.451,-0.451,-0.427,-0.418,-0.418,-0.405,0.177,0.475,0.293,0.385,-0.413,-0.05,-0.487,-0.487,-0.059,-0.059,1.05,-0.436,0.631,1.28,-0.406,-0.415,-0.46,1.9,0.029,0.029,0.081,0.293,0.227,0.227,0.143,0.143,0.066,0.066,-0.454,0.345,-0.036,0.185,-0.058,0.225,0.361,-0.508,-0.508,-0.508,3.66,3.34,-1.29,-0.124,1.35,0.651,0.183,0.183,1.96,-0.124,-0.534,0.339,-0.056,-0.056,1.8,-0.311,-0.311,0.378
0.023,-0.02,-0.007,0.477,-0.002,0.456,-0.482,-0.482,-0.482,-0.482,0.445,-0.005,-0.005,-0.005,0.0,-0.473,0.01,-0.035,-0.486,0.468,0.468,0.465,0.465,0.465,0.532,0.532,0.004,0.004,0.009,-0.437,0.003,0.499,0.002,0.004,-0.476,2.64,3.66,-0.468,-0.474,-0.035,-0.035,-0.035,-0.035,-0.035,0.011,0.011,-0.009,-0.009,0.013,0.586,0.012,0.024,0.073,-0.487,-0.463,-0.463,1.14,3.66,-0.464,-0.464,0.422,0.26,-0.19,-0.19,0.56,-0.483,1.03,0.037,-0.205,0.357,0.358,-0.197,-0.197,0.381
-0.001,-0.001,-0.006,0.0,0.0,0.0,0.0,0.0,0.0,0.0,0.0,-0.002,-0.002,-0.002,-0.004,-0.004,-0.004,-0.003,-0.003,0.0,0.0,0.005,0.005,0.005,0.005,0.005,0.001,0.001,0.013,-0.004,-0.004,-0.005,-0.005,-0.005,0.0,0.0,0.0,0.0,0.0,0.006,0.006,0.006,0.006,0.006,0.006,0.006,0.001,0.001,-0.004,-0.004,0.001,-0.002,-0.002,-0.003,-0.003,-0.003,-0.003,-0.003,-0.003,-0.003,-0.003,-0.003,0.0,0.0,0.0,0.002,0.008,0.008,0.003,0.003,0.003,0.003,0.003,0.003
-0.144,-0.144,-0.144,-0.248,-0.248,-0.248,-0.248,-0.248,-0.248,-0.248,-0.248,0.061,0.061,0.061,-0.135,-0.135,-0.135,0.046,0.047,0.046,0.046,0.046,-0.327,-0.338,-0.365,-0.365,-0.347,-0.347,0.78,0.0,0.0,0.05,0.05,0.041,-0.346,-0.147,-0.147,-0.147,-0.147,0.088,0.088,0.088,0.088,0.088,-0.346,-0.346,-0.328,-0.328,0.053,0.042,-0.339,-0.363,-0.146,-0.347,-0.347,0.686,3.66,3.66,-0.351,-0.351,-0.156,0.058,-0.33,-0.33,-0.357,1.61,0.042,0.048,-0.023,-0.023,0.929,-0.233,-0.233,-0.25
-0.459,-0.459,0.305,0.059,0.059,0.059,0.059,0.059,0.059,0.059,0.009,-0.46,-0.46,-0.46,-0.145,-0.145,0.164,0.023,0.045,0.162,0.162,0.164,-0.144,-0.118,-0.13,-0.13,-0.461,-0.461,0.865,-0.147,-0.147,-0.156,0.108,0.108,-0.511,1.28,-0.168,-0.168,-0.168,-0.071,0.145,0.68,0.144,0.144,0.143,0.143,0.728,-0.152,0.431,0.442,-0.158,0.523,0.773,-0.147,-0.462,-0.462,2.03,2.03,-0.442,-0.442,0.626,-0.448,-0.49,-0.49,-0.447,-0.155,-0.454,-0.454,0.005,0.005,0.005,0.005,0.005,0.002
-0.007,-0.007,0.005,0.001,0.001,0.001,0.001,0.001,0.001,0.001,0.001,0.547,0.547,0.547,0.013,0.013,0.013,1.4,-0.805,-0.004,-0.004,-0.004,-0.004,-0.004,-0.004,-0.004,3.66,3.66,0.77,-0.01,-0.001,-0.004,-0.009,-0.009,0.032,0.816,-0.765,-0.78,-0.81,0.042,0.042,0.042,0.034,2.09,-0.736,-0.812,-0.75,-0.75,0.015,0.003,-0.003,0.005,-0.006,-0.784,-0.784,-0.784,-0.771,-0.771,-0.771,-0.771,0.0,0.091,-0.004,2.06,0.0,0.0,0.002,0.002,1.28,0.412,-0.531,-0.531,-0.531,-0.531
0.226,-0.685,-0.309,0.082,0.082,0.082,0.082,0.012,0.012,0.012,-0.031,0.031,0.031,0.031,-0.755,-0.755,0.054,-0.352,-0.379,0.056,0.056,0.056,0.066,0.066,0.066,0.066,3.66,3.66,3.66,0.036,0.129,0.06,-0.754,-0.754,-0.718,-0.179,-0.275,-0.275,-0.275,-0.768,-0.31,-0.31,-0.31,-0.31,-0.331,-0.331,0.027,0.027,0.104,0.104,-0.32,0.073,0.031,-0.733,-0.733,-0.693,0.967,0.967,0.196,0.966,0.78,0.145,-0.106,-0.106,-0.677,-0.269,-0.702,-0.746,-0.033,-0.056,-0.056,-0.056,-0.056,-0.056
-0.402,-0.402,0.481,-0.38,-0.38,-0.375,-0.375,-0.375,-0.375,-0.375,0.431,-0.806,-0.806,-0.806,-0.383,0.414,-0.377,0.821,-0.345,-0.368,-0.368,0.84,0.044,0.044,0.044,-0.346,0.043,0.043,2.0,0.407,-0.386,0.424,-0.372,0.028,0.042,0.028,-0.785,-0.785,-0.846,0.062,-0.359,-0.359,-0.359,0.022,-0.003,-0.003,-0.369,-0.369,-0.346,-0.39,0.035,-0.407,0.208,-0.391,-0.391,-0.391,-0.391,-0.391,-0.391,-0.391,-0.391,0.413,0.056,-0.81,0.004,-0.355,0.035,0.035,-0.001,-0.001,-0.535,-0.535,-0.535,0.528
0.549,0.549,0.549,-0.033,-0.033,-0.055,-0.055,-0.055,-0.055,-0.055,1.31,0.652,-0.081,-0.081,-0.681,-0.681,-0.025,0.644,0.644,0.335,0.335,3.66,-0.019,-0.019,-0.107,-0.107,-0.729,-0.26,0.259,-0.157,-0.161,-0.066,-0.04,-0.04,-0.367,-0.099,0.0,0.0,-0.059,1.41,-0.364,-0.364,-0.364,-0.364,-0.364,-0.783,-0.698,-0.698,0.355,0.286,-0.043,0.788,0.881,0.538,0.538,0.538,0.538,0.538,0.538,0.538,0.538,0.538,-0.028,-0.028,0.215,-0.071,-0.113,-0.113,0.125,0.125,0.622,0.093,0.093,0.12
-0.322,-0.322,-0.003,-0.318,-0.333,-0.333,-0.333,-0.333,-0.333,-0.333,0.584,0.044,0.448,0.448,-0.008,-0.008,-0.008,0.008,-0.352,-0.486,-0.144,0.022,-0.065,-0.065,-0.585,-0.585,-0.696,-0.696,1.92,0.247,0.247,0.484,0.338,0.338,0.554,0.74,-0.595,-0.608,-0.608,0.142,0.142,0.142,0.142,0.142,-0.7,-0.7,-1.03,-1.01,0.495,0.495,-0.064,0.63,-0.321,-0.659,-0.659,0.098,0.098,0.098,0.098,0.098,0.098,0.098,-0.034,-0.034,-0.006,-0.667,0.318,0.318,0.149,0.149,1.52,-0.217,-0.217,-0.197
-0.024,-0.024,-0.024,0.086,0.086,0.086,0.086,0.086,0.086,0.086,0.081,-0.018,-0.018,-0.018,0.096,0.096,0.096,-0.009,-0.009,0.098,0.098,0.098,-0.354,-0.354,-0.354,-0.354,0.201,0.201,0.199,-0.002,-0.001,0.002,0.002,0.002,-0.002,-0.002,-0.002,-0.002,-0.002,-0.014,-0.014,-0.014,-0.014,-0.014,-0.012,-0.012,0.09,0.09,0.078,0.073,0.095,0.141,-0.354,-0.006,-0.006,-0.006,-0.006,-0.006,-0.006,-0.006,-0.006,-0.006,0.092,0.092,0.071,0.091,-0.017,-0.017,0.033,0.033,0.033,0.033,0.033,0.033
-0.399,-0.399,0.731,-0.405,-0.405,-0.405,-0.405,-0.405,-0.405,-0.405,0.754,0.0,0.0,0.0,0.02,0.02,0.02,0.001,0.404,0.006,0.006,0.006,-0.393,-0.415,-0.415,-0.415,-0.803,-0.803,1.14,-0.39,-0.401,0.409,-0.394,-0.394,0.014,0.775,-0.399,-0.399,-0.399,-0.394,-0.015,-0.015,-0.393,-0.393,0.176,0.176,-0.399,-0.399,0.397,0.397,0.011,0.865,-0.382,-0.392,-0.392,-0.392,0.588,3.66,-0.382,-0.382,0.114,1.13,-0.389,-0.389,-0.033,0.009,-0.384,-0.384,0.298,0.298,0.298,0.298,0.298,-0.303
-0.02,-0.02,-0.002,0.001,0.001,0.001,0.001,0.001,0.001,0.001,0.001,0.003,0.003,0.003,0.002,0.002,0.0,-0.011,0.003,-0.002,-0.002,-0.002,-0.002,-0.002,-0.018,-0.018,-0.003,-0.003,-0.003,-0.013,-0.013,-0.008,-0.008,-0.008,-0.012,-0.012,0.002,0.002,-0.02,-0.007,-0.007,-0.007,-0.007,-0.007,-0.007,-0.007,0.001,0.001,-0.01,-0.01,-0.017,0.635,0.635,-0.769,-0.744,-0.744,-0.022,-0.022,-0.029,-0.029,0.629,0.629,0.0,0.0,-0.033,-0.007,-0.023,-0.023,0.065,0.065,0.065,0.065,0.065,0.065
-0.494,-0.494,-0.002,0.0,0.0,0.0,0.0,0.0,0.0,0.0,-0.005,-0.007,-0.007,-0.007,-0.001,-0.001,-0.001,0.0,-0.008,0.002,0.002,0.002,0.002,0.002,0.002,0.002,-0.528,-0.528,0.0,0.003,0.003,0.004,0.004,0.004,-0.51,0.55,-0.512,-0.512,-0.512,-0.009,-0.006,-0.006,-0.006,-0.006,0.003,0.003,-0.006,-0.006,-0.001,0.006,0.007,0.014,-0.511,0.009,0.009,0.009,0.009,0.009,0.009,0.009,0.009,0.009,0.005,0.005,0.005,-0.001,0.026,0.026,-0.028,-0.028,-0.028,-0.028,-0.028,-0.028
-0.019,-0.767,-0.014,0.008,0.008,0.008,0.008,0.008,0.008,0.008,-0.002,0.122,0.134,0.134,0.005,0.005,-0.731,-0.009,-0.001,0.689,0.697,-0.007,0.0,0.0,0.0,0.0,0.023,0.023,0.706,-0.006,-0.017,0.701,0.004,-0.741,0.012,0.773,-0.731,-0.744,-0.756,-0.004,-0.001,-0.001,-0.001,0.711,-0.022,-0.022,0.009,-0.737,0.722,-0.031,0.002,0.01,0.015,-0.776,-0.776,-0.776,0.658,0.658,0.658,0.658,0.006,1.28,-0.741,-0.741,-0.047,-0.004,-0.774,-0.774,-0.175,-0.175,-0.175,-0.175,-0.175,-0.169
0.034,-0.597,0.005,0.013,0.013,0.013,0.013,0.013,0.013,0.013,-0.003,-0.594,-0.594,-0.594,0.0,0.0,0.0,0.008,0.006,0.013,0.013,0.013,0.013,0.013,0.013,0.013,0.001,0.001,0.001,0.0,0.0,0.021,0.021,0.021,-0.005,0.007,0.019,0.019,0.015,0.005,0.005,0.005,0.005,0.005,-0.61,-0.61,-0.007,-0.007,-0.6,-0.604,-0.599,0.052,-0.589,-0.025,-0.025,-0.025,-0.025,-0.025,-0.025,-0.025,-0.025,-0.025,0.016,0.016,0.01,0.016,-0.595,-0.595,-0.116,-0.116,-0.116,-0.116,-0.116,-0.116
-0.485,-0.482,0.047,-0.52,-0.517,-0.517,-0.517,-0.517,-0.517,-0.517,0.481,0.0,0.0,0.0,-0.519,-0.519,-0.519,0.057,-0.535,0.043,0.002,0.004,0.0,0.014,0.014,0.014,2.25,2.4,-0.008,-0.006,0.023,1.82,0.01,0.014,0.029,0.02,-0.001,-0.001,0.015,-0.522,-0.5,-0.5,0.043,-0.007,0.015,0.015,0.002,0.0,0.011,-0.513,-0.504,-0.502,0.032,-0.494,-0.494,-0.494,3.66,3.66,-0.46,-0.46,0.075,0.527,0.057,0.057,-0.466,0.025,-0.498,-0.498,-0.033,-0.033,-0.033,-0.033,-0.033,-0.033
0.005,0.005,-0.042,-0.01,-0.01,-0.01,-0.01,-0.01,-0.01,-0.01,-0.012,-0.034,-0.015,-0.015,0.593,0.593,0.593,0.569,0.569,-0.019,-0.019,-0.021,-0.021,-0.023,-0.023,-0.023,0.668,0.668,0.668,0.596,0.671,-0.002,-0.002,-0.002,0.0,0.0,-0.63,-0.63,-0.63,-0.005,0.568,0.568,0.599,0.575,-0.614,-0.614,-0.594,-0.616,-0.01,0.005,0.01,0.638,-0.623,-0.006,-0.006,-0.006,-0.58,-0.58,-0.58,-0.03,1.65,-0.622,-0.018,-0.018,0.012,-0.004,0.033,0.033,0.114,0.114,0.114,0.114,0.114,0.114
0.019,0.019,-0.014,0.211,0.211,0.211,0.211,0.211,0.211,0.211,0.211,-0.019,-0.019,-0.019,0.219,0.219,0.219,-0.02,-0.02,-0.015,-0.015,-0.015,-0.015,-0.016,-0.016,-0.016,-0.006,-0.006,-0.022,0.021,0.021,0.003,0.002,0.012,0.0,0.0,0.0,0.0,0.0,-0.011,-0.011,-0.011,-0.011,-0.011,-0.011,-0.011,-0.015,-0.015,0.0,0.0,-0.447,0.789,-0.754,0.024,0.024,0.024,0.024,0.024,0.024,0.024,0.024,0.024,0.002,0.002,0.024,0.014,-0.425,-0.425,0.04,0.04,0.04,0.04,0.04,0.04
0.023,0.023,-0.647,0.02,0.02,0.02,0.005,0.005,0.005,0.005,0.005,-0.048,-0.048,-0.048,-0.039,-0.039,-0.039,0.025,-0.002,0.024,0.024,0.024,0.024,0.024,0.024,0.024,-0.775,-0.775,2.67,0.034,0.034,-0.015,-0.107,-0.107,-0.073,-0.073,-0.073,-0.073,-0.109,-0.004,-0.004,-0.004,-0.004,-0.004,-0.063,-0.063,0.306,0.306,-0.034,0.0,0.03,-0.681,-0.705,-0.645,-0.655,-0.655,3.66,3.66,-0.652,-0.652,0.151,0.151,0.01,0.01,0.107,0.901,0.024,0.024,-0.603,-0.549,0.521,0.521,0.521,0.521
0.338,0.338,0.459,-0.331,-0.346,-0.346,-0.346,-0.341,-0.375,-0.375,1.19,-0.383,-0.34,0.417,-0.506,-0.529,-0.529,0.415,0.428,0.012,0.012,3.66,0.109,0.109,0.062,0.062,-0.357,-0.357,1.26,-0.495,-0.505,1.1,-0.555,-0.553,-0.359,3.66,-0.404,-0.404,-0.527,0.617,-0.35,-0.35,-0.35,-0.357,-0.351,-0.351,-0.387,-0.387,-0.366,0.05,-0.503,0.021,-0.15,-0.357,-0.357,-0.357,-0.357,-0.357,-0.357,-0.357,-0.357,-0.356,-0.392,-0.392,0.517,0.047,-0.236,-0.236,-0.007,-0.007,-0.007,-0.007,-0.007,-0.014
-0.641,0.101,0.881,0.081,0.081,0.106,-0.925,-0.946,-0.946,-0.946,0.754,-0.957,0.069,0.902,-0.953,-0.946,-0.946,0.051,-0.947,-0.933,-0.035,0.016,-0.021,0.945,0.945,0.945,-0.019,-0.019,3.66,0.035,0.107,0.939,0.037,0.037,-0.907,0.062,-0.927,-0.927,-0.927,-0.008,-0.008,-0.008,-0.861,0.012,-0.001,-0.001,-0.947,-0.942,-0.936,0.092,-0.89,-0.873,0.092,-0.912,-0.903,-0.903,-0.903,-0.903,-0.903,-0.903,-0.903,0.016,0.074,0.03,0.056,0.983,0.086,0.08,-0.353,-0.353,-0.353,-0.353,-0.353,0.414
0.045,0.045,-0.006,-0.009,-0.009,-0.009,-0.009,-0.009,-0.009,-0.009,-0.009,-0.022,0.815,0.815,-0.005,-0.005,-0.01,0.014,-0.844,0.0,0.0,0.0,0.0,0.0,0.0,0.0,1.74,0.084,0.8,0.012,0.059,0.026,0.026,0.026,0.016,1.72,-0.821,-0.821,-0.835,0.005,0.005,0.005,0.005,0.005,0.005,0.005,-0.007,-0.007,0.005,0.011,0.026,0.057,-0.787,-0.826,-0.8,-0.8,0.817,0.817,0.817,0.817,0.817,0.817,0.014,0.014,0.037,0.024,0.073,-0.811,-0.01,-0.01,-0.01,-0.01,-0.01,-0.01
0.002,0.002,0.002,-0.01,-0.01,-0.01,-0.01,-0.01,-0.01,-0.01,-0.01,-0.02,-0.01,-0.01,-0.49,-0.49,0.424,-0.022,-0.022,-0.01,-0.01,-0.01,-0.01,-0.01,-0.01,-0.01,0.422,0.422,0.041,0.003,0.003,0.002,0.002,0.002,0.001,0.0,0.0,0.0,0.0,-0.008,-0.008,-0.008,-0.008,-0.008,-0.001,-0.001,-0.009,-0.009,0.002,0.002,0.013,0.024,-0.495,0.006,0.006,0.006,0.006,0.006,0.006,0.006,0.006,0.006,0.004,0.004,0.011,-0.003,0.028,0.028,0.014,0.014,0.014,0.014,0.014,0.014
-0.055,-0.024,-0.024,-0.408,-0.408,-0.408,-0.408,-0.408,-0.408,-0.408,1.81,-0.435,-0.435,-0.435,-0.465,-0.459,-0.459,0.857,1.18,0.789,0.789,-0.051,-0.058,-0.058,-0.058,-0.058,-1.15,3.66,0.942,0.0,-0.448,0.697,-0.454,-0.463,0.155,0.249,0.274,0.289,0.274,0.778,-0.062,-0.062,-0.062,1.51,-0.17,-0.17,0.695,0.695,-0.16,-0.452,-0.273,-0.505,-0.055,0.334,0.334,0.334,0.334,0.334,0.334,0.334,0.334,0.362,-0.023,-1.29,0.983,-0.396,-0.461,-0.461,0.022,0.022,0.027,0.027,0.027,0.027
0.012,0.012,0.012,0.0,0.0,0.0,0.0,0.0,0.0,0.0,0.0,-0.004,-0.004,-0.004,0.0,0.0,0.0,0.0,-0.004,-0.008,-0.008,0.002,0.002,0.002,0.002,0.002,0.015,0.015,0.015,-0.25,-0.001,0.0,0.0,0.0,0.002,0.005,-0.01,-0.312,-0.316,-0.003,-0.003,-0.003,-0.003,-0.003,-0.003,-0.003,-0.009,-0.009,0.001,0.001,0.003,0.325,-0.307,0.005,0.005,0.005,0.005,0.005,0.005,0.005,0.005,0.005,0.047,0.047,-0.285,0.001,-0.307,-0.307,-0.013,-0.013,-0.013,-0.013,-0.013,-0.013
-0.281,-0.281,-0.659,0.067,0.05,0.05,0.05,0.05,0.049,0.049,0.037,-0.083,-0.095,-0.095,0.229,0.229,0.229,0.048,0.32,-0.037,-0.037,-0.055,-0.056,-0.056,-0.056,-0.056,-0.635,-0.635,0.768,-0.571,-0.561,-0.127,-0.127,-0.127,-0.047,-0.047,-0.047,-0.649,-0.649,0.389,0.389,0.389,0.389,0.389,0.389,0.413,-0.169,-0.169,0.34,0.351,0.161,0.844,-0.569,0.021,0.038,0.038,0.038,0.038,0.056,0.056,0.056,0.896,0.129,0.129,-0.299,-0.313,-0.536,-0.536,0.0,0.0,0.0,0.0,0.0,0.0
-0.11,-0.11,-0.079,0.0,0.0,0.0,0.0,0.0,0.0,0.0,0.0,0.076,0.076,0.076,0.071,0.071,0.071,-0.116,-0.252,0.226,0.226,0.226,0.226,0.224,0.224,0.224,0.065,0.065,0.065,-0.202,-0.202,-0.091,-0.091,-0.091,0.052,2.44,-0.249,-0.249,-0.249,0.067,0.067,0.067,0.067,0.067,0.067,0.067,-0.093,-0.093,-0.17,-0.17,-0.09,0.335,-0.255,-0.266,-0.266,-0.266,0.334,0.334,0.334,0.334,0.334,0.334,-0.074,-0.074,-0.119,0.06,0.047,0.047,0.006,0.006,0.006,0.006,0.006,0.006
1.05,-0.606,-0.597,0.021,-0.584,-0.584,-0.584,-0.584,-0.584,-0.584,0.003,0.016,0.016,0.016,-0.604,0.0,0.0,-0.04,1.65,0.263,0.263,0.263,-0.256,-0.256,-0.256,-0.256,-0.589,-0.581,0.548,-0.271,-0.288,0.006,-0.583,-0.584,0.026,-0.008,-0.59,-0.59,-0.59,-0.007,-0.007,-0.007,-0.007,-0.007,-0.007,-0.007,0.009,0.009,0.024,1.51,-0.076,0.499,-0.553,-0.582,-0.582,-0.582,0.541,0.541,0.541,0.541,0.541,0.541,0.018,0.018,0.442,0.258,0.025,0.025,-0.05,-0.05,-0.05,-0.05,-0.05,-0.05
-0.048,-0.048,-0.048,0.028,0.028,0.028,0.028,0.028,0.028,0.028,0.028,-0.241,-0.241,-0.241,0.026,0.026,0.026,-0.249,-0.249,0.287,0.287,0.282,0.282,0.282,0.282,0.282,0.219,0.219,0.219,-0.047,-0.047,0.008,0.008,0.008,-0.053,-0.053,-0.053,-0.053,-0.053,0.019,0.019,0.019,0.019,0.019,0.0,0.0,-0.242,-0.242,0.013,0.013,0.201,0.245,-0.279,-0.264,-0.264,-0.264,-0.264,-0.264,-0.264,-0.264,-0.264,-0.264,0.218,0.218,0.16,-0.261,-0.277,-0.277,-0.025,-0.025,-0.025,-0.018,-0.018,-0.023
0.1,0.1,-0.22,0.236,0.236,0.236,0.236,0.236,0.236,0.236,0.37,-0.418,-0.418,-0.418,-0.435,-0.435,-0.417,-0.468,-0.423,0.227,0.227,0.189,0.223,0.223,0.223,0.223,1.82,1.82,1.06,-0.057,0.624,0.296,-1.2,-0.1,0.209,0.279,0.279,0.279,0.255,0.406,0.406,0.406,0.406,0.406,0.351,0.267,-0.372,-1.18,0.3,-0.42,-0.077,1.02,-0.456,-0.496,-0.496,-0.496,-0.466,-0.466,-0.466,-0.466,-0.466,0.068,-0.061,-0.061,0.975,0.366,-0.509,-0.509,0.0,0.0,0.0,0.0,0.0,0.0
-0.575,-0.575,-0.625,0.407,0.417,0.417,0.417,0.417,0.417,0.417,0.386,0.311,0.311,0.311,-0.614,0.927,-0.126,-0.064,-0.091,0.4,0.4,0.428,-0.607,0.466,-0.615,-0.615,1.42,1.42,1.41,-0.099,0.03,-0.104,-0.104,-0.104,-0.09,-0.09,-0.09,-0.09,-0.099,0.4,0.4,1.12,0.418,0.418,0.474,0.474,-0.062,-1.15,0.844,0.439,0.523,2.43,-0.072,0.0,0.0,-0.005,-0.005,-0.005,-0.005,-0.005,-0.005,-0.005,-0.09,-0.09,-0.493,-0.071,-0.568,-0.568,0.19,0.189,0.17,0.17,0.17,0.17
0.002,0.002,-0.003,0.005,0.005,0.005,0.005,0.005,0.005,0.005,0.005,-0.011,-0.011,-0.011,0.46,0.46,0.46,-0.002,-0.002,-0.003,-0.003,-0.003,-0.003,-0.003,-0.003,-0.003,0.001,0.001,-0.006,0.003,0.003,0.007,0.006,0.006,-0.001,-0.001,-0.001,-0.001,-0.001,0.0,0.0,0.0,0.0,0.0,0.0,0.0,-0.467,-0.467,0.008,0.008,-0.003,0.475,-0.478,-0.007,-0.007,-0.007,-0.007,-0.007,-0.007,-0.007,-0.007,-0.007,0.473,0.473,0.382,0.429,-0.473,-0.473,0.051,0.051,0.051,0.051,0.051,0.048
-0.489,-0.489,0.011,0.009,0.013,0.013,0.013,0.013,0.013,0.013,-0.547,1.36,1.38,1.38,-0.013,-0.013,-0.013,-0.084,-0.003,-0.546,-0.546,-0.015,-0.015,0.003,0.003,0.003,1.41,3.35,3.6,0.034,0.044,0.018,0.018,0.018,0.498,0.563,-0.534,-0.534,0.522,0.023,-0.004,-0.004,-0.004,-0.004,0.032,0.048,-0.004,-0.004,0.492,1.0,-0.497,1.04,-0.499,-0.484,-0.484,-0.423,0.562,0.562,0.562,0.562,0.562,0.562,0.0,0.0,0.085,0.521,0.582,-0.484,0.012,0.012,0.012,0.012,0.012,0.012
-0.499,-0.499,-0.107,-0.582,-0.582,-0.582,-0.582,-0.582,-0.582,-0.582,2.17,-0.187,-0.187,-0.187,0.037,0.037,0.037,0.06,0.048,0.185,0.185,0.188,0.188,0.188,0.188,0.188,-0.531,-0.531,0.076,0.208,0.208,-0.103,-0.103,-0.103,-0.034,-0.032,-0.023,-0.023,-0.023,0.055,0.055,0.055,0.055,0.055,0.055,0.055,0.05,0.05,0.637,-0.365,-0.28,0.963,-0.532,-0.538,-0.538,-0.538,-0.526,-0.526,-0.526,-0.526,0.102,0.102,-0.018,-0.018,-0.123,-0.457,0.079,0.043,0.063,0.014,0.014,0.014,0.014,-0.023
-0.592,0.006,-0.736,1.79,0.077,0.045,0.044,-0.747,-0.747,-0.747,0.047,-0.73,-0.73,-0.73,-0.741,-0.748,-0.748,0.72,-0.765,0.014,-0.761,0.065,0.079,0.013,0.701,0.701,0.035,0.035,0.15,0.029,0.592,0.116,-0.76,0.021,-0.749,0.046,-1.29,-0.654,-0.668,0.085,-0.742,-0.746,-0.743,0.248,0.795,-0.031,-0.768,-0.753,-0.75,-0.747,-0.586,-0.786,-0.72,-0.78,-0.78,-0.78,-0.78,-0.78,-0.78,-0.78,-0.78,0.216,0.147,0.147,-0.104,-0.158,0.017,0.008,-0.239,-0.239,-0.239,-0.239,-0.239,-0.239
-0.117,-0.117,-0.1,0.308,0.098,0.098,0.098,0.098,0.098,0.098,0.098,-0.094,0.022,0.022,-0.212,-0.046,-0.046,0.041,-0.242,0.036,0.036,0.036,0.045,0.045,0.045,0.045,0.103,0.103,0.314,0.164,0.072,0.064,0.064,0.064,0.356,-0.012,-0.012,-0.012,-0.156,0.255,-0.081,-0.081,-0.053,-0.053,-0.053,-0.053,-0.06,-0.06,-0.08,0.468,0.07,-0.042,-0.042,-0.02,-0.02,-0.02,-0.02,-0.02,-0.02,-0.02,-0.02,0.336,-0.064,-0.064,-0.072,-0.127,0.307,0.307,0.0,0.0,0.0,0.0,0.0,0.0
-0.387,-0.387,-0.387,-0.007,-0.007,0.0,0.0,0.0,0.0,0.0,-0.409,0.362,0.362,0.362,-0.423,-0.414,-0.413,-0.003,-0.008,-0.822,-0.822,0.927,1.41,2.32,2.32,2.32,1.35,1.35,0.362,-0.013,0.003,0.417,0.381,-0.829,0.38,3.66,-0.823,-0.823,-0.823,0.741,0.715,0.715,0.715,0.71,0.586,0.586,-0.022,-0.796,0.387,0.387,-0.808,1.08,-0.81,-0.417,-0.417,-0.417,-0.003,-0.003,0.379,0.379,0.379,0.379,0.005,0.005,-0.013,-0.393,1.75,-0.826,-0.101,-0.101,-0.101,-0.101,-0.101,0.368
-0.422,-0.422,0.418,0.203,0.203,0.203,0.203,-0.432,-0.432,-0.432,-0.006,0.0,-0.915,-0.915,-0.448,-0.448,0.412,-0.425,-0.29,0.096,0.096,0.096,0.096,0.096,0.096,0.096,3.66,3.66,1.57,0.015,0.02,-0.02,-0.426,-0.426,-0.446,1.91,-0.013,-0.013,0.019,0.405,0.405,0.405,0.405,0.405,0.403,0.403,-0.007,-0.007,0.399,-0.432,-0.087,0.727,-0.443,-0.43,-0.43,-0.43,0.798,0.798,0.798,1.6,1.6,1.6,-0.426,-0.426,-0.12,0.385,0.032,0.032,0.126,0.126,0.126,0.126,0.126,0.126
-0.383,-0.383,-0.377,0.034,0.018,0.018,0.018,0.018,0.018,0.018,0.018,-0.82,-0.82,-0.82,0.016,0.016,0.016,0.626,0.013,0.366,0.366,0.0,-0.424,-0.424,-0.424,-0.424,0.022,0.022,0.035,0.123,0.017,0.001,-0.365,-0.805,-0.381,0.01,-0.823,-0.823,-0.823,-0.004,-0.004,-0.004,-0.004,-0.004,0.008,0.008,-0.816,-0.816,-0.811,-0.827,-0.758,0.61,-0.817,-0.821,-0.821,0.028,0.028,0.028,0.028,0.028,0.028,0.028,0.371,0.371,-0.029,-0.026,-0.386,-0.822,-0.346,-0.356,-0.324,-0.324,-0.324,0.051
-0.093,-0.093,0.014,-0.021,-0.021,-0.021,-0.021,-0.021,-0.021,-0.021,0.052,0.05,0.05,0.05,0.038,0.038,0.038,-1.02,-0.963,0.01,0.01,0.009,0.023,0.01,0.01,0.01,0.025,0.025,0.025,-0.027,-0.027,-0.021,-0.019,-0.025,-0.981,-0.019,-0.98,-0.98,-1.01,-0.951,-0.966,-0.143,-0.998,1.02,0.989,0.898,-0.943,-0.943,-0.016,-0.016,0.915,-0.089,-0.037,-1.05,-1.05,-1.05,0.887,0.887,0.887,0.887,0.887,0.887,0.007,0.007,-0.134,-0.012,-1.04,-1.04,-0.172,-0.172,-0.172,-0.172,-0.172,-0.172
0.01,0.01,-0.001,-0.004,-0.004,-0.004,-0.004,-0.004,-0.004,-0.004,-0.004,0.0,0.0,0.0,0.008,0.008,0.003,-0.008,-0.01,-0.004,-0.004,-0.004,-0.004,-0.004,-0.004,-0.004,0.003,0.003,0.003,-0.041,-0.041,0.007,-0.936,0.02,0.018,0.02,-0.613,-0.613,-0.613,0.0,0.0,0.0,0.0,0.0,0.0,0.0,-0.609,-0.609,0.008,0.017,-0.016,0.631,-0.601,-0.622,-1.19,-0.611,0.009,0.009,0.009,0.009,0.009,0.009,0.427,0.427,0.004,0.01,-0.625,-0.625,-0.025,-0.025,-0.025,-0.025,-0.025,-0.02
-0.065,-0.034,-0.018,0.013,0.013,0.013,0.013,0.013,0.013,0.013,0.013,0.026,0.02,0.02,0.011,0.011,0.011,-0.012,-0.553,-0.034,-0.034,-0.004,-0.004,-0.004,-0.004,-0.004,0.0,0.0,-0.022,-0.009,-0.009,0.0,0.0,-0.004,-0.018,3.66,-0.557,-0.557,-0.557,0.004,-0.001,-0.001,-0.001,-0.001,-0.001,-0.001,0.021,0.021,0.001,-0.038,-0.011,-0.12,-0.576,-0.612,-0.583,-0.583,0.474,0.474,0.474,0.474,0.474,0.474,0.01,0.01,-0.058,-0.057,-0.048,-0.048,-0.001,-0.001,-0.001,-0.001,-0.001,-0.001
-0.434,-0.434,0.219,-0.448,0.007,-0.442,-0.442,-0.442,-0.442,-0.442,0.001,-0.214,-0.214,-0.214,-0.447,-0.447,-0.447,0.225,0.225,0.007,0.007,0.007,0.007,0.007,0.007,0.007,-0.674,-0.674,0.003,-0.191,-0.191,0.225,0.431,0.453,0.02,0.011,0.011,0.011,-0.439,0.007,0.007,0.007,0.007,0.007,0.007,0.007,-0.216,-0.669,-0.119,-0.119,-0.43,0.249,-0.423,-0.662,-0.662,-0.371,-0.371,-0.007,-0.007,-0.43,0.019,-0.437,-0.425,-0.425,-0.215,0.027,0.031,0.031,-0.1,-0.1,-0.1,-0.1,-0.1,-0.1
-0.364,-0.364,0.402,0.47,-0.4,-0.4,-0.393,-0.393,-0.393,-0.393,0.404,-0.389,-0.389,-0.389,-0.397,-0.397,-0.397,0.429,0.389,0.411,0.411,0.411,0.406,0.406,0.406,0.406,-0.398,1.63,0.381,1.19,-0.344,0.39,-0.978,-0.4,-0.394,0.417,0.417,0.417,0.417,1.49,-0.389,-0.389,-0.389,-0.389,-0.402,-0.402,-0.388,-0.388,-0.387,-0.387,-0.381,-0.326,-0.383,-0.354,-0.354,-0.354,-0.354,-0.354,-0.354,-0.354,-0.354,-0.354,-0.387,-0.387,-0.328,0.438,-0.371,-0.371,0.0,0.0,0.0,0.0,0.0,0.0
0.08,0.08,0.08,-0.001,-0.001,-0.001,-0.001,-0.001,-0.001,-0.001,-0.001,0.0,0.0,0.0,-0.002,-0.002,-0.002,-0.002,-0.002,0.001,0.001,0.001,-0.004,-0.007,-0.007,-0.007,-0.002,-0.002,-0.002,0.165,0.165,0.007,0.007,0.007,0.002,0.002,0.002,0.002,0.003,0.0,0.0,0.0,0.0,0.0,0.0,0.0,-0.004,-0.004,0.137,0.137,-0.006,0.134,-0.193,-0.018,-0.018,-0.018,-0.018,-0.018,-0.018,-0.018,-0.018,0.133,0.001,0.001,-0.008,-0.004,-0.015,-0.015,0.015,0.015,0.015,0.015,0.015,0.015
-0.083,-0.083,-0.083,0.093,-0.387,-0.387,-0.387,-0.387,-0.387,-0.387,0.236,0.145,0.145,0.145,-0.091,-0.091,-0.091,0.0,0.0,0.048,0.048,0.048,0.048,0.048,0.048,0.048,0.04,0.04,0.04,-0.157,-0.153,0.111,-0.473,-0.474,0.09,2.63,-0.481,-0.481,-0.481,0.058,0.058,0.058,0.058,0.058,0.097,0.097,-0.192,-0.192,0.115,-0.478,-0.102,0.328,-0.274,-0.473,-0.473,-0.473,0.164,0.164,0.164,0.164,1.46,0.892,-0.081,-0.081,-0.215,-0.042,-0.082,-0.082,-0.036,-0.036,-0.036,-0.036,-0.036,-0.036
-0.134,-0.21,0.361,-0.023,-0.023,-0.023,-0.023,-0.023,-0.023,-0.023,-0.011,-0.216,-0.216,-0.216,-0.354,-0.354,-0.354,0.391,0.01,-0.172,-0.172,-0.172,0.216,0.216,0.216,0.216,-0.397,-0.397,0.783,-0.226,-0.226,0.392,0.025,0.025,0.185,0.185,0.185,0.185,0.185,0.956,-0.004,-0.004,-0.004,-0.004,-0.004,-0.004,0.01,0.01,-0.175,-0.188,-0.196,0.096,0.096,-0.205,-0.205,-0.205,-0.204,-0.204,-0.204,-0.204,-0.204,-0.204,0.183,0.183,-0.145,-0.02,-0.205,-0.205,-0.184,-0.184,0.507,0.507,0.507,0.06
-0.012,-0.012,-0.012,0.003,0.003,0.003,0.003,0.003,0.003,0.003,-0.005,-0.006,-0.006,-0.006,0.003,0.003,0.003,-0.003,-0.003,-0.002,-0.002,0.005,-0.712,-0.712,-0.712,-0.712,0.692,0.692,0.001,0.0,0.0,0.003,0.003,0.012,0.01,0.73,-0.706,-0.706,-0.706,0.001,0.646,-0.036,0.627,1.89,0.012,0.012,0.001,0.001,0.004,0.001,-0.003,0.481,-0.705,-0.009,-0.009,-0.009,-0.009,-0.009,-0.009,-0.009,-0.009,-0.727,0.008,0.008,-0.018,0.004,0.002,0.002,-0.046,-0.046,-0.046,-0.046,-0.046,-0.042
0.483,0.0,-0.007,-0.268,-0.272,-0.272,-0.272,-0.272,-0.272,-0.272,0.702,0.105,0.105,0.105,-0.052,-0.052,-0.055,-0.268,-0.284,0.698,0.698,0.209,-0.268,0.357,0.357,0.357,-0.144,-0.144,0.235,-0.187,-0.187,0.182,0.175,0.182,0.238,0.236,0.15,0.15,0.15,-0.055,-0.004,-0.004,-0.004,-0.004,-0.014,-0.014,-0.246,-0.246,0.652,0.746,0.003,0.216,0.235,-0.252,-0.263,-0.263,-0.137,-0.137,-0.137,-0.137,-0.137,0.003,-0.046,-0.046,0.029,-0.069,-0.228,-0.228,0.079,0.079,0.079,0.079,0.079,-0.02
-0.056,-0.056,-0.081,0.005,0.005,0.005,0.005,0.005,0.005,0.005,0.005,-0.003,-0.01,-0.01,-0.013,-0.013,0.576,-0.642,-0.636,0.607,0.607,0.607,-0.011,0.008,0.008,0.008,1.58,1.58,2.04,-0.063,0.008,0.005,-0.64,-0.648,0.0,0.0,0.0,0.004,0.004,0.028,0.028,0.028,0.028,0.028,0.028,0.028,-0.659,-0.64,0.06,-0.562,-0.026,0.598,-0.658,-0.636,-0.636,-0.636,0.598,0.598,0.598,0.598,0.598,0.598,0.443,0.443,-0.578,0.902,-0.639,-0.639,0.041,0.041,0.041,0.041,0.041,0.041
0.066,0.066,0.125,-0.169,0.064,0.064,0.064,0.055,0.055,0.055,0.261,0.104,0.042,0.042,-0.128,-0.128,-0.128,-0.151,-0.151,0.216,0.216,0.21,-0.104,-0.104,-0.123,-0.123,-0.256,-0.256,0.259,-0.038,-0.015,-0.031,-0.138,-0.191,-0.293,-0.162,-0.162,-0.162,-0.352,0.356,0.022,0.022,0.022,0.022,0.022,0.022,-0.202,-0.243,0.059,0.047,-0.034,0.338,-0.098,-0.122,-0.122,-0.122,-0.168,-0.168,-0.168,-0.168,-0.168,-0.168,0.046,-0.032,0.119,0.0,-0.111,-0.097,0.0,0.0,0.0,0.0,0.0,0.0
0.115,0.115,0.123,0.401,0.269,0.269,-0.117,-0.117,-0.117,-0.117,0.213,-0.237,-0.237,-0.237,-0.245,-0.245,-0.245,0.328,-0.385,0.19,0.19,0.116,0.334,0.554,0.554,0.554,1.13,1.97,0.398,-0.255,-0.255,0.38,-0.036,-0.036,-0.259,0.189,0.077,0.077,-0.251,-0.015,-0.015,-0.015,-0.015,-0.059,1.75,-0.04,-0.251,-0.251,-0.062,-0.062,0.149,0.03,-0.055,-0.272,-0.272,-0.272,0.031,0.031,0.031,0.031,0.031,0.031,-0.092,-0.092,-0.099,0.416,0.133,0.133,0.006,0.006,0.006,0.006,0.006,0.006
0.025,0.025,0.025,0.002,0.002,0.002,0.002,0.002,0.002,0.002,0.002,-0.168,-0.168,-0.168,0.005,0.005,0.005,0.007,0.007,0.254,0.254,0.185,-0.198,-0.198,-0.198,-0.198,0.002,0.002,0.018,0.0,0.0,-0.014,-0.014,-0.014,-0.104,-0.104,0.001,0.001,0.001,0.048,0.048,0.048,0.048,0.048,-0.203,-0.203,0.003,0.003,0.003,0.003,-0.004,0.392,-0.207,-0.155,-0.155,-0.155,-0.155,-0.155,-0.155,-0.155,-0.155,-0.141,-0.089,-0.089,-0.001,0.057,-0.09,-0.09,-0.021,-0.021,-0.021,-0.021,-0.021,-0.021
-0.239,-0.239,0.179,0.004,0.004,0.004,0.004,0.004,0.004,0.004,0.004,-0.008,-0.008,-0.008,0.0,0.0,0.0,-0.051,-0.051,-0.005,-0.005,0.001,0.001,0.001,0.001,0.001,0.009,0.009,-0.004,-0.264,0.03,-0.029,-0.029,-0.029,0.009,0.009,0.009,0.009,0.009,0.0,0.0,0.0,0.0,0.0,0.019,0.019,-0.005,-0.005,0.009,0.009,0.017,-0.165,-0.165,-0.054,-0.054,-0.054,-0.054,-0.054,-0.054,-0.054,-0.054,-0.054,0.007,0.007,0.023,-0.272,-0.242,-0.242,-0.025,-0.025,-0.025,-0.025,-0.025,-0.025
0.058,0.058,0.058,0.0,0.0,0.0,0.0,0.0,0.0,0.0,0.0,0.036,0.052,0.052,0.005,0.005,0.005,-0.062,-0.062,0.113,0.113,0.109,0.109,0.109,0.109,0.109,0.412,0.412,0.016,-0.005,-0.005,-0.062,-0.058,-0.058,0.097,0.602,-0.061,-0.061,-0.061,0.128,0.128,0.128,0.128,0.313,-0.061,-0.061,-0.064,-0.064,-0.057,-0.057,-0.001,0.042,-0.077,0.031,0.031,0.031,0.031,0.031,0.031,0.031,0.031,0.031,-0.005,-0.005,-0.01,-0.002,-0.034,-0.034,0.008,0.008,0.008,0.008,0.008,0.008
0.967,0.347,0.318,1.37,1.04,1.04,0.299,-0.395,-0.395,-0.395,0.433,-0.069,-0.106,-0.106,-0.4,-0.398,-0.402,0.033,-0.048,-0.607,-0.297,-0.311,0.692,0.4,-0.366,-0.366,-0.419,-0.419,2.1,-0.279,-0.279,0.031,-0.053,0.118,-0.422,-0.385,-0.341,-0.346,0.402,-0.396,-0.396,-0.396,-0.396,-0.4,-0.137,-0.137,-0.33,-0.985,-0.393,-0.403,0.336,0.336,0.246,0.165,0.165,0.165,-0.077,-0.077,-0.077,-0.077,-0.077,1.17,-0.391,-0.391,-0.411,0.328,0.292,1.17,0.083,0.083,0.083,0.083,0.083,0.083
-0.539,-0.539,-0.575,0.011,0.011,0.011,0.011,0.011,0.011,0.011,-0.007,-0.005,0.002,0.002,0.0,0.0,0.0,0.006,-0.002,0.484,0.484,0.474,0.474,0.474,0.474,0.474,0.004,0.004,0.004,0.026,0.026,-0.557,-0.557,-0.557,0.729,0.018,-1.2,-1.17,-1.2,0.551,0.551,0.551,0.551,0.551,0.603,0.648,-0.567,-0.567,0.023,0.023,-0.548,1.67,-0.526,0.057,0.057,0.057,-0.527,-0.527,-0.527,-0.527,0.038,-0.541,-0.551,-0.551,-0.526,0.03,-0.528,-0.528,-0.076,-0.065,-0.065,-0.065,-0.065,-0.065
0.012,0.012,0.291,0.004,0.004,0.004,-0.034,-0.034,-0.034,-0.034,-0.034,-0.132,-0.132,-0.132,0.091,0.091,0.091,-0.027,0.113,0.362,0.026,0.09,0.005,-0.003,-0.003,-0.003,-0.16,-0.16,0.769,0.099,-0.001,0.246,-0.118,-0.118,-0.033,-0.033,-0.139,-0.139,-0.139,-0.131,-0.131,-0.131,-0.131,-0.131,-0.131,-0.131,-0.024,-0.024,0.003,0.003,0.037,-0.075,-0.075,-0.129,-0.129,-0.129,-0.129,-0.129,-0.129,-0.129,-0.129,-0.129,-0.09,-0.09,0.015,0.12,-0.007,-0.007,0.031,0.031,0.084,0.084,0.084,0.04
-0.023,-0.023,0.144,-0.011,0.0,0.0,0.0,0.0,0.0,0.0,-0.239,0.02,0.02,0.02,-0.242,-0.242,0.032,-0.103,-0.232,-0.001,-0.001,-0.162,-0.162,-0.162,-0.162,-0.162,1.14,1.14,1.54,-0.254,-0.105,0.0,0.019,0.019,-0.065,3.42,-0.248,-0.248,-0.248,0.237,0.237,0.237,0.237,0.237,0.237,0.237,-0.307,-0.307,0.043,0.043,-0.061,0.264,-0.078,-0.116,-0.116,-0.116,-0.257,-0.257,-0.257,0.38,0.38,0.377,0.214,0.214,0.044,-0.015,0.198,0.208,0.05,0.05,0.05,0.05,0.05,0.05
-0.003,-0.003,-0.003,0.0,0.0,0.0,0.0,0.0,0.0,0.0,0.0,0.002,0.002,0.002,0.0,0.0,0.0,-0.035,-0.035,0.001,0.001,0.001,0.001,0.001,0.001,0.001,0.011,0.011,0.011,0.001,-0.013,0.0,0.0,0.0,-0.009,-0.003,-0.003,-0.003,-0.003,-0.42,-0.002,-0.002,-0.002,-0.002,-0.002,-0.002,-0.043,-0.043,0.007,0.007,-0.008,0.0,0.0,-0.006,-0.006,-0.006,-0.01,-0.01,-0.01,-0.01,-0.01,-0.01,0.007,0.007,-0.018,0.004,0.001,0.001,0.031,0.031,0.022,0.022,0.022,0.02
0.006,0.006,-0.005,-0.014,-0.018,-0.018,-0.018,-0.018,-0.018,-0.018,-0.018,-0.004,-0.004,-0.004,0.014,0.014,0.008,-0.007,-0.01,0.434,0.434,0.434,0.431,0.431,0.431,0.431,-0.016,-0.016,-0.016,-0.011,-0.011,-0.011,-0.011,-0.011,0.003,0.003,0.004,0.004,0.004,0.0,0.0,0.0,0.0,0.0,0.0,0.0,-0.003,-0.003,0.019,0.002,0.008,0.486,-0.478,0.001,0.001,0.001,0.001,0.001,0.001,0.001,0.001,0.001,0.012,0.012,-0.009,0.006,-0.008,-0.008,0.045,0.045,0.045,0.045,0.045,0.045
0.009,0.009,-0.003,-0.007,0.288,0.288,0.045,0.045,0.045,0.045,0.491,-0.003,-0.003,-0.003,-0.028,-0.028,-0.028,0.004,-0.101,0.339,0.334,0.655,-0.266,-0.263,-0.263,-0.263,-0.052,-0.052,0.263,-0.185,-0.185,-0.002,-0.11,0.002,0.005,-0.004,-0.147,-0.183,-0.183,0.015,0.015,0.015,0.015,0.015,0.056,0.001,-0.006,-0.006,-0.001,0.015,0.0,0.0,0.003,-0.073,-0.073,-0.073,-0.073,-0.073,-0.073,-0.073,-0.073,0.512,0.006,0.006,0.057,-0.012,-0.001,-0.001,0.037,0.024,0.033,0.033,0.033,0.033
0.014,-0.001,-0.001,0.003,0.003,0.003,0.003,0.003,0.003,0.003,0.003,0.0,0.0,0.0,-0.002,-0.002,-0.002,0.001,-0.349,0.0,0.0,0.0,0.0,0.0,0.0,0.0,0.001,0.001,0.001,0.009,0.009,0.01,0.01,0.01,0.005,0.005,0.005,0.005,0.005,-0.008,-0.009,-0.009,-0.009,-0.009,-0.009,0.023,0.002,0.002,0.003,0.003,0.012,0.356,-0.555,0.005,0.005,0.005,0.005,0.005,0.005,0.005,0.005,0.005,-0.513,-0.513,-0.01,-0.173,-0.524,-0.524,-0.019,-0.019,-0.019,-0.019,-0.019,-0.019
-0.523,-0.52,-0.006,0.026,0.026,-0.508,-0.508,-0.508,-0.508,-0.508,0.072,-0.067,0.51,0.51,0.011,0.011,-0.515,0.011,0.034,0.582,0.582,-0.011,-0.011,-0.011,-0.011,-0.011,0.086,0.086,0.086,0.0,0.0,0.474,-0.004,-0.004,0.256,0.29,-0.507,-0.507,-0.507,0.023,0.033,0.033,0.033,0.033,-0.517,-0.517,-0.508,-0.508,-0.192,0.266,-0.501,0.011,-0.503,-0.51,-0.51,-0.51,0.016,0.016,0.016,0.016,0.016,0.494,0.507,0.507,-0.018,-0.521,0.037,0.037,-0.039,-0.039,-0.039,-0.039,-0.039,-0.039
