0.763530287,0.037147551,0.334997242,0.098569971,0.025122097,0.428190235,0.474477064,0.022021418,0.012477293,0.629501849,0.017658054,0.04532391,0.036947317,0.062156616,0.043344722,0.043288665,0.022849872,0.064444322,0.480308876,0.115925581,0.249962846,0.02426363,0.028737958,0.047828356,0.260815281,0.04040952,0.073662502,0.072514048,0.074833578,0.053688663,0.018425065,0.070711104,0.457041773,0.027989913,0.033130381,0.921248095,0.045306679,0.029170548,0.046494868,0.039504148,0.060446188,0.034904878,0.061880894,0.105027123,0.026531931,0.919671586,0.905027174,0.028578178,0.863280038,0.046079402,0.041489213,0.048811398,0.040245846,0.07029542,0.881702394,0.496559979,0.346246616,0.037244007,0.023610234,0.045531055,0.156773911,0.766242545,0.043343124,0.901752079
0.705050881,0.034852586,0.269756866,0.078823151,0.020660743,0.05837063,0.451852851,0.021913642,0.011534752,0.72331232,0.01773357,0.080776593,0.031744137,0.067757438,0.031540647,0.06985955,0.015003883,0.071251822,0.141892314,0.215610901,0.061487299,0.02441929,0.03024286,0.048097304,0.299150342,0.029932367,0.064367303,0.070278285,0.100154468,0.06615189,0.022779854,0.069284652,0.03629319,0.026211715,0.038509482,0.918403538,0.043462738,0.029471231,0.052960652,0.034224169,0.067966911,0.040787358,0.042465368,0.135331227,0.022428952,0.928218016,0.892490369,0.023937155,0.833897686,0.083344296,0.037982306,0.041108397,0.053879587,0.077213478,0.659545577,0.059029464,0.391447312,0.062009481,0.027813273,0.051274984,0.262570711,0.859994313,0.059263935,0.932677246
0.727444708,0.06999026,0.441991829,0.159421496,0.026517898,0.652467657,0.610153382,0.034907441,0.012417367,0.764567831,0.019785517,0.086750085,0.034887667,0.074623421,0.032279228,0.06330584,0.021602603,0.080863989,0.505829864,0.247322666,0.5554797,0.031538527,0.038180335,0.032009147,0.574769279,0.033460173,0.053122795,0.08522959,0.058875623,0.067561942,0.018321875,0.06746461,0.210939882,0.033181516,0.043074571,0.908036983,0.140722633,0.063483757,0.056274568,0.525678115,0.066503844,0.048393087,0.056388527,0.136235454,0.029394473,0.94948541,0.89984628,0.031583106,0.728965326,0.104222169,0.070898282,0.045855169,0.068735376,0.400375376,0.760234454,0.265231611,0.466167757,0.053632811,0.041360737,0.045636477,0.435717039,0.843517371,0.233268141,0.905151841
0.661414477,0.058943222,0.318709425,0.097924598,0.037140534,0.062089185,0.371269644,0.035586911,0.014275242,0.811559565,0.01769999,0.098057615,0.063560852,0.108491077,0.042548805,0.062700384,0.01446067,0.08186726,0.141046133,0.144990148,0.060178055,0.023703093,0.04392336,0.057670916,0.185054565,0.055032345,0.069096072,0.097273729,0.074877347,0.052723647,0.016910377,0.070884838,0.044375841,0.036486956,0.037252288,0.930748756,0.099425905,0.039550333,0.064862804,0.040563637,0.096630738,0.100525543,0.048999874,0.197838569,0.036474403,0.909112012,0.796874308,0.024357309,0.606659323,0.142811723,0.146724698,0.052281698,0.060765083,0.140887106,0.711911453,0.073914803,0.603862684,0.057783977,0.06288261,0.051879861,0.342516314,0.878141758,0.159034632,0.934895918
0.610818523,0.106528792,0.590574043,0.095369999,0.021580218,0.711471341,0.525773792,0.039188292,0.012958406,0.752678281,0.018316336,0.111331725,0.028499005,0.058437983,0.03888354,0.049887395,0.015986791,0.059079524,0.135865779,0.111539235,0.030045262,0.028653772,0.030338662,0.03361195,0.260222116,0.040150688,0.043877701,0.062916354,0.072550797,0.042574994,0.019737655,0.050678319,0.036276161,0.031178489,0.071969179,0.928933496,0.037331004,0.041201444,0.044108036,0.034338161,0.077703453,0.030556328,0.062508967,0.104235394,0.025076615,0.944897847,0.863538178,0.031396657,0.794980006,0.146966036,0.092278754,0.056908431,0.045892142,0.135466345,0.611027133,0.119804541,0.526176128,0.043415871,0.030303814,0.030803752,0.371417609,0.875645892,0.104626921,0.931572003
0.777957378,0.044979405,0.418643147,0.10487126,0.025503655,0.43635737,0.379517225,0.033386514,0.016890553,0.680504754,0.01712227,0.071251888,0.030725781,0.081606066,0.041253541,0.114829849,0.018780384,0.085140238,0.215336873,0.15028741,0.059097374,0.024588093,0.037301783,0.046781437,0.178029139,0.044028212,0.066534141,0.083900769,0.08206664,0.069960535,0.01423947,0.095919309,0.035352678,0.030280542,0.049866537,0.932590156,0.047151817,0.038005719,0.057077223,0.044105192,0.093410589,0.059361651,0.041028979,0.184703943,0.041746711,0.951544625,0.911022289,0.023427152,0.766018163,0.081099881,0.078167239,0.052811982,0.070486468,0.092119694,0.59360958,0.099283113,0.444743703,0.065307321,0.02913535,0.040786175,0.295495369,0.853742656,0.08305724,0.931627402
0.62384635,0.055292972,0.31497088,0.108274097,0.026160903,0.073834081,0.257817409,0.030125215,0.012853496,0.882426663,0.020323423,0.20357405,0.04497793,0.092340036,0.056987084,0.170723678,0.014915441,0.141638442,0.312981845,0.112185298,0.093570652,0.027058262,0.036109318,0.068399148,0.211707865,0.064268596,0.062994331,0.082399539,0.160339293,0.053410388,0.014225646,0.080554724,0.042819377,0.027972365,0.036654296,0.930325489,0.070976057,0.035108117,0.044693935,0.048437927,0.284910546,0.053326525,0.06342851,0.241485586,0.034312054,0.840380284,0.852785839,0.019947441,0.085334803,0.132067634,0.088624225,0.058258346,0.182473979,0.16484001,0.616056549,0.091046855,0.613156564,0.071448499,0.048504988,0.041631238,0.619026374,0.855276468,0.182238931,0.94669378
0.38375408,0.044464302,0.457907173,0.071570404,0.01901728,0.025439646,0.733332241,0.027794923,0.01471254,0.594158995,0.013643696,0.048752347,0.058142402,0.0605161,0.040981836,0.04024145,0.023977388,0.080405216,0.178318729,0.142685131,0.03484988,0.016508949,0.034876868,0.036723779,0.104752987,0.031391886,0.044944035,0.051063254,0.031227402,0.041365103,0.01325657,0.050869435,0.019449299,0.141393265,0.030566978,0.928957421,0.039421286,0.031460063,0.044310225,0.026113307,0.014819886,0.044088245,0.031804758,0.144247268,0.032231773,0.833975074,0.947925691,0.022334624,0.066474386,0.061551587,0.040298578,0.045476515,0.067696359,0.023175059,0.544682115,0.043526969,0.195562553,0.043410045,0.024677347,0.039775759,0.0855705,0.783106155,0.062776085,0.922339213
0.624567261,0.046930134,0.363945253,0.081965056,0.02273371,0.289306533,0.359246954,0.028521031,0.016816161,0.882789887,0.018738291,0.035477479,0.056060508,0.078266565,0.040286126,0.042799901,0.025327826,0.103758703,0.293919397,0.167769659,0.050616926,0.021622931,0.038268558,0.044352846,0.258114809,0.032907076,0.049535888,0.072012525,0.031283771,0.063063097,0.011327981,0.064033454,0.411862899,0.105247094,0.028727827,0.937616409,0.045282105,0.029169529,0.051538897,0.033567906,0.011375645,0.054462794,0.036613459,0.102181583,0.03457215,0.87144698,0.887419762,0.031140859,0.148528652,0.048425832,0.036177811,0.050361712,0.064167137,0.031343388,0.78663161,0.586011001,0.490367821,0.035403211,0.030763945,0.039462661,0.133812006,0.855621271,0.063155118,0.902310511
0.828005403,0.049975939,0.523763877,0.084044739,0.0234211,0.575906623,0.56479934,0.031688056,0.016149917,0.726212914,0.018983117,0.050201335,0.050280695,0.088059044,0.039085286,0.030660617,0.026441826,0.114816571,0.232159541,0.173442942,0.047517146,0.020880603,0.04478373,0.039317628,0.488751687,0.027562707,0.06529399,0.055048955,0.03494106,0.086683559,0.008532951,0.046351598,0.58091467,0.177298101,0.027706487,0.886839793,0.048281889,0.024962242,0.05020688,0.032745744,0.014175605,0.045407756,0.050761236,0.193918567,0.033752844,0.949880442,0.937455835,0.022653484,0.710921897,0.049931667,0.038686752,0.059146823,0.062620654,0.16030882,0.587139785,0.566360869,0.172416975,0.03875656,0.020634757,0.041203187,0.093995539,0.816441495,0.104688393,0.891352042
0.840471432,0.047975053,0.449437188,0.080508456,0.029432952,0.520751848,0.68687002,0.025054555,0.016058614,0.921804938,0.017953978,0.037246463,0.066867269,0.077812072,0.03766104,0.017853532,0.034834328,0.052872302,0.402366761,0.142354502,0.038740157,0.019177494,0.032791618,0.023023663,0.493942917,0.029407762,0.062542829,0.065178409,0.028292444,0.04418123,0.011471374,0.070837823,0.507971544,0.110063666,0.033399962,0.911783591,0.045181336,0.02603382,0.048991024,0.032283689,0.030009321,0.0545145,0.052862934,0.123703425,0.029483925,0.926052736,0.946295841,0.022928987,0.790535827,0.057164229,0.031816924,0.039232493,0.064163624,0.034690165,0.861190046,0.472635109,0.162503879,0.057851222,0.026320378,0.02981095,0.109098513,0.807429242,0.046621871,0.90674525
0.705120118,0.03922632,0.420447641,0.087655363,0.018968442,0.663857173,0.511370951,0.028703279,0.015876121,0.864148962,0.018869629,0.035470245,0.05852795,0.073932095,0.039593232,0.041438574,0.019841561,0.091175426,0.668340782,0.143852922,0.048607515,0.022037103,0.036427484,0.054422599,0.397452844,0.033226542,0.056535406,0.062207035,0.026873686,0.047493744,0.027198579,0.062631548,0.023632383,0.117288159,0.029257422,0.925404746,0.046496677,0.024559811,0.05381383,0.028386977,0.02275914,0.046481774,0.045317485,0.159476223,0.035482117,0.949492133,0.861859641,0.028419904,0.585865288,0.053015665,0.031731846,0.05303274,0.063900461,0.063281674,0.82298989,0.051141067,0.283795408,0.040646149,0.02772798,0.043252573,0.230607742,0.731730556,0.056992511,0.915181901
0.775907864,0.049008143,0.479905023,0.079175952,0.022718711,0.05439184,0.66212014,0.027976894,0.014473016,0.690286706,0.019155873,0.02976618,0.064206252,0.090257392,0.041841605,0.014921506,0.021893995,0.050428122,0.612957976,0.153365817,0.044035685,0.018092475,0.034832716,0.023809464,0.384392881,0.032165942,0.114553821,0.068051684,0.024410933,0.050403374,0.025620556,0.076419825,0.021448859,0.079274201,0.026054793,0.902749465,0.043895544,0.018563822,0.049079917,0.357734164,0.012872274,0.039734843,0.040359858,0.059407372,0.032393975,0.91589772,0.904605165,0.019998736,0.680145871,0.22528637,0.03929852,0.05304965,0.064462646,0.038527344,0.824646456,0.046388627,0.434440076,0.058940197,0.030609678,0.031993856,0.350451211,0.703882617,0.061035571,0.855857628
0.788806266,0.048576288,0.564125245,0.064841845,0.023981502,0.796193051,0.73523845,0.025231132,0.015127268,0.858727987,0.025429848,0.03148095,0.084810095,0.110764706,0.046267173,0.018465025,0.028938802,0.046502971,0.934884448,0.177786994,0.041841333,0.027014511,0.07726795,0.037705537,0.585385229,0.076021378,0.0625066,0.058055844,0.030961762,0.058558883,0.020841379,0.065087439,0.590524113,0.10993724,0.046465833,0.916089216,0.104025402,0.03685021,0.052451918,0.708576198,0.009160271,0.040681235,0.036915974,0.063480975,0.031662518,0.943067693,0.906995418,0.027168989,0.712701294,0.058909438,0.04023698,0.051916815,0.066415884,0.374700207,0.830472268,0.625925148,0.427767607,0.11954754,0.031233682,0.039681524,0.117914039,0.778975801,0.069021642,0.906820588
0.544567605,0.046486578,0.309006424,0.082645461,0.020736526,0.640972283,0.52824013,0.024976076,0.014932271,0.749904625,0.018541661,0.060162953,0.095803318,0.075364225,0.038963628,0.016461088,0.027868508,0.076687039,0.81834278,0.177534152,0.334193984,0.025611789,0.035723901,0.053380741,0.511498561,0.330637657,0.049240636,0.061769898,0.029086933,0.060352341,0.016692952,0.075178162,0.552814475,0.159383696,0.038973168,0.907967749,0.045758361,0.026604701,0.050155035,0.136758153,0.008051219,0.038026453,0.030923556,0.145143251,0.030655566,0.918877882,0.604174147,0.026797772,0.199744816,0.072738461,0.048475964,0.048290175,0.064853006,0.30691639,0.694245079,0.565052864,0.51057132,0.110479703,0.033552057,0.044955488,0.554427112,0.821233547,0.197964001,0.918122857
0.411547758,0.048123712,0.43324561,0.069501077,0.021224277,0.044220079,0.655569685,0.026863532,0.015544746,0.832064265,0.018888948,0.047403987,0.081183468,0.074437569,0.048204016,0.111643005,0.033603803,0.172553502,0.286551064,0.141624453,0.039422178,0.020173614,0.034156739,0.050209975,0.119046188,0.03387288,0.056604357,0.058404888,0.031155475,0.059942633,0.030155106,0.073369186,0.019395598,0.063391697,0.049791535,0.919021497,0.044738677,0.02861629,0.058028957,0.035636763,0.011941447,0.043652584,0.040658878,0.278421729,0.032417158,0.907293892,0.903384237,0.028547329,0.074146259,0.049768478,0.041181608,0.056238504,0.066327935,0.046656036,0.620414437,0.032093634,0.369831538,0.063519064,0.038156623,0.041191467,0.238701012,0.825448907,0.074482689,0.926830372
0.870295544,0.046565075,0.506953885,0.073152907,0.025900254,0.033618457,0.478404,0.030451557,0.015133674,0.750307223,0.01411729,0.028479799,0.052405585,0.066858879,0.029352002,0.018840338,0.024429171,0.096479629,0.246328344,0.145217202,0.03596786,0.019275362,0.034323692,0.043341539,0.166274343,0.021846684,0.044091185,0.05170195,0.028619473,0.042821707,0.014911603,0.048396734,0.020712685,0.067681794,0.023112678,0.918435057,0.031663086,0.025823096,0.053170747,0.020288072,0.010135921,0.04197488,0.038711212,0.136834125,0.031445236,0.930247018,0.926984456,0.02254911,0.562141717,0.037931764,0.038258999,0.04987648,0.069049059,0.087631885,0.801770383,0.046683101,0.399713423,0.065315215,0.020763576,0.030925753,0.155869824,0.824258227,0.056565128,0.912691133
0.844871391,0.049843066,0.573230428,0.068071295,0.026554854,0.259977157,0.632411956,0.030107704,0.0143235,0.918538865,0.018546013,0.040063527,0.058200088,0.064057076,0.040111856,0.02638961,0.023205855,0.127968922,0.129971152,0.129726061,0.038766042,0.025768038,0.030909373,0.038822003,0.153045833,0.03108686,0.058196542,0.064042775,0.038723238,0.096413324,0.019769292,0.062887863,0.370561858,0.021207081,0.056113597,0.915835813,0.04574831,0.036694175,0.042079464,0.039412425,0.01161982,0.050129657,0.066714798,0.09669688,0.034647924,0.933288758,0.92635588,0.035177326,0.631175779,0.044231545,0.034240985,0.056434588,0.059223881,0.047527871,0.843405176,0.307995458,0.283767125,0.055347702,0.033930296,0.03771925,0.083054658,0.836542318,0.071380864,0.928333082
0.193766845,0.044725842,0.7219144,0.090601774,0.021595491,0.261241613,0.707178684,0.030453818,0.016961351,0.856122496,0.015409269,0.04244672,0.065899078,0.063368749,0.048123759,0.031711009,0.025746965,0.145755209,0.644782416,0.136555853,0.045336772,0.024176394,0.038821875,0.03089688,0.304710643,0.273539608,0.048132078,0.071253926,0.02911213,0.066620106,0.014921506,0.062575506,0.326390409,0.042639533,0.042273468,0.917641631,0.036542074,0.032486007,0.050905843,0.025535799,0.008644249,0.046325543,0.046736653,0.124993031,0.032776971,0.91904923,0.638612496,0.031573348,0.731313492,0.059471793,0.029602916,0.055082541,0.060276369,0.027876571,0.419418649,0.509431396,0.464170534,0.039693158,0.028855513,0.036354497,0.08145092,0.857416933,0.045783006,0.921273672
0.826679623,0.038712337,0.475673983,0.077976995,0.026708957,0.82188867,0.698992319,0.02647407,0.014327697,0.785028783,0.01321351,0.045143798,0.086297496,0.067025772,0.03952392,0.014543616,0.02235348,0.146137441,0.255218532,0.124738336,0.035926449,0.033024175,0.027013989,0.030563639,0.393005566,0.026592499,0.061069981,0.06985046,0.027673648,0.071959456,0.018577936,0.041131381,0.018765002,0.041049612,0.068272702,0.908492897,0.048302112,0.067852049,0.050903064,0.027853822,0.036405802,0.046186478,0.086013881,0.238693153,0.025097748,0.816039493,0.936054742,0.028778482,0.791432998,0.05325268,0.030548396,0.039983558,0.04967619,0.044774834,0.871531073,0.036121894,0.214384564,0.062831442,0.03697927,0.031722778,0.184375064,0.756794835,0.354143201,0.909124028
0.456030987,0.034496474,0.251598317,0.071454722,0.01742107,0.375383372,0.455284369,0.023194486,0.012657668,0.746594311,0.014997637,0.077596925,0.035134374,0.065690602,0.024285764,0.05111012,0.019072993,0.047745516,0.227771682,0.23228089,0.024334002,0.019575224,0.032710474,0.03650065,0.227006795,0.116739516,0.040081641,0.062459611,0.052295958,0.051503339,0.015282272,0.051884303,0.289235853,0.017529197,0.042777543,0.844241107,0.041214567,0.046428735,0.044479918,0.037531467,0.062041806,0.035456117,0.034790708,0.154193482,0.022891762,0.944337583,0.91126309,0.020524439,0.236798422,0.124710158,0.07047282,0.034928268,0.0582562,0.126884436,0.680683974,0.335138669,0.376505499,0.04672215,0.017885075,0.030453199,0.313745246,0.87068556,0.058246003,0.913126666
0.786992542,0.053006125,0.597090941,0.173498336,0.027657686,0.535388451,0.469483305,0.031282771,0.015302255,0.43329474,0.017609954,0.067632179,0.035062371,0.080687412,0.041751828,0.054913684,0.025724372,0.073511782,0.220685114,0.142587433,0.053132576,0.028224263,0.047070946,0.038044091,0.14371245,0.055595841,0.070844472,0.091680456,0.087451234,0.058306293,0.013637683,0.07394291,0.569652415,0.02347011,0.04399361,0.938701378,0.046184573,0.034371888,0.04252386,0.048696218,0.088447899,0.048422194,0.063231892,0.173011566,0.046662388,0.926975445,0.918289906,0.023613598,0.80766999,0.077817523,0.035760714,0.042662511,0.068818894,0.103878815,0.867202223,0.606632801,0.524505588,0.073216366,0.034540057,0.045110914,0.234570899,0.814712851,0.078601923,0.914897168
0.671205597,0.041145936,0.423511695,0.073645858,0.018612957,0.492715611,0.293619926,0.025593199,0.012789683,0.601251927,0.013014272,0.032726406,0.027294726,0.062173209,0.033552049,0.051962404,0.023195597,0.030474745,0.103846917,0.122586591,0.029176912,0.014655236,0.024565078,0.035706384,0.088445545,0.035027314,0.044515144,0.053688869,0.043231522,0.051409705,0.00973829,0.052925541,0.492802955,0.01781168,0.026101316,0.914726602,0.042076562,0.033177808,0.029431496,0.02630555,0.074912371,0.047274508,0.039510736,0.084229135,0.026294313,0.927075665,0.907970785,0.01900341,0.410309737,0.040795417,0.044407221,0.0421915,0.057600414,0.060532005,0.858560343,0.516476704,0.205552097,0.053542749,0.020342609,0.027582482,0.142892243,0.839077569,0.052641032,0.901883076
0.591145815,0.040985026,0.381786097,0.077043688,0.025726983,0.023589184,0.544775995,0.028095163,0.015049338,0.71389092,0.017976014,0.027998146,0.084113091,0.09339939,0.045441367,0.021641797,0.042748338,0.086321614,0.142155924,0.135136601,0.029974075,0.017428394,0.03289713,0.039042575,0.080641412,0.02957459,0.063531981,0.056372891,0.034689049,0.07817305,0.012890911,0.057584568,0.020263583,0.043605098,0.025909215,0.92176861,0.044158183,0.036661829,0.048090674,0.03924425,0.011217614,0.054832907,0.107933722,0.058036524,0.031941896,0.884744498,0.916621781,0.0275991,0.217858999,0.053457285,0.043105353,0.047508676,0.061498901,0.029551261,0.43245116,0.037418269,0.298711582,0.072643933,0.025902544,0.040994852,0.106719765,0.802142646,0.0402,0.901804745
0.757906592,0.050465385,0.518051934,0.073203999,0.030160658,0.358743656,0.527294182,0.026880847,0.015123801,0.905530842,0.021865005,0.032178589,0.091169416,0.065790903,0.035551444,0.022153015,0.031222625,0.161040774,0.189089089,0.150971364,0.042203567,0.028734155,0.039917415,0.043266642,0.117615053,0.036730754,0.058340855,0.068349243,0.026369965,0.063270702,0.014813913,0.041238185,0.644674906,0.065973756,0.036726865,0.933519099,0.051711344,0.028503743,0.04894604,0.036641128,0.01654705,0.05207457,0.093672358,0.135632572,0.032767243,0.659975691,0.791359477,0.029493874,0.495041197,0.070488608,0.049447861,0.041808182,0.048601035,0.059369956,0.701540301,0.576949612,0.483489764,0.048389719,0.034879753,0.040296804,0.443140289,0.837774162,0.054909817,0.926452575
0.571841036,0.042857404,0.478732359,0.072729488,0.031782988,0.570396267,0.615747748,0.025935756,0.013633374,0.724774654,0.019462317,0.045750493,0.052627752,0.06890348,0.044447807,0.014617433,0.028004018,0.091311271,0.15465303,0.127196147,0.038238985,0.018109173,0.032784059,0.041130627,0.077911472,0.030330673,0.066047863,0.059916479,0.031540078,0.067007404,0.009601718,0.068279001,0.611853964,0.052881136,0.036947411,0.921556749,0.058862696,0.036835288,0.050336941,0.033596514,0.036976615,0.050303565,0.102149973,0.089858819,0.035590155,0.92662496,0.942518716,0.023294373,0.581800246,0.050322279,0.034382693,0.04195117,0.065813634,0.03533233,0.615788553,0.551315994,0.348110782,0.077995815,0.035472385,0.038062256,0.22410241,0.888983759,0.066895547,0.898646068
0.420469452,0.047278497,0.366168634,0.084475619,0.022647788,0.447918781,0.401893343,0.031065686,0.014656099,0.846179416,0.019916378,0.032511596,0.063128664,0.082001922,0.044123169,0.016456334,0.028643952,0.09218667,0.25839568,0.136910741,0.046147734,0.018479803,0.035895814,0.040419878,0.216679245,0.028517951,0.071972892,0.061403353,0.035525477,0.066684342,0.009987769,0.055725181,0.020598858,0.053258302,0.028993903,0.921387139,0.049573912,0.036041845,0.046312561,0.052713938,0.014797684,0.05014359,0.051149817,0.085857243,0.03389729,0.936451189,0.912324774,0.030364512,0.683844223,0.054310554,0.041208457,0.048420307,0.063856849,0.036145748,0.560739045,0.040221616,0.316671836,0.055427025,0.021666137,0.050817949,0.189254275,0.874018621,0.068584777,0.947085968
0.887438099,0.059006227,0.230304943,0.083642545,0.019765179,0.190999353,0.799801726,0.024415596,0.0163878,0.819236065,0.022150662,0.037249695,0.053470641,0.066366735,0.036791953,0.036161252,0.019538556,0.092792876,0.161340923,0.136727137,0.03821802,0.01989898,0.038201644,0.038410798,0.227000568,0.029049563,0.060799958,0.072970114,0.031472656,0.078401691,0.008711951,0.081893774,0.436306793,0.032569897,0.029914363,0.943508221,0.049181315,0.023628118,0.050847283,0.045030818,0.013117214,0.046441958,0.06573041,0.124497642,0.039911699,0.932814573,0.942506356,0.019393508,0.101757795,0.06310867,0.040017299,0.047701717,0.066322215,0.031651734,0.565682303,0.62638775,0.172623706,0.066250356,0.02376988,0.037404798,0.141630425,0.873642027,0.047639038,0.934904545
0.734642696,0.053249618,0.603614979,0.066178868,0.026598048,0.062470684,0.280382057,0.028666715,0.014055394,0.683315316,0.023488403,0.050910415,0.029416282,0.064318586,0.042024898,0.026777879,0.029435107,0.030949689,0.142585769,0.148765205,0.030759629,0.023564418,0.040395673,0.02269553,0.490480485,0.222588984,0.037037882,0.069386045,0.035052171,0.114402129,0.020338747,0.065433714,0.052300598,0.051468992,0.064404926,0.853943168,0.034126247,0.043738844,0.043988801,0.029437604,0.084038648,0.042119497,0.053909634,0.073741735,0.031341521,0.93310631,0.923843066,0.040452722,0.92414058,0.054197981,0.054781275,0.052922888,0.069380846,0.131437399,0.871143501,0.062370145,0.132353615,0.049665807,0.029122598,0.066808534,0.100276063,0.878400631,0.055625264,0.906679604
0.636173467,0.052624835,0.367655553,0.116414421,0.031775492,0.215064376,0.661982141,0.03603491,0.015622577,0.864986269,0.017953887,0.08002256,0.037898684,0.110338009,0.051819001,0.053792889,0.02174885,0.046201221,0.631564899,0.234569462,0.033012108,0.049043098,0.037140923,0.044374017,0.405559316,0.046396936,0.061593653,0.088210109,0.080961031,0.068876327,0.018903206,0.084457076,0.048445596,0.025596169,0.040187499,0.927480873,0.062235379,0.054371999,0.055459092,0.053058686,0.076559637,0.064539834,0.060459171,0.10612753,0.032748972,0.889112808,0.917941211,0.024258067,0.685438473,0.069332249,0.066315466,0.055442758,0.093351678,0.390596858,0.853468824,0.098078556,0.804913274,0.062824833,0.053664943,0.064150685,0.240818427,0.883570125,0.085786991,0.845817167
0.523175495,0.048486382,0.470474331,0.09896015,0.025162287,0.068938483,0.592607048,0.019977291,0.014555516,0.796365884,0.017602537,0.061865012,0.050160637,0.096302891,0.041101869,0.027085337,0.019344622,0.029185914,0.223844243,0.17959037,0.033548032,0.02986334,0.032997388,0.042598908,0.272500669,0.039696655,0.068704093,0.070913473,0.085165569,0.054502635,0.018316382,0.076260497,0.057080569,0.033781255,0.049055762,0.938177732,0.035605693,0.035080697,0.059065023,0.058584175,0.045198677,0.035995593,0.071046936,0.080110565,0.033738077,0.945220576,0.892629271,0.0217456,0.697909182,0.035407187,0.079750895,0.040184484,0.048853609,0.368577147,0.87457928,0.100232509,0.460787305,0.060500575,0.041876181,0.05010988,0.28905835,0.893543551,0.065965765,0.922272112
0.836983849,0.07171942,0.659432316,0.088193021,0.029073335,0.040174966,0.36189115,0.027938179,0.010813933,0.851128621,0.012234718,0.041510968,0.024299243,0.105889773,0.034493434,0.035705249,0.020252637,0.036235776,0.494125472,0.127049126,0.539010791,0.025245299,0.027973497,0.033290777,0.334816227,0.034704126,0.079926083,0.076095429,0.06595098,0.059222838,0.012905011,0.090769808,0.036469855,0.023115103,0.03820511,0.942891248,0.049065219,0.027341898,0.044442601,0.050917303,0.069008323,0.055774884,0.06136442,0.100886284,0.024700227,0.925377226,0.944964693,0.024625326,0.943306428,0.239878485,0.099516377,0.051013245,0.053133843,0.142705119,0.711655801,0.071328415,0.607434915,0.069904612,0.023775811,0.049872847,0.105870365,0.895090485,0.061065784,0.929658339
0.658561067,0.053605172,0.427394962,0.122143711,0.027011284,0.737215211,0.588025311,0.033939847,0.01297603,0.708229897,0.023017825,0.062348701,0.038714551,0.080847999,0.0367906,0.049856112,0.024248498,0.035840534,0.742556913,0.176487259,0.040306586,0.029164918,0.044393421,0.033692942,0.398684121,0.035724878,0.03302107,0.084445934,0.077967763,0.089512146,0.026014505,0.073224746,0.048392348,0.034464866,0.046314828,0.860085886,0.193674206,0.053629562,0.055846247,0.026956016,0.070893125,0.045777008,0.046049968,0.103851704,0.03090773,0.909292334,0.858807026,0.032801521,0.741893902,0.123332465,0.05615418,0.047012295,0.073421761,0.222380392,0.820504241,0.06833916,0.299188331,0.042498551,0.031674684,0.034035561,0.302768167,0.760609144,0.143591446,0.910859017
0.80033032,0.051419189,0.521482152,0.089243646,0.029106478,0.102925293,0.353779741,0.027555122,0.013384354,0.827111401,0.01831736,0.039192909,0.030740722,0.047883355,0.028061113,0.034652837,0.022243404,0.048507436,0.145969552,0.148621967,0.02949947,0.026223788,0.038803971,0.03525025,0.251740815,0.035568952,0.04006011,0.066410947,0.062485906,0.059915209,0.014092655,0.060362076,0.046259851,0.031730478,0.089615213,0.8781967,0.033820987,0.034371486,0.045501904,0.03089874,0.07301723,0.042924928,0.078563622,0.069595271,0.03026511,0.924386103,0.91553807,0.025011418,0.653442906,0.059778562,0.060374607,0.041604082,0.054011883,0.070000435,0.812568895,0.065178101,0.420843934,0.052885999,0.034317112,0.042684579,0.211000363,0.874017212,0.055626163,0.932802877
0.888555171,0.051534316,0.824100196,0.069831461,0.023640508,0.030127697,0.796949885,0.047764745,0.011152287,0.776793698,0.017750623,0.055554806,0.037566552,0.063343289,0.047611348,0.04950872,0.016302376,0.092945836,0.151420744,0.114192689,0.03732549,0.023077338,0.035909293,0.029326115,0.206332342,0.045195316,0.040364841,0.090283093,0.0811011,0.04756021,0.021016139,0.075642935,0.03559553,0.025927832,0.036239396,0.938503854,0.047765396,0.043064177,0.049770015,0.027580538,0.073358671,0.073875824,0.057632794,0.090033783,0.030379135,0.944742595,0.949602711,0.038819581,0.957580062,0.059967617,0.075635476,0.050129403,0.053316704,0.072059865,0.610802962,0.11296015,0.25720658,0.054079821,0.036401174,0.054281264,0.191305638,0.791186875,0.070266099,0.927626431
0.420129929,0.046743884,0.377046331,0.074455847,0.025425797,0.379855766,0.248855846,0.036257665,0.013767413,0.664729924,0.017589045,0.058464944,0.027970019,0.094094682,0.033633714,0.033378032,0.020296554,0.037303271,0.132467674,0.118615386,0.041420294,0.022186508,0.040453617,0.040381996,0.097101231,0.035936014,0.048657895,0.082359078,0.05782784,0.062409198,0.011042786,0.072419202,0.230833863,0.026181363,0.043753344,0.942607,0.048918256,0.035315024,0.054167698,0.035521791,0.071031236,0.045685461,0.053192583,0.111743634,0.030712714,0.951310288,0.918671149,0.027494911,0.481127429,0.061149653,0.08585449,0.042378331,0.061734974,0.09302071,0.818459664,0.444740603,0.350211865,0.060506624,0.030003687,0.054155364,0.188768425,0.840484118,0.064293569,0.938410612
0.760847876,0.070888664,0.462742343,0.11872387,0.027981635,0.582596464,0.555818903,0.031647493,0.015167109,0.70774887,0.019868449,0.064299235,0.03862566,0.117117995,0.044910911,0.036957081,0.017540145,0.050464019,0.641198994,0.157469773,0.026327659,0.023705358,0.042648535,0.044020656,0.222040329,0.056215875,0.06004436,0.09148075,0.088306874,0.062280186,0.014977495,0.092825439,0.569788505,0.025065155,0.036940056,0.923664865,0.059526855,0.048046415,0.061970267,0.054172612,0.08982282,0.06214914,0.051235683,0.092718708,0.033592313,0.943133965,0.938483086,0.024465333,0.892163666,0.051869512,0.054554096,0.058981258,0.074352953,0.068689048,0.849609976,0.626052169,0.28044363,0.057835197,0.035333739,0.043398383,0.190997257,0.833939479,0.107328727,0.939840784
0.755116904,0.061170269,0.300265913,0.073767801,0.025714506,0.709335279,0.645775108,0.031208838,0.014437342,0.714147234,0.018534078,0.076821555,0.035136525,0.073215273,0.03434419,0.048355955,0.019258177,0.035536339,0.638209012,0.250423344,0.025475869,0.029525299,0.045709417,0.035025787,0.474284452,0.031994295,0.03026244,0.066991204,0.064476492,0.073441287,0.018018888,0.069386113,0.041604782,0.02732923,0.046084379,0.900606717,0.069934736,0.040213484,0.045282827,0.041625038,0.071530731,0.038861904,0.066611592,0.092357984,0.027983537,0.902067867,0.858996685,0.026512409,0.844186236,0.084948943,0.079508381,0.045056191,0.053737625,0.197586254,0.714390379,0.072495353,0.390274174,0.04977514,0.030934188,0.048241823,0.401377692,0.866143744,0.206761466,0.913939791
0.700091809,0.041807492,0.130193592,0.065629778,0.029339709,0.544790772,0.510112716,0.029610777,0.012626419,0.733528428,0.019057717,0.097260533,0.032937436,0.07993545,0.043786981,0.049291451,0.018263076,0.056377661,0.571162339,0.123802129,0.032300125,0.024099417,0.040271417,0.047826449,0.157915824,0.031698068,0.040644007,0.096654877,0.072204952,0.043631468,0.016597071,0.073781195,0.566089042,0.02435409,0.046128739,0.939851659,0.030481899,0.034595123,0.044469621,0.039745635,0.071959916,0.060028074,0.039866872,0.171866747,0.034505642,0.91548795,0.809290708,0.030032774,0.070029646,0.140714674,0.107155525,0.052784168,0.066223412,0.142801792,0.742589979,0.627728099,0.593090738,0.056056289,0.0252271,0.047252992,0.572179928,0.84947851,0.090646348,0.924483634
0.674405569,0.052850806,0.196942807,0.128531783,0.030150489,0.484757419,0.424798142,0.026795388,0.013762603,0.818277144,0.018261376,0.078682406,0.031036879,0.087568919,0.041467802,0.067929762,0.0145268,0.04484573,0.226331529,0.117329217,0.040733469,0.026909199,0.033736875,0.048657633,0.306764189,0.039527138,0.060421041,0.075556245,0.066177883,0.045988696,0.011850447,0.061483129,0.50075271,0.025549491,0.037350102,0.940151984,0.069845715,0.044293603,0.051070825,0.052825041,0.069117319,0.054180369,0.058038242,0.143881492,0.030938017,0.915956207,0.883615166,0.037563649,0.203032984,0.152344188,0.136201559,0.052690057,0.062360439,0.116306709,0.611312165,0.559848551,0.823690713,0.046957018,0.024176786,0.047234488,0.450743296,0.876165679,0.117978059,0.946161166
0.790875278,0.069449232,0.545715915,0.112548115,0.032449331,0.750675256,0.47331873,0.038986184,0.016547043,0.668279841,0.019387962,0.069390558,0.030776872,0.141095937,0.055063054,0.038541538,0.017579575,0.047101768,0.226098719,0.136526922,0.028998429,0.03071426,0.042066016,0.058807848,0.166962549,0.305540826,0.066122074,0.110538513,0.072612386,0.069301027,0.010741981,0.088372891,0.605601275,0.03428473,0.073772643,0.944941429,0.048301999,0.045825344,0.057781082,0.082443237,0.076893745,0.057718994,0.057189037,0.109748137,0.037948836,0.917281064,0.900660479,0.029517319,0.826811136,0.074299009,0.119166028,0.053976353,0.100844861,0.12178892,0.814252425,0.620856335,0.571117381,0.071610019,0.042597831,0.057824445,0.247022249,0.886794963,0.074825964,0.934470162
0.758463596,0.047782897,0.577636933,0.089893721,0.025007829,0.287997908,0.258810664,0.035212091,0.013896715,0.758890073,0.017373438,0.087756352,0.046555819,0.117506831,0.05815488,0.059869234,0.019400979,0.050324465,0.155278288,0.178162211,0.421334288,0.023451093,0.039959341,0.04536932,0.172939463,0.042059107,0.068171821,0.088661335,0.07680363,0.060385316,0.014052845,0.08249427,0.624680979,0.033336397,0.045001364,0.939367771,0.052575855,0.039057877,0.061416883,0.045796706,0.07618143,0.079954683,0.057926097,0.162255901,0.039288991,0.702404576,0.926209448,0.025743939,0.851772189,0.059420049,0.110380751,0.047139487,0.089643679,0.107839777,0.83596367,0.639116007,0.420237648,0.069397245,0.032370519,0.033892391,0.340875782,0.783346367,0.093382443,0.918126657
0.46811154,0.041271889,0.65660942,0.079639836,0.031151927,0.535621312,0.401936759,0.030500965,0.010863808,0.748751656,0.016770064,0.069349715,0.025507529,0.068744246,0.036986678,0.064220553,0.023027155,0.046914199,0.135266908,0.112949083,0.033927998,0.021889961,0.031814146,0.036672263,0.2219819,0.031548976,0.046150243,0.075806141,0.065719771,0.048035948,0.014883667,0.065560647,0.053617485,0.02447901,0.034147032,0.948692853,0.055538644,0.028174926,0.04492112,0.032722621,0.080497787,0.036092458,0.050445193,0.096083734,0.032927066,0.927442386,0.857643516,0.025811508,0.820908093,0.047946496,0.083980303,0.041044555,0.068201145,0.116964963,0.83248575,0.082679084,0.542624965,0.043023336,0.034830287,0.083767826,0.308067776,0.830091839,0.079641607,0.917941794
0.817238955,0.045204687,0.498194333,0.082914697,0.027389256,0.099444466,0.455230018,0.031332332,0.012240153,0.752410452,0.02063729,0.073587708,0.028143854,0.076862046,0.05787819,0.060748929,0.02757273,0.06895768,0.266748097,0.131569432,0.038530663,0.028247089,0.043833955,0.044518712,0.369720305,0.228477486,0.051660116,0.077216788,0.075377901,0.042047098,0.020475586,0.075365316,0.061789539,0.034525844,0.04814294,0.956237925,0.065990305,0.027361305,0.046188488,0.044590529,0.074381492,0.057557012,0.050866713,0.120060417,0.034336392,0.934446476,0.904974963,0.031090126,0.900894045,0.109122366,0.117077001,0.040033825,0.074965352,0.256744374,0.808735465,0.111025005,0.367694861,0.05790733,0.035928806,0.057795959,0.310842135,0.865430931,0.069289453,0.919177202
0.697276595,0.060128447,0.471883592,0.06578287,0.032896425,0.056980417,0.537422971,0.036242711,0.014017805,0.885709332,0.018297696,0.122005023,0.031414998,0.075073934,0.041545005,0.17495204,0.016390046,0.141170324,0.261552267,0.140233375,0.051313868,0.031197872,0.063200494,0.057911387,0.516259379,0.123427871,0.054840072,0.095934265,0.073920459,0.064082077,0.022124303,0.073044311,0.041833799,0.029109316,0.063180524,0.942325691,0.099108193,0.039422664,0.047802455,0.037917156,0.105125779,0.135859179,0.069767789,0.197058775,0.032977649,0.935745736,0.822216995,0.047830051,0.682170384,0.20631097,0.091178002,0.047819286,0.068349093,0.18030598,0.811953102,0.095172075,0.619831045,0.048246492,0.037498709,0.067421135,0.500328851,0.867744594,0.136038988,0.94457757
0.800984732,0.038539495,0.412804902,0.05022695,0.02338313,0.067075255,0.45294079,0.025088396,0.012123886,0.858658999,0.015716257,0.053451988,0.0240455,0.072516947,0.032565572,0.057437123,0.021512466,0.071449401,0.143892396,0.114340093,0.046337507,0.01859844,0.033713742,0.041705118,0.113242758,0.054747121,0.073429815,0.088487248,0.073301807,0.053629602,0.011999875,0.076898836,0.034863042,0.01907778,0.029343828,0.952336819,0.032473738,0.032798728,0.038826982,0.046145546,0.079639875,0.041876957,0.050455965,0.140598028,0.023995367,0.939101162,0.92005868,0.02114799,0.865552067,0.045357119,0.066696324,0.047847642,0.069610251,0.072269527,0.843079227,0.086199968,0.686041833,0.056709246,0.021969642,0.035707483,0.21167228,0.895529588,0.080682017,0.945785973
0.723153693,0.049347393,0.32999319,0.094584912,0.027910817,0.327257915,0.627076182,0.028526494,0.014193034,0.636119241,0.022788379,0.076437695,0.071297649,0.107324113,0.03708603,0.047532728,0.024749314,0.061186144,0.215278965,0.124341601,0.041259241,0.03097099,0.043956704,0.039806835,0.146539,0.044173831,0.074709745,0.085646038,0.089540852,0.075305935,0.018947619,0.076427209,0.355545293,0.040922748,0.07780129,0.929470434,0.055932287,0.036822417,0.039402661,0.05701392,0.068660236,0.054192985,0.051749989,0.120421659,0.035267843,0.946899833,0.903075675,0.041451302,0.432926319,0.167075938,0.20135939,0.06638538,0.069303707,0.155106282,0.715541571,0.380572771,0.384712754,0.08513974,0.034367107,0.076508117,0.275164657,0.902821705,0.101987527,0.940164825
0.582556595,0.079090307,0.453917141,0.124938791,0.021851007,0.542102114,0.599825199,0.032306798,0.016606874,0.806163931,0.025814672,0.090880501,0.047447571,0.126339792,0.037934336,0.052050696,0.022259138,0.052925346,0.524355413,0.16715301,0.056436741,0.028335639,0.052729589,0.052539118,0.204119595,0.060152818,0.066228344,0.099058842,0.099669168,0.06556081,0.020297689,0.073630105,0.550004683,0.042060422,0.048289218,0.917662247,0.065875488,0.05100762,0.057621438,0.052271384,0.072947108,0.066026801,0.062091244,0.160885199,0.040637012,0.82348598,0.875529391,0.038658169,0.565044974,0.118861104,0.164359569,0.054916771,0.094189427,0.232294732,0.87790216,0.572769906,0.521955901,0.068857992,0.029235913,0.05945111,0.278164638,0.874769996,0.149554372,0.916460872
0.618239007,0.102457882,0.240409271,0.105722498,0.028788505,0.333316458,0.415833517,0.029519146,0.013754357,0.753810095,0.022648794,0.141218043,0.040860823,0.130646317,0.042562343,0.126703572,0.018232873,0.109612524,0.410691862,0.142143684,0.04247777,0.031703189,0.050523965,0.06621003,0.390866724,0.062806051,0.070984748,0.112897258,0.081044644,0.082781728,0.023247572,0.075152452,0.052522383,0.042089329,0.041275076,0.91692582,0.079837651,0.039981783,0.0483884,0.050476903,0.083657845,0.054300995,0.051899141,0.248510056,0.038114287,0.932135986,0.770902702,0.037089835,0.50511925,0.15705422,0.248301862,0.053288876,0.073792089,0.267031458,0.676688232,0.070351147,0.541583416,0.069979014,0.051732437,0.080572729,0.516170173,0.785906058,0.185827259,0.907906928
0.739600021,0.048266952,0.508561108,0.10560721,0.019993025,0.51401556,0.478862382,0.038999228,0.015808823,0.644319956,0.016875838,0.074192216,0.037199746,0.076766839,0.040226071,0.071876664,0.016959846,0.0479488,0.42284488,0.128175428,0.048154472,0.020598537,0.034333123,0.04592053,0.211711409,0.038420648,0.041618395,0.080995957,0.074629114,0.047804339,0.010192723,0.077786382,0.551654012,0.026977899,0.032976469,0.933395492,0.058649053,0.032792567,0.045581276,0.052798725,0.06664223,0.054604855,0.050435653,0.120789925,0.033758609,0.931402316,0.913897195,0.021983771,0.695466153,0.066065116,0.095015981,0.03962005,0.072836685,0.07574023,0.752167209,0.587362176,0.49159437,0.065506712,0.028619601,0.038296171,0.241347321,0.883586987,0.292271499,0.947326517
0.797033796,0.037771537,0.684823547,0.075705254,0.016982701,0.89520937,0.541666298,0.019143123,0.011616761,0.825115761,0.014673528,0.059443044,0.030098038,0.081893893,0.029721292,0.031259987,0.019022201,0.036560324,0.167895154,0.067731528,0.021841341,0.0338269,0.030660473,0.030948295,0.551916567,0.035169706,0.080382377,0.084525113,0.072729277,0.062306638,0.014407899,0.060611012,0.487928557,0.023776702,0.042019876,0.943507413,0.046037051,0.033737873,0.04473454,0.030248384,0.067729972,0.033918484,0.061594065,0.11615491,0.029059993,0.934302441,0.870845679,0.024620102,0.842514799,0.088659211,0.063366496,0.049991098,0.060982252,0.181269643,0.901071064,0.49281135,0.261531311,0.075348806,0.023035317,0.038968395,0.174010195,0.847973147,0.095399323,0.921546384
0.561857957,0.035364789,0.497884208,0.094470127,0.017913865,0.544511261,0.28235639,0.022828122,0.015452786,0.680232699,0.015895318,0.083284323,0.03003758,0.071890839,0.032264713,0.039200706,0.018897154,0.041045181,0.130413763,0.10307441,0.02876215,0.022125875,0.024441393,0.0368332,0.237147377,0.033321511,0.063319809,0.074801107,0.045916933,0.064066994,0.010878479,0.07046906,0.516589404,0.023923973,0.035732795,0.949259804,0.056072646,0.02942073,0.032592351,0.037966483,0.060363334,0.047995315,0.045513018,0.095795567,0.029030778,0.933320978,0.861418314,0.026416477,0.648286985,0.064295493,0.074179599,0.046241285,0.061403543,0.120209247,0.77392076,0.504327628,0.503352556,0.063691268,0.017946735,0.054881231,0.29030206,0.900502662,0.075612599,0.936715334
0.848272268,0.03138765,0.703825605,0.081085609,0.021325347,0.879588883,0.232596501,0.026731441,0.009066282,0.897297207,0.014647343,0.060613448,0.029223415,0.079603327,0.03378077,0.031615599,0.025571596,0.029685758,0.703342997,0.118473471,0.030616557,0.019637266,0.033648633,0.043865285,0.390976544,0.022350511,0.098499114,0.061030939,0.05804429,0.066288776,0.014853489,0.06857132,0.051724922,0.028574786,0.05061602,0.935538828,0.046121143,0.038513852,0.037315221,0.0452654,0.06035031,0.034754907,0.070577358,0.104457607,0.026574572,0.978687333,0.959470859,0.025099368,0.850296803,0.052486927,0.031273227,0.042586985,0.060256091,0.08229344,0.64746558,0.071748928,0.294873832,0.055152972,0.023400171,0.043635822,0.215065216,0.917888972,0.430598494,0.942921383
0.809986145,0.046519143,0.669107717,0.084799173,0.032659375,0.592408241,0.704781143,0.038591558,0.012033817,0.877514777,0.017020062,0.082637566,0.048419434,0.098313772,0.056323375,0.031211127,0.022793088,0.039856041,0.173689293,0.118411123,0.704556271,0.019428687,0.041128045,0.030648576,0.291616294,0.03168105,0.06976624,0.104233273,0.042832932,0.044687235,0.019452883,0.072942185,0.044151708,0.031170309,0.039478514,0.944544616,0.04573153,0.027054036,0.050395259,0.033990726,0.080956234,0.058515014,0.065434998,0.065551923,0.041446864,0.906634607,0.888578084,0.023163108,0.873210203,0.064843302,0.08790737,0.049467132,0.060746739,0.069509036,0.884781786,0.088996206,0.326947715,0.061663298,0.040842306,0.049310798,0.154664001,0.891601392,0.060205839,0.913907925
0.31872404,0.034185457,0.346631368,0.063193478,0.019649506,0.279860323,0.638710287,0.0250051,0.011440125,0.706521762,0.012884467,0.047327376,0.035332467,0.080685322,0.027750286,0.034502971,0.02035983,0.034723516,0.234729791,0.126200534,0.422013368,0.022744436,0.026623889,0.030143643,0.120797862,0.026763822,0.051149077,0.060588786,0.052519356,0.045032186,0.011509595,0.068009393,0.536966502,0.017698963,0.030282531,0.936942345,0.044522158,0.033941076,0.035071831,0.031247046,0.059452795,0.038569811,0.055049942,0.071230721,0.022742261,0.898858595,0.942588666,0.02815147,0.649170234,0.045635469,0.042361561,0.034843486,0.043726362,0.089402599,0.873443945,0.625337317,0.490837082,0.05177493,0.020555818,0.037450182,0.157117127,0.876468452,0.050799653,0.928249885
0.567090925,0.035871059,0.377865815,0.078447518,0.018310953,0.393405912,0.332806183,0.02166758,0.011713559,0.775193689,0.012363905,0.0585849,0.041343658,0.053765807,0.02546629,0.022958208,0.017398457,0.026588348,0.18738696,0.128950858,0.023337626,0.018874044,0.025365146,0.040193803,0.216779118,0.400701012,0.039439975,0.06955259,0.039866286,0.070458257,0.011093311,0.067063129,0.495817369,0.019879082,0.037894933,0.927268982,0.041382733,0.029917737,0.030352613,0.0391304,0.064144916,0.036148059,0.0456999,0.073207369,0.031098645,0.926557705,0.951230183,0.022144327,0.881221352,0.067688318,0.063971515,0.050635318,0.054987935,0.069958076,0.645298664,0.504642475,0.70338632,0.038494957,0.019828189,0.032436198,0.116143641,0.888013093,0.056662993,0.942515115
0.814620228,0.05045581,0.331102555,0.08135093,0.0219662,0.044219534,0.6699776,0.030098081,0.013357308,0.704789574,0.015160515,0.047494232,0.037807823,0.099519162,0.037279342,0.045189442,0.014603593,0.083628447,0.122063071,0.0,0.039289678,0.031392514,0.02793332,0.040013925,0.103838217,0.037439929,0.065823811,0.080599328,0.074782044,0.06933616,0.022514205,0.072632559,0.046026282,0.028968874,0.074874413,0.912886192,0.060136006,0.047024921,0.051113871,0.03848664,0.096625561,0.062302045,0.061793218,0.132137251,0.031109339,0.944387803,0.943342946,0.024819554,0.932332315,0.129969415,0.087168613,0.063352328,0.060769636,0.087981756,0.655723531,0.140210531,0.385218572,0.064443563,0.022645316,0.048593213,0.310218889,0.802679128,0.082474103,0.87739426
0.822018709,0.056024739,0.288452883,0.109266334,0.02996527,0.369804044,0.540115881,0.033022774,0.01408796,0.917194468,0.016612811,0.063987139,0.03557353,0.091080266,0.03781365,0.031588995,0.019086448,0.06717024,0.266465877,0.080749499,0.038537394,0.027182538,0.035343454,0.0296922,0.404981642,0.043136779,0.043734497,0.081393637,0.052011458,0.039124175,0.016645521,0.0743599,0.574958914,0.030605912,0.06331104,0.955008551,0.054484993,0.041453378,0.036125428,0.036093115,0.062696847,0.064791546,0.058444139,0.094426944,0.046124328,0.946869805,0.926615375,0.024453399,0.100262443,0.145718584,0.130219747,0.049139138,0.065156778,0.380482868,0.83492875,0.679687361,0.881253505,0.064683698,0.035827562,0.050741462,0.279845339,0.915768933,0.068252917,0.954229395
0.770583357,0.057635867,0.459290539,0.05724424,0.028551004,0.693888737,0.647117712,0.024245532,0.009800941,0.841352172,0.015394423,0.112728104,0.035497524,0.085370187,0.032735758,0.071406362,0.017869557,0.06901347,0.870586977,0.234454692,0.06075946,0.025713184,0.03731074,0.054405174,0.22321716,0.20196078,0.049948539,0.066560614,0.038068467,0.06173237,0.015427772,0.068740828,0.626801025,0.022034255,0.077790334,0.938481266,0.062198581,0.043957675,0.042972144,0.037749825,0.071014982,0.042617128,0.049723899,0.139511971,0.027280258,0.944991452,0.911260727,0.034985157,0.873959799,0.081895904,0.068699133,0.037542652,0.051193628,0.410308815,0.775607315,0.602242005,0.466313211,0.049594054,0.04062165,0.044449456,0.384680243,0.787351057,0.261531448,0.931821188
0.602178644,0.052242666,0.14309205,0.129038331,0.046188364,0.057846301,0.385410124,0.036850047,0.016299152,0.905778767,0.021652021,0.149777194,0.082287988,0.13757738,0.039376997,0.065401442,0.017492178,0.111829715,0.27012129,0.153037776,0.054355383,0.031528537,0.038933352,0.060858716,0.198039471,0.128194642,0.061466351,0.093282435,0.088883428,0.062242473,0.02232954,0.08650949,0.076960896,0.030649886,0.071408429,0.923220698,0.075831803,0.0545194,0.077237683,0.054349813,0.101624989,0.074684344,0.055643854,0.187975802,0.036484188,0.933663264,0.71025065,0.030211994,0.078673071,0.10609778,0.183095618,0.060127182,0.085419228,0.177982266,0.657891229,0.087272346,0.66098087,0.077525187,0.041020461,0.06676069,0.579312671,0.795052618,0.132756705,0.935718862
0.535598731,0.070523991,0.363033354,0.161137824,0.02844346,0.544641883,0.574234229,0.035647174,0.016379019,0.736036706,0.021953509,0.06590183,0.066538158,0.132215372,0.039696731,0.037560233,0.02163155,0.074825449,0.250647321,0.226318741,0.063604958,0.052599789,0.044971668,0.042372986,0.262783939,0.061160824,0.08084409,0.096684101,0.071083469,0.130949821,0.025294936,0.085929672,0.056048681,0.042487239,0.064738759,0.900939167,0.0663226,0.046022655,0.055762519,0.054913786,0.088241608,0.060822899,0.043381867,0.125568586,0.052661832,0.929944334,0.825942202,0.041620396,0.623672846,0.094327139,0.237328386,0.056772617,0.072421827,0.189433215,0.69472139,0.075147337,0.762094116,0.093644671,0.026400734,0.066874969,0.409344198,0.831911093,0.110536622,0.836609398
0.541446202,0.03577647,0.339387843,0.074170867,0.021727285,0.595683567,0.590692833,0.028076729,0.011171109,0.862313669,0.019928778,0.062903645,0.033808704,0.084630427,0.0360722,0.042489216,0.02429769,0.020327268,0.185880104,0.0,0.02017406,0.021968334,0.028537364,0.067350625,0.1771308,0.033716585,0.06273018,0.080906082,0.084371063,0.096556447,0.01467733,0.062273625,0.577891237,0.023543735,0.044367178,0.902914698,0.049418518,0.051279266,0.057038122,0.031907817,0.083807247,0.089082024,0.063404881,0.127906325,0.028002706,0.945062718,0.902572915,0.027842378,0.866668712,0.052739945,0.072296829,0.046122941,0.061980514,0.070640541,0.801738012,0.645620896,0.56025293,0.072617469,0.027552402,0.037317759,0.362628393,0.910230522,0.094375295,0.906368013
0.641696411,0.046215562,0.226466317,0.100719314,0.024522519,0.565426212,0.35262668,0.021632565,0.011839136,0.881559273,0.014308856,0.111912352,0.026282294,0.079428882,0.035037045,0.062246003,0.016468161,0.085065311,0.430720177,0.126668805,0.020800532,0.023295395,0.028360786,0.053087176,0.200285463,0.043456766,0.054819866,0.071074236,0.052181715,0.057562908,0.013107326,0.065147493,0.379148312,0.030424662,0.037372368,0.937354112,0.070102638,0.035773814,0.043779085,0.037469759,0.070652097,0.056862355,0.046696963,0.165953948,0.020773355,0.943589965,0.860694414,0.021985102,0.299710832,0.084391255,0.140180168,0.04909956,0.066813042,0.144355727,0.62990779,0.530379601,0.660209379,0.059472249,0.032293652,0.040356157,0.370543577,0.872469556,0.266223238,0.932927542
0.727018475,0.055674704,0.282062043,0.070959221,0.03541495,0.053413184,0.629875785,0.023704019,0.011377078,0.760527424,0.014129418,0.091880336,0.025320682,0.087512466,0.036767803,0.060503244,0.02308129,0.055276322,0.286521084,0.183059096,0.040505257,0.025235494,0.026554736,0.048975758,0.271312807,0.190693657,0.074642496,0.086549487,0.077002627,0.057018612,0.015393672,0.079054672,0.037163208,0.023299498,0.057780629,0.948078448,0.066428693,0.0313128,0.052551175,0.04923545,0.087844985,0.045127023,0.054187385,0.185668563,0.029894107,0.895588869,0.87906317,0.022507943,0.629440833,0.104275426,0.077822044,0.048274286,0.081755141,0.104954416,0.754748559,0.078768935,0.770427029,0.060824695,0.033101707,0.065198464,0.393608063,0.914840826,0.096933618,0.94126148
0.696395944,0.047614745,0.430559441,0.057495189,0.020293572,0.072277797,0.564073982,0.02863345,0.010353415,0.824732225,0.015255469,0.075703487,0.023624312,0.084032726,0.026675758,0.049025786,0.020571446,0.027674086,0.642391975,0.131412353,0.037970927,0.020212957,0.030225838,0.031287627,0.265000369,0.045461463,0.044791118,0.070844375,0.05768466,0.059927188,0.019637173,0.074261865,0.041305925,0.021999882,0.03929472,0.942761118,0.098375061,0.027774376,0.057572,0.037416007,0.051689672,0.051194874,0.032316304,0.103701521,0.025709722,0.897687844,0.949721723,0.022893788,0.648640458,0.06959012,0.073553361,0.046113273,0.060329436,0.163268961,0.87279106,0.087305758,0.578715476,0.047412375,0.02466175,0.045870048,0.231924547,0.893910044,0.064048124,0.930890794
0.522974924,0.048001406,0.505487665,0.072360046,0.033552405,0.422249876,0.549058892,0.035099593,0.011635442,0.720863863,0.017337138,0.050181186,0.034678612,0.105325249,0.040175439,0.031839401,0.023542655,0.025363089,0.253978673,0.137277007,0.037316693,0.021057504,0.039760452,0.049156983,0.437908044,0.037052114,0.068395483,0.090091616,0.076982507,0.060768081,0.010669662,0.080783528,0.612331915,0.02108628,0.040259549,0.95222826,0.095639354,0.036541258,0.039765221,0.051204282,0.08082775,0.058924111,0.053084239,0.086604404,0.02576083,0.944218539,0.951132613,0.031819933,0.908902953,0.086663457,0.046127884,0.053408083,0.076757147,0.231714588,0.848481574,0.615222479,0.259043548,0.068527715,0.030834827,0.072673256,0.184663187,0.956022766,0.063788882,0.925934798
0.818328323,0.055916853,0.380554482,0.075185851,0.020011793,0.074537026,0.731216866,0.026778238,0.012306568,0.888861617,0.014079018,0.040351548,0.026626899,0.062828099,0.038250202,0.049459776,0.014862223,0.041564146,0.892944519,0.151846104,0.712882477,0.02107434,0.028512341,0.042754925,0.558849962,0.03252041,0.068995292,0.084355852,0.060077691,0.053075635,0.018708474,0.073052143,0.03826144,0.026198872,0.050000168,0.933454974,0.039237858,0.038166422,0.044147286,0.040035069,0.085040615,0.04899818,0.046660065,0.104696301,0.032091034,0.944129456,0.897454981,0.019263425,0.94155436,0.190060101,0.072769397,0.048251437,0.060045964,0.161643573,0.547546809,0.070741478,0.908959157,0.058403381,0.027047963,0.061343954,0.749606659,0.858949513,0.073717487,0.930608632
0.773083823,0.081291927,0.450510171,0.124343685,0.025617278,0.114453112,0.658365534,0.040364354,0.014366931,0.758422119,0.017728667,0.072808206,0.030508301,0.103956873,0.069140986,0.067149741,0.017459288,0.09781845,0.279005078,0.147685808,0.034693858,0.027908809,0.030765656,0.048179787,0.260318996,0.048077567,0.081913634,0.105064463,0.078783084,0.053443966,0.015926385,0.082208448,0.059908016,0.025461719,0.041646767,0.93653456,0.063475366,0.040619454,0.057904554,0.051841156,0.086886734,0.057838632,0.064386356,0.134967046,0.031994534,0.902487681,0.889883223,0.0312223,0.701347249,0.104012367,0.066476329,0.053648788,0.067201997,0.136228536,0.75474492,0.134979465,0.433588587,0.058276291,0.029057797,0.069580683,0.650331263,0.83122276,0.090927656,0.921312241
0.44736713,0.030067027,0.332332017,0.080076355,0.022501767,0.407296932,0.592987161,0.025407764,0.011530613,0.772446608,0.014486382,0.036879329,0.053001383,0.06595143,0.031418219,0.025838211,0.065215933,0.029096046,0.125687542,0.112466457,0.017261931,0.028320903,0.030179225,0.034285908,0.203345123,0.02590725,0.062678223,0.05752767,0.060635279,0.052139229,0.013008161,0.073630471,0.404083625,0.023653589,0.037671418,0.917994562,0.049486669,0.024928868,0.048651369,0.04671175,0.048989844,0.040381229,0.04878913,0.06928395,0.027522699,0.940897068,0.940040582,0.023710783,0.506586679,0.037504267,0.03656477,0.040455873,0.052818581,0.051846311,0.551090381,0.418816199,0.243302467,0.052907717,0.022748673,0.038452448,0.037924958,0.901113236,0.050851826,0.921930786
0.810896171,0.036499161,0.421552834,0.076058998,0.020947507,0.401358442,0.460022906,0.023811642,0.016467657,0.731252964,0.019470492,0.038680528,0.027732816,0.075574809,0.033425683,0.024900455,0.030651224,0.026036707,0.160368326,0.107360254,0.017685677,0.02635474,0.032187934,0.032906471,0.265243671,0.030275418,0.046253857,0.05990822,0.059053645,0.049908974,0.019156287,0.060332088,0.032849087,0.030789902,0.037952857,0.931699183,0.048281499,0.026723164,0.037277024,0.041379301,0.053289287,0.032039608,0.047628938,0.065079587,0.026876769,0.941994891,0.911701757,0.033101631,0.733772638,0.034499804,0.058199082,0.042100582,0.044990308,0.038748107,0.721909799,0.069535412,0.696213279,0.040782262,0.029582873,0.032383599,0.135175652,0.873484409,0.050412598,0.933759309
0.779008632,0.059632653,0.714614709,0.082296752,0.027233521,0.038717844,0.735845405,0.02812806,0.013920748,0.81762159,0.027159922,0.05019432,0.031088626,0.088960147,0.031283547,0.062724554,0.028794949,0.036832606,0.199244764,0.136626514,0.042858749,0.029058819,0.036943224,0.040648405,0.160099781,0.034226404,0.035762338,0.09646694,0.060850833,0.060935358,0.017969935,0.064404969,0.062507347,0.045145812,0.05819055,0.925227515,0.056254797,0.03391791,0.078416852,0.041968763,0.064471314,0.069046266,0.047797632,0.089819074,0.031664132,0.92710834,0.888903995,0.031940114,0.7967667,0.125842199,0.112913022,0.046234982,0.077780488,0.11151586,0.865518706,0.068670966,0.760607831,0.036347463,0.029222197,0.13765654,0.161666511,0.88610915,0.059531376,0.923116284
