-0.6044,0.5518,0.1644,-1.299,-0.4089,-0.9769,-0.7919,-0.4396,-1.8918,-1.7987,-2.0564,-0.3829,-0.7957,0.6127,-1.3497,0.3523,-1.5309,-0.3239,-1.4513,-0.1202,-0.4563,0.8645,-0.7376,-0.7568,-0.1831,-0.5537,-0.8267,-0.6185,-0.4872,-0.5863,0.4443,0.3917,0.6396,-0.1265,-0.5284,-1.8457,-0.3231,-1.3095,0.9735,-0.9758,-0.5255,-0.5459,-1.2229,0.078,-1.3509,-1.4879,0.3176,-0.9992,-1.3936,0.6115,0.0398,-0.789,-1.1524,-1.5354,-0.6796,-2.307,-0.5917,-0.6546,-0.3139,-0.0611,0.0074,0.7609,-0.9888,0.2139,-0.5676,1.0605,1.0065,-0.0181,0.136,-1.0172,0.0881,-0.0879,-1.5671,-0.8516,-0.6019,0.2541,-1.1151,-0.0189,0.8649
2.4122,0.2961,-0.1877,-0.6503,0.338,0.0016,0.5042,-0.8867,1.6587,-1.9383,-0.4508,0.4239,1.1514,0.5684,0.3007,-0.2895,-0.7835,1.3593,-0.9447,-0.1169,0.5271,-1.739,-2.2996,2.7211,-1.1638,-0.1736,-0.6841,-2.9816,-1.1842,-2.0618,1.9224,-1.8997,0.4447,0.7392,0.1244,0.2959,-0.5624,3.1881,2.1171,-1.1959,-0.456,-0.4149,-3.187,1.4012,-0.1543,0.0747,-0.8236,0.344,0.2841,-1.3107,-1.0033,0.4172,-0.7461,-0.4427,-4.3967,-0.292,-1.5955,-0.4274,-1.0754,0.2912,0.9432,-0.5593,-1.0476,0.7553,-0.6542,0.8184,0.1523,-0.2219,-0.5186,0.6976,-0.3342,-0.6458,-2.959,0.0861,-0.1185,-0.6083,-0.274,-0.1351,-0.539
0.2882,0.8008,-0.1425,0.534,0.1425,1.0935,1.108,1.8706,0.9791,0.4979,0.8548,-0.6951,0.2304,0.1342,1.0115,0.0715,0.4051,-0.0045,0.3444,1.3052,0.0452,-0.8118,0.0589,3.5894,-0.1519,1.8127,0.2476,-0.8377,1.6149,0.0995,1.2524,0.0625,0.1546,-1.049,0.8466,-3.3468,1.0253,-0.2662,1.021,-0.3461,2.9716,0.733,0.8216,-1.8619,-0.7859,0.3168,-0.1752,0.3293,-0.1124,0.1326,1.501,-0.8684,0.3446,0.6765,-0.5442,-0.0206,-0.398,1.3598,-0.6501,0.563,0.9937,-0.2203,1.0432,0.8175,0.5212,0.2817,-0.6756,-0.4049,-0.923,0.291,-0.6041,-0.8571,-0.195,-0.6005,-0.0077,0.3777,1.5066,0.4906,2.042
0.256,-1.524,0.8296,0.3438,1.0152,0.9734,1.5666,-1.1914,0.3262,0.6495,-0.0704,-0.3231,-1.3537,-1.081,1.2506,0.0579,-0.6002,-0.5056,0.5414,-1.1282,1.5564,1.2359,1.1869,0.1846,-0.061,0.3158,0.3134,-0.3889,0.4627,0.5765,0.5055,-0.3775,-2.4438,-0.0657,-0.279,0.8325,-1.1785,-0.5946,0.094,1.2222,0.4096,0.3858,-0.0453,0.3628,1.4453,0.9916,1.0421,1.2167,0.5647,0.955,0.7175,0.1684,0.8542,0.7321,0.6352,1.1408,-0.1706,1.189,1.0934,1.1159,0.1813,-0.9876,0.5296,0.4033,1.4132,0.7806,-1.7611,0.7058,0.6674,1.1983,0.773,-0.2716,0.5097,1.233,0.2019,0.8659,0.538,-0.0038,-0.087
1.355,0.3475,0.9237,0.8074,1.3293,1.1109,0.9833,-0.2553,1.6074,0.93,2.0097,-0.2306,0.0042,-0.1037,0.6593,-0.4176,0.4658,0.4994,0.6269,-1.1272,0.7282,-1.0063,-0.6328,2.7894,-0.6546,0.3482,1.455,-1.542,0.4284,0.5562,-0.2913,-0.5496,-0.9647,0.2725,0.5317,0.5809,-1.0882,1.1681,-0.6662,0.5659,0.3888,0.8444,-0.5512,-0.0436,0.7943,1.459,-0.2635,1.3044,2.0074,-0.2309,0.9309,0.145,1.1657,1.0669,-0.6081,0.8344,-0.5772,-0.2128,0.4126,0.482,1.0449,-0.0693,0.55,0.8731,-0.3888,0.5267,-0.9444,1.3092,-1.4646,1.1431,0.7026,1.1892,-0.0051,0.8841,0.5656,0.0845,0.8436,0.7657,-0.3893
1.6885,-0.4703,1.3593,0.8031,1.9897,0.6858,0.8824,-0.8081,0.72,0.1492,1.5434,-0.244,-1.6733,0.4958,1.2868,-1.5142,0.1207,1.1549,0.8978,-0.8969,1.3585,1.3414,0.2077,-0.3128,-0.8959,1.4106,1.4073,-0.5501,-0.3226,-0.8881,0.9649,0.2742,-1.0785,-0.0067,0.2621,0.6902,0.3515,0.2065,-0.5355,1.2375,1.125,0.6675,0.2315,-0.3116,1.3162,1.4358,0.4494,1.7307,0.6891,0.5994,0.3776,0.4827,0.9914,1.3789,0.1218,-0.379,0.5324,0.5139,0.5404,0.6537,-0.0522,-0.5557,0.8086,0.4547,1.2498,0.9731,-0.4263,1.3556,0.0911,0.5541,0.6327,0.6645,-0.7899,1.0883,0.3162,-0.1138,0.4729,0.0965,-0.924
-0.2559,-0.023,0.5733,0.0894,0.3605,0.4758,-0.5916,1.4015,-0.3603,0.11,-0.1296,0.219,0.4613,-0.3327,0.2683,0.7949,1.5974,-0.387,0.8821,0.8559,0.1728,-0.5473,0.9451,0.0076,3.5066,-0.01,0.3453,0.8919,0.5815,1.1973,-0.9653,1.1219,-0.1096,-1.5088,0.6236,-0.0759,0.0415,-0.1261,-1.3426,0.3638,-0.1901,1.1379,1.0352,0.6588,-0.3111,0.765,0.1105,-0.3985,0.8156,1.0061,0.1537,0.8325,-0.2741,0.0231,0.9868,0.4786,0.8722,1.1801,0.8714,0.7168,-0.4577,-0.0173,0.2789,-1.0971,-0.3302,0.3065,-0.1727,0.068,0.7585,-0.2746,0.5082,1.3358,0.6718,0.5357,0.7686,-0.1786,-1.0075,0.5493,-0.3767
0.0996,-0.7443,0.8498,-0.493,0.5929,0.7687,0.7176,-1.297,0.1164,-0.5771,0.1162,0.0771,0.1376,0.6715,0.8276,1.6088,1.475,0.8091,1.1107,0.8069,-0.1141,0.1268,-0.1973,-0.1942,-0.4735,0.2772,0.5883,-0.0699,-0.5722,0.2971,-0.0005,0.1194,-1.2713,0.6928,0.2232,-0.0444,-1.8664,0.4973,-0.6106,-0.2995,0.9952,0.2802,0.7889,0.1515,-0.2369,-0.1393,0.4982,0.2104,0.3596,0.1964,0.4897,2.42,1.1548,0.8449,0.9394,0.3262,0.5314,-2.0413,-0.3764,0.6131,1.1737,0.3482,0.2453,0.1361,0.2643,0.7026,-1.5193,1.8633,1.5862,0.1418,-0.5011,1.5708,0.8062,-0.4517,0.911,-0.6266,0.4207,0.2454,-0.1296
0.9328,-1.1577,0.9293,0.3924,1.0723,1.0702,1.0995,-1.7677,0.3141,-0.4615,0.0677,0.3892,0.8511,-0.1778,0.3746,0.3802,1.1171,0.5758,1.2848,0.0005,-0.4118,0.9956,1.228,0.1392,0.1693,0.7377,0.7184,1.3573,-0.5417,0.9364,-0.8348,1.0412,-1.6689,0.1129,-1.0522,0.5843,-0.8797,0.6392,-0.5644,1.0541,0.7879,0.883,1.1529,-0.0307,0.4967,1.1858,-0.2122,0.2403,0.9615,-0.0391,0.0891,1.3511,1.1508,1.6328,1.4797,1.5775,2.066,-1.2819,-0.6745,1.2412,1.9397,-0.5142,0.2443,-0.2315,1.4407,0.7545,-1.1309,0.0748,0.6744,1.6875,1.0515,1.4775,1.5219,-1.1881,-1.0347,-0.655,-1.1885,0.3646,0.3838
-0.3118,0.2375,-0.292,1.3081,-0.0798,0.7096,0.1208,0.4492,-0.0596,0.5506,0.2816,0.2809,-0.0073,1.1286,0.1125,-0.3212,1.3879,-1.1002,1.1479,0.7662,0.2012,-1.0932,0.6775,3.5329,-0.2847,1.2484,-0.3497,-0.1564,1.2782,-0.6517,-0.3425,0.5657,-0.7545,0.1054,1.0122,0.2854,0.9097,-0.0384,0.637,-0.2333,0.4866,1.3026,0.6133,0.5201,-0.1874,-0.0118,0.3425,0.2302,0.8555,1.102,0.9109,-0.5266,-2.0452,0.7069,0.2931,0.0643,0.211,0.9902,-0.4223,-0.7207,0.6215,-1.294,0.3789,-0.9054,0.298,0.1785,0.8457,0.1966,-0.1829,-0.1111,-0.4185,-0.8214,-0.1767,-0.0973,-0.4885,0.0989,0.2923,0.7887,0.0431
1.8727,-0.3679,1.1697,0.7027,1.0234,0.9027,0.2298,-0.6714,0.2629,0.3253,0.2556,-0.8458,-0.4671,1.0171,0.5603,-0.8483,1.189,1.6303,0.7846,0.9675,1.0596,-1.2437,-0.2256,-0.5171,0.264,0.4166,0.206,-0.1885,-0.8083,-0.5419,0.4888,0.3048,-1.1926,1.8367,-0.7645,-0.0145,-0.8255,0.7003,1.0326,0.6977,0.9056,0.2816,-0.1966,0.6065,0.6224,0.7468,1.8653,-0.5357,1.3334,-0.891,1.2208,-0.4999,1.0066,0.9261,0.3814,0.6636,1.7329,0.4923,-0.5208,0.972,1.7487,-0.2354,0.3234,-0.7199,0.6063,1.3831,0.646,-0.5324,1.2078,0.8064,-0.2931,1.051,0.339,0.1706,0.0462,-1.1903,0.1069,0.4174,-2.6273
1.6861,-0.9278,1.4777,0.7348,1.8177,0.3999,1.289,-1.6868,1.2336,0.3966,0.5067,0.24,0.929,0.9524,1.1092,-1.1613,1.1485,1.6319,1.6414,0.8438,0.1023,-0.1016,1.5753,0.0012,0.1742,0.654,0.7161,-0.8029,0.8296,-0.9494,0.0653,1.5471,-0.7779,1.109,-0.0278,0.6274,-0.5965,2.4218,-0.6322,1.5817,1.1728,0.9347,0.944,0.5339,0.3298,0.3841,-0.5362,-2.5924,1.8185,0.2724,0.1019,1.5905,0.7655,1.4875,1.0817,1.1667,1.9255,0.062,0.708,0.6605,1.731,-0.5341,1.2169,0.8843,1.232,1.2769,-0.9291,0.5361,0.4343,1.7371,0.0854,0.596,0.0586,0.1297,0.1349,-1.1145,0.9464,0.5756,0.3794
1.0404,-1.2248,0.4457,-0.7061,0.1635,-0.1648,-0.0022,-1.4698,-0.8106,-0.6025,-1.1375,-0.3773,-0.3336,0.5218,-0.409,-1.0309,0.4432,-1.4166,0.1795,0.3013,0.6327,0.8426,-0.3274,-0.3497,-0.7155,-0.5974,0.9901,0.5218,-0.4198,-0.7811,0.1777,0.5164,-1.1328,-0.0079,-1.4951,-0.1609,-0.1449,-0.129,-0.4159,0.6368,0.0692,-0.2879,0.8547,-2.0152,0.1597,0.328,-0.753,-0.5857,0.0519,-0.9708,0.4282,0.303,0.5512,0.6206,0.9964,0.2869,0.9907,0.1692,-1.0871,1.0066,0.3245,-1.3025,-0.4495,-0.675,1.1539,1.9502,-0.2374,0.4521,1.5992,0.6907,0.5429,-0.02,-0.3892,0.5539,-0.7377,-1.5111,-0.8618,0.4561,-0.6283
1.2273,-1.1161,1.3467,0.1566,1.1264,0.7565,0.4929,-1.6615,-0.3823,-0.1106,0.1935,-0.0893,-0.0038,0.7717,0.2663,-0.9412,0.9277,1.5499,1.0097,-0.2014,0.1508,-1.0708,0.5108,0.2945,-0.2542,0.156,0.8371,0.4514,0.1327,-0.4613,-0.0719,0.6526,-1.3366,0.7419,-1.5422,-0.1321,-1.8006,1.5658,0.489,0.6609,1.6604,-0.5764,0.8417,0.8396,0.1873,1.2438,0.2201,-2.3542,0.5262,-1.1467,0.5779,0.7961,1.2038,1.3605,1.5533,1.1975,1.7646,-0.5935,-0.7055,1.1807,1.9023,0.9084,0.9523,0.0649,1.3513,2.5836,-2.1085,0.1384,1.9919,1.1249,0.1283,2.0857,0.1415,-0.65,0.0695,-1.4146,0.5298,0.1985,-1.5406
2.3371,-0.8719,0.8554,0.1357,0.7656,0.0433,-0.161,-2.0716,-0.4073,-0.8192,-0.9893,-0.0941,-0.2042,0.8672,0.5828,-0.1398,0.9753,1.6563,-0.4347,-0.0841,-0.075,-0.8539,-1.1547,-0.1924,-0.2652,-0.8445,0.2609,0.4041,-1.6025,0.7974,0.681,-1.3853,-0.9177,0.7353,-1.7817,0.1769,-1.5747,1.1456,0.1824,0.5035,1.1285,-0.69,-0.7944,0.5158,0.2744,1.201,1.5041,0.1073,-0.3451,-2.056,-0.5447,0.6314,0.5758,0.8924,1.3006,0.7076,0.4191,-1.2483,-1.6782,0.9936,1.8925,0.5872,-0.5864,-0.6018,-0.6562,-0.184,-0.548,-1.5244,1.9218,0.6801,0.0903,1.7511,0.4086,0.2301,-1.9261,-1.9626,-1.6543,-0.1594,-2.3852
0.8705,-1.6095,1.3367,1.0053,2.0021,0.7879,1.5547,-1.2124,1.0634,0.0882,1.5629,1.1235,0.0897,0.7474,0.7031,-0.9178,0.9612,2.2263,0.9743,-1.6888,-0.6462,1.3129,1.2778,0.2426,-0.13,1.4333,0.8612,0.5598,0.0394,1.1139,1.0797,0.3546,-1.2478,-0.1038,-0.4415,1.3677,-1.133,2.582,0.3199,1.2974,0.9989,1.1195,0.9703,-0.0979,1.1871,2.043,0.1528,-0.5629,1.435,0.4926,0.3976,0.9305,1.4174,2.1131,0.9516,1.8013,1.2141,0.0851,-0.4797,-0.3797,2.0586,-0.2817,1.4932,1.4028,-0.2254,-0.5692,-0.9201,0.1171,0.2868,2.6458,1.5678,0.7652,0.8943,-0.2625,0.0697,-0.2445,1.1189,0.7264,0.3399
-1.4665,1.014,0.9153,1.2664,0.3481,1.1535,0.4565,0.0606,0.0757,0.3658,-0.0666,-2.001,-0.4058,-0.1135,0.309,0.6936,-0.4085,0.341,1.4096,1.0982,1.6087,-0.8898,-0.6351,-0.6427,-1.0597,0.0275,-1.3877,-0.6937,0.9515,-0.0814,1.8777,-0.8806,-0.9007,0.5601,-0.3738,0.1819,-0.3483,-0.805,0.8012,0.0233,0.6861,0.6747,-0.3872,0.7318,0.2801,0.213,1.5611,0.7725,1.087,0.7747,1.1202,-0.5526,-0.018,0.3642,-0.0453,0.5038,-0.0834,0.6466,0.9305,0.3032,-0.7806,-0.5753,0.3214,-0.9774,0.3194,0.5979,-0.7973,-0.8403,-0.4183,-0.1985,-0.5631,0.1216,-0.0022,0.5609,-0.1263,-0.3356,0.1688,0.3746,-0.0246
-0.0754,0.3359,-0.1016,0.1765,-1.3586,-0.056,-0.6366,1.1991,-1.2106,-0.1906,-0.845,-1.8493,-0.3017,0.7242,-0.8794,-0.071,-1.3542,-0.2689,0.3152,1.6376,1.0719,-1.2443,-2.0574,-1.0505,-0.5533,-0.5218,-1.4284,0.1824,1.1243,-0.6184,0.0029,-0.4686,0.0778,-0.3062,-0.3409,-0.2881,0.9938,-2.0392,-0.1992,-0.4367,-0.8818,-0.7357,-0.6019,0.7687,-0.2302,-0.5272,2.923,0.2946,-0.0542,1.0121,1.2904,-1.4267,-0.5996,-0.9547,-0.2118,-0.572,-0.6002,1.2351,0.8492,-0.1297,-1.2229,-1.1076,-0.1726,-0.9027,-0.4811,0.1256,0.4747,-1.2532,-1.4186,-1.2467,-1.5881,-0.05,-1.2125,0.4728,0.6336,0.2859,0.0342,0.3908,-0.2758
1.4578,0.821,-0.7405,-0.1745,1.3581,-0.7642,0.5576,0.3169,0.5567,-0.3897,0.5893,2.6114,-0.1161,-0.8879,-2.1286,-0.9282,0.3625,2.3101,-1.2095,-1.52,0.79,1.6096,-0.162,-0.2376,-0.3821,1.0885,0.1712,-0.6904,-0.3631,-1.5186,1.3772,0.9334,-0.4989,0.1479,-0.1117,-0.2322,-0.9335,-0.1791,0.1463,0.2564,-1.1824,0.25,-0.0094,0.9594,1.1851,1.1982,-0.999,-1.8362,0.2465,0.3364,-0.1648,0.2031,-3.3708,0.9554,-0.274,-0.365,-0.9876,0.5713,0.9065,0.3243,0.5936,0.5144,1.2636,2.3461,-0.4657,-0.0693,0.4142,0.2519,-0.8984,1.3099,1.0201,1.3109,-1.2569,1.4891,1.0325,-0.9909,0.12,0.8888,-0.5091
1.1234,0.1159,0.5728,-0.412,0.6701,-0.7867,0.761,-0.9724,-0.2318,-1.2521,0.1678,0.6869,-0.2122,-0.112,-0.2542,-0.9007,-0.293,0.2893,-0.5697,-0.2478,1.0934,-0.4819,0.8955,2.4276,-0.0477,0.3363,0.4111,0.3903,1.0528,0.3841,0.0897,-0.1039,-0.3092,-0.467,-1.1535,0.2398,-0.1951,0.1436,0.5715,-0.197,0.0694,-0.5455,0.6412,0.1161,0.1576,-0.1212,-1.2179,0.2399,-1.3412,-0.7303,-0.8106,-0.2381,-0.1088,0.0688,0.7316,0.0128,0.2559,-0.4766,0.2805,0.7799,0.8619,0.4831,0.4314,0.5404,-0.401,0.1299,-0.2436,0.1053,1.2267,0.1561,0.0206,0.3015,0.4069,-0.3682,-0.2721,-1.1458,0.0651,-0.3951,-1.1894
-0.2208,-1.2263,0.1834,0.1302,0.2845,0.4022,0.0707,0.3283,0.4777,-0.3579,-2.7204,-0.1321,-0.2378,0.2061,0.1236,-0.0774,-0.5618,-0.1688,-0.9304,0.2459,0.1807,1.2715,1.4996,-0.2882,-0.7211,-0.0388,-0.6957,0.0624,1.2499,0.7996,0.6741,-0.3711,-0.7954,-0.4754,-0.3798,0.9647,0.6577,0.6464,0.969,-0.2694,-0.4487,-0.2895,-0.0016,0.4461,0.6234,0.4775,-1.0969,0.8837,0.0976,0.4257,1.1406,-0.1254,-0.2105,-0.5138,0.3317,-0.0598,-1.1708,1.1066,1.5205,0.3947,-0.7377,-1.2407,-0.1277,0.1973,-0.0722,-0.1227,-0.1403,-1.3763,1.1695,1.261,0.5886,-0.5174,0.1797,0.7972,1.4895,0.1278,0.7317,1.1804,0.6676
1.4087,-0.456,0.0928,-1.1379,-0.2882,-1.3231,-0.5438,-0.3934,-2.1376,-1.4636,-1.9044,-1.0351,-0.1058,-0.3394,-1.0582,-0.0429,-0.2702,0.2155,-1.9091,0.8357,0.5125,-1.351,-1.1691,-0.6266,-0.4265,-2.4761,-0.346,-0.6829,0.1348,-0.6865,-0.0036,-1.3827,0.2849,0.5379,-2.1414,-0.7707,0.1051,-1.2379,0.52,-0.518,-0.2239,-2.8959,-1.3796,0.2625,-0.6493,-0.9412,1.0693,-0.6905,-1.683,-0.8812,-0.9929,-0.8658,-0.161,-0.8867,-0.147,-1.2898,-0.6419,-0.723,0.4759,0.5185,-0.6146,0.1391,-1.2301,-0.1735,-0.8379,1.5475,-0.053,-0.977,0.1352,-0.8832,0.0127,0.0025,-0.7549,-0.306,-0.1329,-0.7108,-0.3563,-0.8009,-1.4928
0.0083,0.6299,-1.0279,-1.3641,-1.6345,-2.1159,-1.2593,0.598,-2.0942,-0.7923,-1.2293,-0.5515,-0.084,-0.1372,-1.3969,-0.4388,-0.4621,0.5845,-1.5432,0.9942,0.2133,-1.1214,-0.3181,-0.4948,0.0087,-1.8527,-0.8046,-0.1562,0.1141,-0.0843,-0.3303,0.9287,0.9529,0.4861,-0.9475,-1.0924,1.2006,-0.6745,-1.0623,-0.5371,-0.3003,-1.4186,0.4762,0.0236,-0.8503,-1.1088,-1.3148,-0.8975,-1.8273,0.3886,0.6076,-0.0312,-0.5686,-1.4968,-0.1969,-2.2379,0.3497,-0.4575,-0.0386,0.3111,-0.9038,0.4196,-1.3101,-1.505,-0.9728,0.3713,1.3982,-0.4943,0.972,-1.6169,-0.9623,-0.8405,-0.3611,0.3802,-0.7639,0.2168,-0.4192,-0.0985,0.3412
0.8482,1.2374,-0.9668,-0.6721,-0.778,-1.9839,-1.6606,0.1304,-0.2609,-1.3066,-0.7411,0.1514,1.6088,-0.9613,-0.7003,0.137,-0.8524,0.1825,-1.2966,0.1793,-1.2512,1.1174,0.7988,-0.3171,0.3367,-0.8299,0.148,1.176,-2.9092,0.4688,-0.1174,1.4969,0.9943,-0.5485,-1.1629,-2.2121,1.7375,-0.7691,-0.605,-1.1866,-0.6672,0.2174,0.8936,-0.8836,-0.6552,-0.5134,-1.4864,-1.3342,-1.2099,0.0239,1.3162,1.4997,-0.1128,-0.5116,0.7392,-0.9163,0.1616,-0.6131,-1.0414,0.8978,-1.0596,1.1373,-0.4783,-1.9602,-0.488,-1.7774,1.366,0.7524,1.6107,-0.3736,0.2495,-0.0389,0.2447,0.6417,-0.9366,-0.9203,-1.4888,-0.2922,1.0486
-0.6432,1.556,0.4873,-0.6519,-0.2503,-1.7018,-1.1204,-0.5249,-0.4293,-0.7882,-0.9528,-0.3336,0.6779,-0.085,-1.2131,1.9445,-1.7827,-0.1729,-1.3798,0.5551,-0.3952,-1.0509,0.0646,-0.2301,0.2602,-0.637,-1.0115,-0.1177,-1.0731,-0.3742,1.0408,0.1659,1.0562,0.8039,-0.2806,-1.8944,-0.1777,-0.2273,2.1322,-1.733,-0.2167,-0.7367,-0.3521,-0.9285,-1.4543,-1.5795,-0.1467,-0.4469,-0.4362,-0.5861,1.1101,1.1959,-1.3179,-0.8907,0.3727,-0.7214,-0.5693,-0.1361,-0.6577,0.1489,0.2703,0.5084,-0.8518,-1.9108,-0.8134,-0.7495,0.7858,0.8911,0.4127,-0.8019,0.425,0.345,-0.3851,-0.3182,-0.2078,-1.0253,-0.4912,0.0625,0.2239
0.6018,-0.2788,0.0058,-0.0915,-0.1993,-0.3903,-0.4028,-0.1904,-1.2021,-0.3219,0.0451,0.1377,0.2085,0.5027,-0.2873,-0.355,0.9738,-0.2647,0.444,-0.2894,0.0168,0.524,1.0399,0.0439,2.089,0.554,1.2025,0.9156,-0.3793,0.5648,-0.9394,1.5249,0.0297,-0.4144,-0.635,-0.4,0.5728,-0.2556,-1.1513,0.6708,-0.0753,0.9314,0.8673,-0.404,-0.2874,-0.0725,-0.7439,0.0889,0.3938,0.2016,-1.1666,0.9344,-0.9276,-0.2266,0.8797,-0.8931,1.2764,-0.2245,-0.6892,0.2149,0.5679,-0.8087,-0.1153,-1.1762,0.5228,0.0409,-0.4248,0.992,0.4894,-0.1746,0.4556,0.9284,1.0557,1.0215,0.1742,-0.8041,-0.688,0.2159,0.062
1.0621,0.6095,0.0348,-0.1493,-0.5301,-0.1336,-1.5985,-1.1722,-1.2928,-0.2748,-0.522,-1.5441,0.5434,0.7468,-0.6868,0.2003,0.8041,-1.0082,0.5055,0.0892,-0.8334,-1.1348,0.1749,0.0953,0.1816,-0.8441,-0.1802,1.6995,-0.7997,-1.2857,-0.9046,1.1621,0.2243,0.779,-1.364,-0.9779,0.0376,-0.8958,-0.4275,-0.4024,-0.5446,0.4723,0.5126,-0.1891,-1.5836,-1.0648,-0.8846,-2.3611,0.3707,-0.4193,-1.793,0.7158,-0.5401,-0.4987,1.1322,-0.8584,1.918,-0.95,-1.195,0.7695,0.0347,-0.3851,-0.5104,-2.8653,-0.0499,1.2091,0.6399,-0.6808,2.5779,-0.8599,0.1104,-0.0049,0.5074,-0.4238,-0.8913,-0.8228,-1.4115,0.2518,-0.7765
0.4426,0.5511,1.5177,0.9385,-1.1627,1.0437,-1.2616,-0.7683,2.0042,0.5191,0.5714,2.4142,0.8813,0.0065,1.1401,0.7307,0.5439,1.4307,0.5884,0.2408,0.1803,-0.8167,-0.161,-0.5687,-0.9289,-0.7544,-0.2328,-0.6858,0.7727,0.507,-0.3823,-0.2241,1.5036,0.1336,-0.035,0.0852,-0.7871,-2.0539,-0.7034,-1.1325,0.1271,-0.3668,-0.5439,-0.1176,1.2206,0.2863,-0.2089,-2.9429,1.5553,-1.6419,-2.4073,1.3565,0.5304,0.9666,-0.9005,2.8469,-0.1515,-1.1916,-2.54,-1.2146,-0.2855,1.9342,0.8541,0.5232,0.1207,0.0557,0.4634,-1.3037,0.0299,0.2746,-0.6808,2.5802,0.0253,-0.933,-0.0299,-1.3032,0.0773,0.5914,-1.4262
0.4578,1.5311,0.5498,0.7504,0.6066,0.601,0.3215,-0.1001,-0.4673,-0.0028,-0.8637,-2.2873,-0.2503,0.8831,0.4474,0.0314,0.4952,0.3816,-0.4494,1.442,1.1907,-1.4287,-0.6821,-1.0327,-0.7883,-0.5989,-0.6696,-0.7272,-0.3107,-0.6385,1.1535,-1.3666,0.4408,0.4738,0.3237,0.1456,0.0552,0.1598,1.4791,-0.0253,0.4234,0.3103,-1.6863,1.9108,0.3896,0.0981,1.6499,-0.3189,-0.0223,-0.3861,-1.2973,-1.1997,0.0567,-0.0536,-0.2687,-0.1749,-0.9037,-0.2123,1.4581,0.6009,1.127,-1.7315,-0.1829,-0.2479,-0.315,0.9902,0.844,-1.551,-0.7401,-0.4238,-0.4394,-0.1483,-0.9062,0.8887,-0.0755,-0.0626,-0.4257,0.237,-1.2797
-0.6365,0.7302,0.0262,0.1611,0.1663,0.3898,0.2064,0.7856,0.2981,0.0008,0.071,-0.4056,-0.435,0.4478,0.4719,-0.7412,-0.4168,0.1096,0.3407,0.898,0.5125,-0.5972,0.1331,-0.2995,-0.0954,-0.9213,1.3886,-0.1836,0.5118,0.8008,0.0337,0.6716,0.2775,0.3988,-0.8625,-0.0999,-0.6346,0.4452,0.4038,-0.0656,-0.2631,-0.1304,0.8374,-0.246,-0.0158,-0.1214,-0.9031,-0.2956,0.5342,-0.7784,0.0815,-0.3898,-0.3742,-0.2525,-0.3801,0.0764,0.2654,0.0922,0.9868,1.1124,-0.2495,0.3877,-0.3121,-0.3962,-1.1104,0.0697,0.6121,-1.3025,-1.3201,0.3972,1.2096,-1.0735,0.8717,-0.528,0.4072,0.1053,0.6758,0.8393,0.3929
-1.6496,-0.2651,0.6418,0.6417,0.5632,0.8825,-0.1298,-0.3576,0.2072,0.5656,0.5783,0.3985,0.7612,1.8035,0.9912,1.0966,0.3051,0.2874,0.9078,0.2286,-0.3159,1.186,-0.0479,-0.3273,-0.2107,0.9949,-0.8227,-0.478,0.5394,-0.3996,0.9505,0.5777,-0.425,2.0369,0.2185,1.8141,-0.0982,-0.4954,1.051,0.9483,1.4731,0.7309,0.5794,0.5915,0.5052,0.6035,0.2962,0.6679,0.8299,1.3135,0.687,0.1732,0.925,0.063,-0.5586,0.2538,-0.8752,0.1418,0.2218,-1.7212,0.8991,-1.089,0.3637,-0.1551,1.0268,-0.6482,-0.8284,0.8162,-0.5223,0.1032,1.1069,-0.4874,-0.1137,0.4482,-0.0851,0.3213,0.402,0.404,1.0311
-0.8427,0.786,0.8455,1.1873,-1.0589,0.9963,0.6456,1.1718,0.9938,1.2318,0.4547,0.0383,-0.3541,1.5507,1.8894,-1.3803,0.7259,0.4715,0.2618,0.1573,-2.1373,1.1764,-0.6581,-0.9754,-0.818,0.4853,-0.2961,-0.7233,-1.7872,-0.8303,1.6984,-0.8442,0.1046,0.648,1.8102,1.4195,1.165,-2.1292,0.3275,-0.0721,-2.732,0.8605,-0.912,0.5817,1.5332,0.5434,0.2644,0.4236,0.7874,0.4802,-0.178,-0.0856,1.5124,1.4184,-0.6847,0.1872,-0.6497,1.1584,0.7688,-1.0244,0.9459,-0.8827,0.8302,0.7077,-1.3331,-1.8445,1.1425,0.9504,0.4325,0.6138,0.9015,-0.4922,-0.6524,0.5744,-0.4729,1.0281,0.7634,0.3641,-0.2862
-1.2675,0.0045,0.4163,0.2792,0.871,0.5371,0.8558,0.032,0.2497,-1.6861,0.256,0.464,0.0046,1.248,0.8419,-0.1667,0.8131,0.7121,0.4866,-0.4361,0.5602,1.2944,0.248,-0.251,-0.6105,1.0675,0.3495,-0.4595,0.0957,0.1593,0.2122,0.0316,-0.6255,0.8837,-0.0664,0.3386,0.6408,0.236,-0.0681,0.1894,0.8298,0.386,0.061,-0.1807,0.3007,-0.6041,0.2903,-0.2829,0.8797,0.1753,0.4144,0.385,-0.2709,0.9449,-0.4403,0.3163,0.7647,0.4158,-0.464,-1.8612,-0.6756,-0.5208,0.5054,-0.2074,1.2992,0.5318,0.2867,-0.0804,-0.2647,0.5098,0.0187,-0.1865,-0.2972,0.0122,-0.3393,0.0514,0.6709,0.372,-0.4406
-0.5682,-0.822,0.8045,0.2119,1.22,0.686,-1.0783,-0.8394,0.4098,-1.6048,-0.772,0.7787,0.5808,1.6656,0.1196,-0.8267,0.9989,0.8558,0.5904,0.6055,0.4231,1.0647,1.0223,-0.1499,-0.3624,0.7181,-1.0151,0.394,-0.3605,0.4122,-0.4684,0.1859,0.5093,0.7967,0.2217,0.6247,0.8402,0.1359,2.4269,0.5718,-0.5693,0.897,0.2988,0.1205,0.2618,1.1487,-0.0449,-1.3269,1.3456,-0.0614,0.1311,0.1346,0.6124,1.5868,0.2903,0.8417,0.5958,0.7788,0.5772,-0.7478,-0.3357,-0.4461,0.9581,-0.1774,0.8291,0.3592,-0.8001,-0.3713,0.2296,1.1747,-1.3303,-0.4564,0.4831,0.2659,-0.9661,1.8313,0.2116,0.1111,0.3876
0.2248,-1.2501,0.4041,-0.1098,1.1416,1.319,0.8508,-0.254,0.7786,-0.2397,-0.4855,0.2767,-0.8396,0.6812,0.2457,-0.3601,1.1047,-0.1336,0.4241,-0.3319,0.928,-0.6605,0.6513,-0.2996,3.3416,0.8708,-0.3063,-0.2619,1.4959,0.104,0.743,0.6941,0.2552,0.0911,-0.2068,-0.3161,0.6111,1.4794,-0.5041,-0.1858,1.0811,0.8621,0.881,0.3521,-0.226,-1.7007,-0.5646,-0.1109,0.6157,-1.2234,-1.6265,-0.18,-0.3772,0.579,0.3641,0.4347,0.0251,0.0307,-0.4407,-0.1133,0.7049,-0.0605,0.1923,-1.1922,0.4098,-0.3107,-2.2255,-0.3346,-1.2582,0.6028,-0.263,0.019,0.5321,1.1796,0.9823,-1.7232,-0.2337,-2.9128,-1.2733
0.5001,0.0364,-0.5759,-1.6212,0.0598,-0.8802,0.5998,-1.9769,-0.2335,-1.0505,-1.4854,-0.5715,-1.6443,0.4296,-0.237,-0.9173,-0.1665,0.5342,-1.6055,-0.3423,0.7015,1.2484,-0.8278,-0.995,-0.8709,-0.3585,-1.1944,-1.4193,0.5157,-1.1821,0.4464,-0.9267,-0.4195,-0.0297,-1.814,0.0369,0.4176,-0.6143,0.6057,-0.0917,0.6571,-2.4139,-1.0505,0.7677,0.8474,-0.2359,-0.4143,0.5756,-1.2127,-2.0263,-2.0966,0.1599,0.3881,-0.1686,-1.5828,-0.3084,-1.0505,0.6108,-1.4207,0.5279,1.2253,0.5807,-1.0981,0.4137,0.484,0.4772,-0.1611,0.4962,0.6644,0.7882,0.2003,-2.5026,-1.2298,0.689,-1.4775,-1.8397,0.2201,-1.2139,-1.5568
-0.3714,0.0756,0.1967,-0.0394,0.4279,0.5405,0.4922,0.4485,-0.0875,0.2005,0.1742,-0.3917,0.2946,0.4205,0.4586,-0.7389,-0.1683,0.1172,0.0127,0.244,0.5559,-1.2568,-1.5631,-0.519,-0.0542,-0.2206,-0.7833,-0.7549,-0.4052,-0.5848,-0.2727,-0.349,-0.4955,0.9153,0.2861,-3.8573,-0.4268,-0.3754,0.8914,-0.2953,0.2988,-0.1473,-1.0839,1.6209,0.9882,1.2638,1.1625,-0.4058,0.4768,-1.3631,-0.1057,-0.8062,-0.2185,-0.3047,-0.4179,-0.3095,0.3225,0.0686,-0.4029,0.6113,0.5427,-0.5197,-0.0281,-0.0098,-0.2317,0.1746,-0.338,-1.3324,-0.5749,-0.6116,-1.1735,-0.346,-0.5182,0.3676,0.3174,-1.2206,0.2156,0.3253,-1.9905
-1.7331,-0.3519,-0.1139,-0.0615,0.294,0.1982,1.5308,0.8646,-0.0039,0.3222,-0.5239,-0.4429,-0.2867,0.8008,0.2881,-1.3574,-0.9674,0.7407,-0.1839,-0.6174,-1.3788,1.214,0.7183,-0.2114,-0.0159,-0.1139,-0.9876,0.5254,-0.1848,0.071,0.1365,-0.1578,0.2,-0.7903,1.1282,0.0068,1.1966,0.7983,0.4457,0.4567,-1.1543,0.589,0.1286,0.0121,0.3019,-0.5092,0.0635,0.794,0.6412,-0.3474,-1.7012,-0.1835,0.3076,0.2477,-0.0855,-1.2296,-0.6435,0.3818,-0.375,0.2139,0.3883,-0.9602,0.5705,0.9319,0.4772,0.2071,1.4851,-0.6211,0.0258,0.8745,-0.4111,-0.7729,0.154,1.003,1.091,1.0304,0.4619,0.4743,-0.4658
0.5643,-1.0541,0.1784,-0.0302,0.0693,1.0209,-0.0006,-1.0376,0.0836,-0.3545,-0.3809,-1.1149,-1.3916,0.1857,-0.3931,-9.7211,0.4679,-0.6948,0.0484,-0.2624,0.6477,-0.4505,-6.6109,0.1741,-0.3182,0.3016,0.1658,1.3069,1.0332,1.0575,-0.4299,-2.5044,-0.657,-0.8903,-1.0477,-0.3725,-0.9969,2.0826,1.9436,-1.6969,1.6963,-0.8416,0.2457,-0.4922,-0.9526,-1.043,-0.483,-1.0294,0.2243,-1.1258,-1.4617,-0.4339,0.8564,0.2078,1.2547,0.8162,0.8264,-1.6321,-1.7592,0.6358,-0.2435,0.2669,0.1695,-0.5018,0.4556,1.1711,-1.7934,-1.1871,0.7205,0.0229,0.176,1.4131,2.0965,-0.7605,1.1913,-1.5383,0.171,-0.4721,-1.1689
0.3341,1.4479,-0.376,1.0687,-0.3185,-0.5121,-0.9519,-0.1884,1.017,-0.8033,-1.0406,-0.2939,0.7082,0.0515,-1.2546,0.1377,-2.2074,-1.0516,1.1541,0.334,0.4294,-0.9441,0.158,0.0052,-0.2072,0.3612,0.0273,0.0355,0.3715,-0.1538,0.5361,0.7642,1.6899,-1.3902,0.2668,0.3696,-0.3896,-1.4335,1.223,0.9346,-0.0543,0.0952,0.1862,-0.2223,-0.6673,0.9554,0.7731,0.0807,0.1618,-0.1955,0.5438,-0.1299,-0.4397,-1.0107,-0.3024,0.296,-0.6125,0.1898,1.5579,0.2972,-0.5148,0.6079,0.3054,0.5799,-0.1896,0.1621,0.4421,-0.2123,-0.8699,-0.4348,0.1455,-0.2921,-0.1664,0.6204,0.3123,0.2156,-1.2378,0.5439,-0.0045
-0.078,-1.4938,-0.0623,-0.0436,0.1854,-0.2841,1.3969,-0.2493,-0.2343,0.5257,0.7923,-0.1519,-0.3121,-0.7479,0.1158,-0.5835,-0.2575,-1.4189,0.793,0.0276,-0.7509,-0.6101,0.4305,0.2349,0.0642,-0.0627,1.1614,0.7447,-0.4958,1.7535,-1.7111,1.2853,0.8461,-0.9334,-0.7099,-0.1713,-0.1821,-0.0616,-0.2176,1.0018,-0.7876,0.4963,1.2128,-0.1548,0.0903,0.1721,0.132,-0.8515,0.4532,-1.1126,-1.0954,0.4244,0.2341,-0.1359,0.491,0.7563,1.3121,-0.7157,0.2001,0.1799,-0.6174,0.4576,0.7214,0.1323,0.0428,0.4621,0.269,-0.4754,0.9098,0.0639,-0.7053,-0.2907,1.2616,-0.679,1.1912,-0.7229,-0.4528,-0.0108,-1.3546
1.064,-0.4275,0.4599,0.2328,0.4036,-0.1372,-0.0527,-2.2629,0.1477,-0.1023,0.3532,-1.1457,0.5837,0.0695,-0.0969,0.1463,-0.1809,-0.8494,0.2218,-0.0943,0.0585,-0.7251,1.4377,0.09,1.8308,-0.4572,-0.091,1.0074,0.4716,0.3244,-0.6747,1.4425,0.504,-1.1878,0.6246,-0.4907,0.9608,0.0978,-0.9538,0.9401,-0.5205,0.6691,0.8144,-0.6128,-0.4812,-0.2912,-0.7668,0.5373,0.284,0.2967,-0.4617,1.09,0.1146,-1.1605,0.6605,-0.097,0.425,-0.0457,0.4236,0.6523,0.2155,0.6564,-1.6639,0.5294,-0.2875,-0.0131,1.1451,0.1103,0.182,0.2654,0.6333,0.8137,0.7387,-2.1245,1.1088,-0.0081,0.4303,1.1909,0.4004
-0.4031,0.5971,-0.1752,0.2649,0.3668,-0.076,-1.5711,0.3612,-0.0257,0.6144,0.1073,-0.1499,-0.0154,0.608,0.0909,-0.5802,-0.7881,-0.9026,-0.8376,-1.5065,0.4169,1.4157,-2.3549,-1.0582,-0.1826,0.5819,-0.3536,-0.1333,-1.3386,-1.5004,0.6204,-1.4409,-0.5281,1.0467,1.446,1.0084,1.8558,-1.3385,-0.2299,-0.709,-0.3141,0.4796,-1.9544,2.1497,1.4076,0.6156,-0.3772,0.634,0.0352,0.6692,0.1463,-0.8443,-0.1154,0.3775,-0.5993,-0.8169,-0.8963,0.7584,0.7638,0.112,0.2955,-1.415,-0.3044,0.4645,0.0104,-0.2179,1.2254,0.5085,0.3637,0.0869,0.2253,-2.2823,-1.28,1.6347,0.4141,0.6364,-2.3664,0.9693,-0.1877
-0.871,-0.7986,0.404,0.3308,0.4146,-0.1607,-0.1665,1.1192,-0.1806,-0.735,0.1397,1.4403,-0.2061,-1.9172,-0.0846,-1.4309,-2.7121,1.5731,-1.2327,-1.8511,0.5292,1.163,-0.1075,-0.178,-0.6941,-0.6971,1.558,-0.7466,-1.8639,-0.1377,0.7737,-0.8088,0.3367,-0.5906,0.3379,-0.7402,2.7956,1.0745,-1.194,0.0838,-0.2372,0.4642,-0.836,-0.8085,1.601,1.3882,-1.0799,1.069,1.0418,0.8482,0.0187,0.8529,1.1441,-0.0135,-0.6357,-0.378,-0.5551,0.3609,0.3496,0.5849,-1.1893,0.5668,0.6372,0.3586,2.0923,0.5847,-1.1969,-0.2662,0.5339,0.9137,-0.9843,0.7678,-0.4634,0.4137,-0.5864,0.6695,-0.3655,-0.0411,0.3585
0.1334,-0.7948,-0.599,-0.6591,-0.6229,-1.5314,1.0447,0.0973,-1.3007,1.2424,1.6895,1.8816,-1.2799,-1.4142,-0.3203,0.1494,-0.8819,0.5858,-0.8419,-0.5938,-0.9066,0.7786,1.4099,-0.1914,0.7205,-0.6813,1.6945,1.0569,-0.4383,2.283,-2.6216,1.3775,0.016,-0.9445,-0.345,-0.5828,0.2512,0.0131,-0.8705,1.4599,-0.5077,-0.3997,0.7587,0.3359,0.4104,0.3032,-1.6471,-0.4423,-0.698,-0.5632,-0.9105,1.2045,-0.0252,-0.3226,1.0313,-0.1771,0.0678,-0.5305,0.0874,0.2393,0.1822,-0.433,-0.1752,0.8935,0.4519,-0.4019,0.0027,0.1419,0.6784,-0.3633,-0.1487,0.0627,0.9771,0.0372,-0.402,-0.3753,-0.2208,-0.6835,0.0983
1.7684,-0.0866,0.1828,0.5709,-0.0255,0.2495,-0.814,1.9052,0.137,-1.3303,0.9853,1.254,1.136,-0.2235,-6.4802,0.4448,0.6971,-0.7319,-0.1113,-5.3526,-0.6401,-0.4676,0.5208,0.0693,-0.098,-0.3931,0.1454,0.5296,0.9528,0.1597,0.0408,0.0833,0.826,-0.8451,1.438,0.7762,-0.4182,0.8244,1.3887,-0.583,0.6648,0.4763,0.1984,-0.1924,-0.6083,-0.2491,-0.5834,0.5365,0.5325,0.023,-0.1387,-1.0162,0.1373,-0.843,-0.0749,0.3192,-0.5809,1.5033,0.6249,0.5183,0.8165,1.6312,0.0788,-0.1989,-1.3675,-0.257,-1.5142,0.6297,-0.3632,0.7303,1.2986,0.7333,0.2785,0.378,1.5226,0.4611,0.5331,0.3021,-0.1707
0.018,0.5059,0.1982,1.0951,-0.7616,-0.1609,-0.5572,0.1555,1.938,-0.6202,-0.1623,-0.2023,-1.5833,0.397,0.6591,2.2885,-0.214,0.7739,0.1117,-0.1516,-0.4345,0.5132,-1.2182,-0.8191,-0.1037,-0.6301,-0.8211,-0.873,-1.0558,-1.546,0.7503,0.0264,-0.2036,-0.5084,1.1496,-0.2072,-0.1466,0.0104,0.3304,-0.5507,-0.2637,-0.2178,-0.6586,-0.1013,-1.0671,-0.2041,0.7772,0.4583,-0.0766,0.5327,-1.4403,2.2377,0.4036,-0.7403,-0.9802,-1.2281,-1.024,-1.9443,-0.4351,-0.4307,-0.0071,0.6327,-0.5381,0.1898,-0.3284,0.5398,-0.1171,1.4113,0.2875,-0.6838,3.3969,-0.649,-0.8388,0.6541,-1.231,0.7056,0.1718,-0.5045,-0.1458
0.2237,0.5205,-0.9244,-0.7876,-1.2026,-1.0807,-0.1354,-0.527,-1.0093,0.2759,-0.5688,0.4757,-0.453,-0.9839,-0.8518,2.3044,-0.337,0.6858,-0.3011,0.502,0.3517,-1.0103,0.3487,-0.5139,-0.3188,-0.9441,-0.5572,-0.6076,-0.4209,-0.592,-0.4195,0.5518,0.3202,0.687,-1.0734,-0.4793,0.12,-0.5003,-0.4778,-0.1631,-0.2494,-1.1954,0.8637,0.2295,-0.4821,0.1882,0.0694,0.8284,-0.9454,-0.4734,-0.7297,1.5539,0.0987,-1.2256,-0.0385,-0.7235,-0.9697,0.2151,-0.0282,0.4511,-1.4367,0.7069,-1.0715,0.1275,-0.2613,-0.2914,-0.0936,1.6262,0.169,-1.1433,-0.4237,-0.0647,0.2285,0.4565,-0.4579,-0.5742,0.0465,-0.6157,1.4915
-2.143,0.5592,-0.0597,-2.8552,-1.5341,-0.9443,-1.1254,-0.6096,0.0981,0.447,0.1105,0.661,1.3821,0.2342,-0.9081,0.3742,-0.5079,-0.926,-1.0071,-0.1942,-0.438,-0.8997,-1.2229,-0.935,-1.5429,0.413,0.1613,-0.7189,-0.2916,0.0443,-0.0446,-0.1765,1.0786,2.9404,-0.9409,-0.949,1.1856,0.6831,0.6684,-1.9223,0.0521,-1.6348,-0.212,1.642,-0.4725,-0.4271,-2.4036,-0.3534,-0.5388,-1.6099,0.1324,-1.5318,-1.2287,-0.9672,-1.6661,-0.9676,-1.7531,-0.042,-1.9101,-2.5125,-0.7769,1.4928,-1.1947,-1.5841,-0.1952,-2.8438,0.0516,0.4813,0.0527,-1.1298,-2.6493,-0.1909,-0.8349,-0.199,-1.3614,-1.403,-0.6085,-0.6842,-1.1628
-1.1931,-2.1182,-0.2482,-0.2623,-1.4109,0.3505,-0.9802,0.5371,1.33,1.6077,0.66,1.6244,-0.1778,1.0278,0.3003,-1.1508,-1.6335,-1.1398,-0.4228,-0.6268,-1.9074,1.3348,-1.7223,-1.0051,-1.0321,0.1898,-0.8513,-2.2525,-1.0301,-1.712,0.8427,-0.8587,0.5662,1.3443,0.9786,0.559,1.7236,-0.5727,0.3997,-1.7187,-1.2877,-1.3429,-1.2732,-1.7077,0.695,-0.4983,-0.2633,-0.6842,-1.8493,-1.4281,1.2659,0.0075,0.9412,-1.3955,-2.4401,-0.35,0.0649,-0.274,-1.3367,-2.182,-1.3209,0.5057,-1.2589,0.2973,-0.9387,-3.8576,-0.0516,-0.0722,-1.2933,-0.8094,0.9881,-1.9721,-1.7717,-5.0912,-3.2344,0.2563,-0.4007,-0.8421,-0.5243
0.6352,-0.3183,-0.6122,-0.1753,-0.5651,-0.3405,-0.9282,0.2793,-0.684,0.2941,-0.5114,0.1774,-1.7715,-2.0555,0.122,-2.1557,-0.2149,0.4107,-0.9224,-0.3424,-0.5963,1.0987,-0.5986,-0.5961,-0.5115,0.7723,-0.3348,-0.5551,-0.5522,-0.6782,0.3101,0.0371,0.5718,-3.1685,1.0612,-4.9805,0.7421,-0.1521,-1.1606,-0.5268,-1.2328,-0.0395,-0.6373,-0.823,0.3084,-0.0023,-0.1837,1.0255,-1.403,0.4269,0.2954,-0.5277,-0.0766,-0.1522,-0.9035,-1.2902,-0.6287,1.2396,0.529,0.2242,-0.5347,-0.6017,0.4657,0.4729,0.9471,0.8117,2.5217,-0.744,-0.6302,0.2203,-0.097,-2.8295,-0.7076,0.4685,-0.3219,0.9868,1.3335,0.4727,2.0247
-1.1487,-2.5038,0.0333,-0.5385,-0.2319,-0.0563,-0.3141,0.7277,0.6645,0.0938,0.887,0.0722,-0.2236,-0.8629,-0.7657,0.0158,0.4433,-2.8455,0.5265,-0.5236,-0.3908,1.0031,0.6379,0.0629,-0.1772,-0.7041,-0.8584,-0.3632,-0.2299,0.6514,0.081,0.9149,-0.2846,-0.6421,0.1919,0.393,0.6871,0.4179,1.4723,0.2848,-0.8796,0.5156,0.7125,-0.531,-0.0566,0.0091,0.3747,-0.268,-0.9096,0.9138,0.0502,0.4615,0.6394,-0.6858,0.3204,1.2321,0.1522,-1.0608,-0.5855,-0.4026,0.0002,0.4712,0.2246,0.8798,0.7672,-0.3212,-0.2076,0.0541,-0.4006,0.1872,0.3405,-0.4341,0.8032,-2.2671,-0.6112,1.2307,-0.165,-0.9771,1.4162
0.0137,0.0082,-0.1682,-0.6775,-0.2161,-0.6472,-0.2496,0.2282,-0.1582,-0.2735,-0.2252,-0.4487,-0.213,0.2186,-0.2629,-0.4543,-0.378,-0.6437,0.5404,0.5029,-0.3105,-0.582,0.5696,-0.235,0.6388,-0.1477,-0.1805,0.4397,1.2666,-0.6375,-1.2472,1.5481,0.3525,0.8988,0.9406,-0.0179,0.8301,-0.693,-0.3032,-0.0232,-0.792,0.6453,0.6693,1.1355,-0.9766,-0.5008,-0.5549,-1.8092,0.285,0.2088,-0.8799,0.896,-1.1242,-0.7732,0.5672,-0.421,1.2816,-1.3936,0.1986,-0.0305,-0.6612,-0.0017,0.0151,0.3251,-0.2275,0.3819,0.123,0.1075,1.9223,-0.8056,-0.2416,-0.9265,0.3329,-0.4885,1.0208,0.2441,-0.7262,-0.1573,0.3344
-0.3242,-0.1112,-0.7461,-1.007,-1.1766,-1.6931,0.1315,0.1024,-1.213,-0.0393,-0.1441,0.2979,1.0715,-0.6183,-1.2643,0.1251,-0.0035,-0.8706,-0.9183,0.214,-0.9176,-0.3427,0.882,0.349,0.9379,-1.4101,-0.6994,1.2126,0.1704,1.2744,-0.9689,1.0569,0.8849,-0.4384,-0.1859,-0.9342,0.4378,-0.707,-0.5004,-0.3135,-0.6208,-0.3832,0.7339,0.5199,-1.2342,-1.0999,-0.2506,-0.7911,-0.8554,-0.2085,-0.7715,0.511,-0.6792,-1.198,0.8588,-1.034,-0.2379,-0.0425,-0.2017,0.499,0.021,0.6772,-0.6524,0.1634,-1.2645,-1.1348,0.002,0.2228,0.6045,-1.1016,0.0362,0.6332,1.4895,-0.1644,0.1034,-0.185,-0.8412,-0.608,0.8372
0.3116,1.0759,0.28,1.1874,0.1862,-0.507,0.5896,-2.1059,-0.8374,0.6022,0.0337,1.5895,-0.7749,-1.0219,0.804,-2.0168,-1.2333,0.7585,-0.5663,-0.1074,-0.1252,1.2195,-0.8261,-0.9006,-0.619,0.2138,0.844,-1.2239,0.0854,-0.9379,1.0202,-0.3776,-0.613,-1.2348,0.9014,0.5565,1.1531,-0.2046,-1.3313,0.4874,-0.347,0.0671,-0.812,-0.822,1.2986,0.3764,0.6123,-0.0115,0.3442,0.2809,-1.2588,-0.1929,0.7045,-0.9014,-0.4208,-1.0475,0.1095,0.6864,1.0233,0.1267,0.9473,-0.5833,0.2743,1.2089,1.1867,0.1071,1.6736,0.9223,0.3528,0.0522,0.1355,-1.2802,-0.4596,0.8765,0.3607,2.5246,0.8653,0.2839,0.8683
0.9045,1.4105,-0.1786,-0.5168,-0.3073,-1.833,-0.0069,0.4001,-1.393,0.4062,0.1997,1.7366,2.1377,-0.1454,-1.0751,1.372,0.1496,0.0363,-1.419,0.926,-0.1399,-0.9759,-1.3651,-0.8909,0.8054,0.0591,0.0453,-1.5775,0.22,-0.9368,0.1946,-0.1764,1.7891,1.6077,0.3296,-1.0521,1.7577,0.1373,0.854,-0.755,1.1739,-0.174,-1.2031,2.6528,-0.0553,-1.0342,-1.4717,-2.3594,-0.3858,-0.0438,0.8506,-0.326,-0.6966,-0.4289,-1.5792,-1.6142,-1.2905,-0.2739,1.4861,0.2327,0.9385,0.3476,-0.2902,0.0303,-0.7653,-0.2701,0.7724,-0.79,-1.3773,-1.2443,-0.6318,0.3121,-1.3642,0.1653,-0.003,0.0044,0.1114,-1.0593,0.3193
0.0569,1.2339,-0.0022,-0.3275,-0.5811,-0.6874,-0.993,-0.4127,-0.7105,-0.6918,-0.5739,-1.4061,1.5454,0.1862,-0.4565,1.4924,-0.9869,-0.4615,0.501,0.6181,-0.0392,-1.0804,-1.1061,-0.9255,-0.2311,-1.0122,1.2218,-0.4444,-0.805,-0.7186,1.3165,-0.5843,1.6218,0.2643,0.2288,-0.4695,-0.465,-0.4701,1.4529,-0.9914,-0.4442,-2.4535,-1.4659,-0.1265,-1.2316,-1.6726,0.0857,-0.3605,-0.5758,-0.662,-0.5008,-0.026,0.2608,-0.1371,-0.9442,-1.3475,-0.8008,-1.2176,0.6061,0.0089,0.2351,0.3692,-0.4263,-0.611,-0.4716,0.6778,1.1243,0.797,-0.3759,-0.7657,-0.4746,-0.122,-0.8236,-0.2184,-0.4648,-0.1302,-0.2944,-1.2325,0.6581
-1.8293,0.8978,-0.4707,-0.7171,-1.2506,-0.7745,-0.629,-0.2516,-1.1492,-0.4701,-0.1736,-0.4298,0.2321,-0.5684,-0.8282,0.6842,-0.3023,-0.4544,0.0124,0.7662,0.4702,-0.2916,0.5382,-0.2181,0.0472,-0.7724,-0.2442,0.2264,-1.1368,1.0366,-1.1556,0.979,0.3522,0.2825,0.2823,-0.4448,-0.1706,-0.9344,-0.1491,-0.359,-0.798,-1.0677,1.1557,0.1048,-1.1662,-0.6855,0.5084,0.271,-0.7941,0.7702,-0.1594,0.384,-0.5082,-1.3405,0.2171,-0.705,-0.366,-2.2549,-0.1941,0.2143,-0.004,0.2298,-1.0453,-0.3318,-0.5434,-0.7367,-0.2141,0.442,-0.3789,-1.3433,-0.4038,0.8401,0.8141,0.0738,0.0666,-0.5005,-0.6027,-1.0565,0.1993
-0.7948,0.0171,0.0326,-1.3239,-0.8774,-0.5909,0.3027,-0.4503,-0.737,-0.6972,-0.6215,-1.0546,-0.3789,-0.5613,-0.5469,2.6027,-0.3979,-1.0689,-0.489,0.5649,0.2387,-0.5835,1.0935,-0.3648,-0.1666,-1.256,1.3514,0.738,0.1275,0.9259,-1.2733,-0.3518,0.0442,-0.2501,-0.714,-0.4873,-0.6978,-0.8833,-0.4139,-0.1559,-0.2127,-1.7879,0.2851,-0.3147,-1.1897,-1.4553,0.9606,0.9658,-0.6394,0.3593,0.4736,0.5136,-0.1666,-0.8676,0.1992,0.3534,0.1231,-1.6815,0.1426,0.331,-0.4309,-0.0013,-0.9606,-0.7093,-0.9848,-0.0721,-0.7739,1.8321,-1.235,-1.6456,0.0576,0.6605,0.9093,-0.5061,0.4342,-0.2684,-0.7088,-1.1622,0.303
3.2038,2.5758,-0.1867,0.8367,0.1279,-0.1093,1.9282,0.7203,0.3042,-0.85,-0.6961,-0.3829,1.5072,0.8953,0.2298,-0.8244,-0.8115,0.1685,-0.9947,1.9503,0.3125,-0.9964,-1.3976,-0.8294,-0.4393,-1.5602,0.9879,-0.0324,1.4247,-0.1249,0.7856,-0.7999,0.8242,0.388,1.2351,0.8071,0.6939,0.5113,1.8692,1.1671,0.1453,1.4421,-1.2758,-0.3773,0.4014,-0.2475,-0.5751,0.0841,0.8063,0.4117,-0.4834,-1.6704,0.1411,-0.2339,-0.2777,0.4067,-0.3136,0.3703,1.9396,1.118,0.8892,-0.8482,0.3998,1.8472,-2.2555,-0.5123,1.2641,-3.1071,-0.2767,0.4609,0.5073,-1.9385,-0.002,0.0502,2.9338,0.093,0.2898,1.0662,-2.6671
0.2501,-0.4369,-0.5383,-0.9978,-0.8558,-1.1894,0.4153,-0.7801,-0.4083,0.2926,0.7697,0.3614,0.5681,-0.195,-0.4837,0.6835,0.1881,-0.0101,0.8069,-0.0805,-1.3033,0.1304,1.1671,0.1811,0.2209,-0.4587,0.446,0.5402,0.1052,-0.0842,-1.2351,1.3731,1.0582,0.5309,0.0273,0.2073,0.0658,-0.0368,-1.1636,0.0718,-0.1594,0.6487,1.0932,0.5194,-0.683,-0.4419,-1.2184,-1.4537,-0.4244,0.1824,-0.8665,0.8264,-0.4481,-0.6994,1.2212,-0.8024,1.1435,-1.0475,0.1921,-0.0878,-0.8837,0.1843,-0.4279,0.6856,0.1791,-0.0896,0.2668,0.0658,0.3606,-0.3445,0.3113,-0.0179,0.7576,0.077,-0.0191,0.6561,-1.005,-0.3809,0.1508
0.125,-0.5213,0.3213,0.4756,0.714,0.0665,1.162,0.6019,0.4271,-0.0785,0.2504,0.1603,-0.1737,0.0384,0.8959,0.0187,0.0752,1.0094,0.28,-0.8679,0.5217,1.1947,1.4735,0.3581,-0.2584,0.7919,0.4069,0.3768,1.5109,-0.2098,0.7234,-0.2662,-0.7345,-1.3957,0.9168,0.1577,0.24,0.0902,-0.8316,0.4989,-0.5968,0.778,-0.0659,-0.9173,1.0198,0.56,0.7741,1.2379,0.1312,2.3098,0.1103,0.1775,0.1035,0.4711,0.4298,0.3184,0.7568,-0.4875,0.2563,-0.92,0.4882,-0.5182,0.853,1.4695,1.1225,0.8436,0.6291,0.1179,0.3194,0.3612,-0.2509,0.6145,0.0146,-0.1333,0.4153,1.4372,1.2894,0.9945,1.7412
-1.1713,1.3618,-0.115,-0.6393,-0.9904,-0.5183,-0.4394,-0.4731,-0.9149,-1.0785,-0.471,-1.396,3.0982,-0.1903,-0.5289,-0.0225,-0.939,-0.4981,-0.5949,0.8063,0.6819,-0.8379,1.389,-0.2008,0.223,-1.5252,-0.0942,0.4664,-0.43,0.32,-0.3538,-0.4431,0.5831,1.5096,-0.0071,-0.3056,-0.3279,-0.779,0.8168,-0.6335,-0.3492,-0.9473,-0.5858,-0.4654,-0.7128,-0.6275,1.0367,0.2919,-0.7658,-0.6196,-1.1814,-0.0981,-0.2959,-1.009,0.2081,-0.9964,-0.5161,0.162,-0.0938,0.4884,-0.9165,0.2073,-0.7766,-0.4628,-0.8569,0.1583,-0.0155,0.826,0.9963,-0.9725,0.3792,0.2369,0.0573,-0.435,0.2492,-0.6071,-0.1429,-0.6274,-0.0647
0.0716,0.9678,-0.5074,-1.5806,-1.506,-0.6971,-0.1789,-0.3363,-0.5787,0.4573,0.1478,-0.2308,0.8724,-1.7653,-0.9212,0.3989,-0.8277,-1.8239,0.1423,-0.2768,-1.333,-0.534,-0.7885,0.0523,1.1995,-1.3244,0.0778,1.733,-0.0851,1.8929,-2.7697,0.5334,1.8576,-0.3736,-1.5204,-0.7961,-0.2841,-1.138,-2.4016,0.7511,-1.1392,-0.5199,-0.3208,-0.9304,-1.2067,-1.0699,-0.0973,-0.8223,-1.1914,0.0511,-1.7908,0.4031,-0.5155,-1.0219,1.359,-0.624,0.6139,0.5674,0.4479,0.9332,-0.8531,1.533,-0.5626,-0.6108,-0.6371,-0.3011,0.6761,-1.1283,-0.5246,-1.2108,-0.5687,0.3245,1.7477,-0.1928,-1.0443,-0.5023,-0.0742,-0.7201,0.2177
-0.9892,-0.2421,-0.3147,0.5584,0.5658,-0.371,-0.7184,0.3505,-0.309,-0.7071,-2.0118,0.6172,-0.989,1.641,-0.188,-1.051,-0.6443,-3.1739,0.0396,0.7896,-0.3934,1.3336,-1.3208,-1.2357,-1.0398,0.9513,0.2889,-1.4131,2.0002,-1.5427,0.2463,-0.2946,0.8077,0.7378,1.0311,1.6935,1.1204,-0.7896,1.1701,-1.0597,-2.6786,0.2219,-1.0603,1.1136,-0.08,-0.7035,-0.0573,-2.7914,-1.4147,1.1977,0.044,-3.5325,-0.4352,0.0202,-1.5064,-0.8037,-0.6481,0.4388,0.3136,-3.2428,-1.6089,-0.3375,0.9441,0.743,-2.9266,-2.4699,1.007,0.4391,-0.9188,-0.1554,0.6132,-2.3854,-2.5919,-1.2477,0.525,1.5852,0.3851,0.1792,1.8484
-2.5765,0.6678,-2.5307,-0.1404,-0.6475,1.0394,0.3413,1.6956,-1.3632,1.0289,1.3723,1.9862,0.7631,-0.3402,-0.6577,0.7782,-0.0734,0.4269,-0.1288,0.5064,0.8537,-1.2057,-0.9504,-0.5534,-0.8752,0.4783,1.6771,-1.0062,0.9546,-1.4944,0.9481,-1.7536,1.3888,0.1541,-1.2098,-0.9565,-1.0783,-0.2894,-2.0806,-1.5219,0.1455,-1.4696,-1.7213,0.2605,-0.1063,0.1693,1.4779,1.9454,-1.6212,-0.4193,-1.1547,-0.7514,0.5408,-0.0234,-0.8919,-0.1324,0.5384,2.3484,0.5135,0.2829,-1.5686,0.5864,0.8547,-0.3116,0.0218,-0.5149,-1.1035,-1.3653,-1.8158,-1.4627,-0.3269,-0.1532,-0.6858,0.3997,0.2059,-1.4034,0.9878,-0.4466,1.8727
-1.5368,1.5129,-0.1583,-0.7937,-1.3354,-1.1979,-1.2338,-0.0773,-0.3912,-0.932,-1.5793,-0.0152,0.1945,-0.7769,-1.1475,0.4815,-0.3164,-0.4985,-1.8681,0.4451,-0.0878,-1.3315,-0.719,-0.5699,0.0724,-1.9862,1.5878,0.3948,-0.3924,-0.9108,0.1355,-1.122,0.5724,0.2943,-0.0837,-0.4275,-0.1084,0.1947,1.4858,-0.7099,-0.6876,-1.497,-1.1132,1.0189,-0.048,-0.4977,0.3709,-1.3344,-1.0232,-0.91,0.3819,-2.0825,-0.5031,-0.6972,-0.0885,-0.8486,-0.9853,-0.4222,-0.3635,0.1032,0.3328,0.8279,-1.1498,-0.6122,-0.8083,-0.0498,0.9631,-0.5726,0.4458,-1.0132,-0.0889,-0.2815,-0.9957,-0.0902,-0.6914,-0.7908,-0.5522,-0.3021,-0.0017
