1.1049400235952094,0.7797565078619715,1.1963407114971945,1.3246048058859643,0.7958625662419508,0.29591168074909424,1.1521012429844415,1.6172784410258314,0.9431886128453337,1.7249550126637425,-0.0028074969324513033,1.1732923293589457,0.8699069903504122,1.3862063696512799,0.7126218615187717,0.2769076517121029,0.5941383333296549,-0.07585855044051815,0.11525279106413822,1.1543586930005758,1.0926508369767076,0.8254199005468206,-0.22941153563839178,0.43869270378123115,-0.008271114569224913,1.1784064412664446,0.28377625007618823,0.017857643016055302,0.5603308853598139,0.209674720665338,1.2555718791671602,0.1298825258494361
-0.2673722849178038,-0.6783999195653763,0.3474836459337543,-0.42456609967452447,0.5476216366142909,0.16109641020581833,0.8181368364056261,0.4276702321931998,-0.35483818942505385,-0.5029742197529091,0.3856311543858996,-0.018201711451089037,-0.5658457459540474,0.12221210774840732,-0.598221639026585,-0.30962498078764167,0.4273274081124602,-0.6633345871427868,-1.1553527816378006,-0.9301504796149412,0.05926328095959449,-0.34343532511417196,-0.5669775875225681,-0.787567719679644,-0.3194905076422482,-1.0144673979281085,-0.463352218916548,-1.0065421768440255,-1.1128725208257046,-1.0042547201076637,-0.8929694799446098,-0.7476726315805006
0.6986334493558239,-0.0047065029418786875,0.25531999705521696,0.7870619634890507,-0.035937152305756004,0.44672148931925937,0.01902481409339586,-0.0016443898445756416,0.2614324332074371,-0.28186093196799217,0.7231419343805707,0.20610468769341259,0.5852033951090554,0.33406521153311786,-0.9249317488048726,-0.03618370598586057,0.12921503214929375,0.11301404184266045,-0.9255055701586858,-0.7323945021885481,0.059392985486593664,-0.8516810791455995,-0.6523869265103485,0.2549170877271254,-0.586070086611238,-0.9533020413499181,-1.0549936816692984,-0.474555227644953,-1.330616832426782,-0.8091789846433669,-0.538650489207618,-0.07368280333981525
0.8298459402898681,0.8528111992687615,0.479974808129447,1.3594137725297364,0.3932013617098231,0.32376337471655625,0.5570282714618616,0.814336467120507,1.3689288607582557,0.09608111776746253,0.6000652181537125,-0.17116130832990306,0.32096274379058354,0.38937101149728287,0.3223724949568924,0.8068401354870925,0.6206551496812774,0.41284038372083076,0.893529440888973,1.5296740528646957,1.4758853881127787,-0.317468127887386,0.9196633167594128,0.5288828465057562,0.6818065011934785,0.3909982976012875,0.6344316318010901,0.6364351964428394,0.2559569241246401,0.08156817517005349,0.2893520827555646,0.6144176068449143
1.100366507572796,0.34661207352504786,0.8698691114964177,0.05321736301408708,1.4628987305707164,0.6989817121150599,1.4622132827087897,0.6825580031888631,1.1969278585434333,-0.3429595445248689,1.9693672467548224,0.603378823357975,-0.2482826280481223,0.8733294655181206,-0.0016050916547368788,0.9333221317550129,0.9067178140143171,0.2197818505203365,1.2400316394198443,1.0709240454446576,1.1441687983861843,0.6483466099782298,-0.07663480861501026,1.1068306276432442,0.4690431301929048,-0.10475025722377274,1.251656999844652,1.6104352586580846,0.5248087383095001,1.6093125263842898,0.5593572883709815,0.30706002253335596
1.904927832874232,0.9632169961837023,0.3813169025732972,1.8344085515731359,0.5381060964637606,0.7001182062290429,1.1394950810536333,1.4163330774303238,1.0573792584519115,0.8171870426865658,1.5089842422503044,1.261151244668268,0.5937304860981474,0.9448267603708226,0.6635763994869158,0.6829692716498634,0.5122416957010711,1.3629104506116962,0.31308510855838795,0.2980205677672165,1.7167539126644573,1.132841540470948,-0.5614296245046752,0.3352651219324736,-0.3017658390202267,0.11479446766493423,-0.9936200162595309,0.4922367095598588,-0.025538106781554104,0.5597045774808631,-0.29886070537595566,0.5387439012025514
0.2089203212872086,0.7041917433660778,-0.4168409924226508,0.4614654806800472,0.5347698853676759,-0.21831278979221627,-0.3531591103129272,-0.15691520140006635,0.17652613747652485,0.7593745468787487,-1.0470782107264063,-0.7694148159490217,-0.9687181831963385,0.30171664691793865,0.05184008979005886,-0.03391489551717167,0.16436825478446698,-0.572776917620782,-0.5851769112681343,0.6889884246814011,-0.5611716595140043,-0.1032348372772311,-0.4993481276965338,-1.457150082063067,-1.5844849633194773,-0.879407082402949,-0.08813437740285146,-0.24676906411954513,-0.2070042460761609,-1.1790340921633156,0.10267048835852788,-1.2057043637068412
0.25073886951838836,2.036056133304148,0.7917486457302516,1.0674020932467465,0.5025897279342412,0.9959406732491807,0.14133397018993898,0.285053661356662,-0.4968396241725569,-0.1776939013863278,1.363402077824763,0.44111273223746106,1.2130859182240425,0.2744269010505119,0.20508480142337177,0.3268933969357465,0.2075888579612204,0.13346832908102133,0.7834299984119721,0.25715372604595976,0.5084155697008335,0.637731295725352,0.28582188186268565,-0.4238528136949944,-0.645685810793521,0.07455679060307419,-0.11604258304592278,-0.017255161419713262,-0.09942524522123404,1.1700748570046733,-0.8169609347334581,-1.1767348106650322
1.5274130870733253,-0.018481770054589064,1.7668096673997171,0.7475194281069844,0.5717997105615444,1.310364064590451,0.24786884025356393,0.9501118407369936,0.580044760166637,0.38525871419363195,2.0529659449400386,1.0523243478153863,1.306650275608118,0.01864030870610245,1.5965036364431575,-0.543583226271269,0.31655174941291586,0.4609675984318987,0.9704098100979084,0.7774958271123146,0.572849759392706,0.6379190858299202,0.14211571308055893,-0.13072170570441122,0.9674846409288305,0.9369928706406545,1.3678845044360184,0.16572294999922604,0.891840407949563,0.387898584900278,1.1089374166620478,1.0082693629556023
0.5724141080231181,1.307533681545889,0.8926088456038703,1.1854340793514382,1.5741907193878357,0.3922818733393698,1.1105937504658274,1.4943211692449894,0.08348784838407464,0.5946578505244563,1.3310820535408694,0.6599437752906948,0.370426338435357,1.2072831925307572,1.312132233172944,0.1285636887200715,0.09897812994898603,0.8031117760131486,0.9942284443271014,0.5186021514265433,0.9959040397330773,0.2888494547250911,-0.4262195746950247,0.4059439553713774,0.635844903017351,0.45221983442433356,-0.003664314972253613,-0.3470929895325787,0.28838840061515275,0.9785798349075157,1.141798643772148,1.091144666685759
1.5119769227705835,1.5066045636942826,0.7842928049461346,1.3509753313411301,0.6283933553130465,1.4540909127242523,1.2697294881371664,0.9620366387400191,0.01921939035481446,0.7413703219300999,0.46502065897312406,0.34101823308737433,0.22490018778648302,-0.30311735747644475,1.3312600243704922,0.5110101072547402,0.7795078462834434,0.6893643767842583,0.14583116113240557,0.03860423831747395,0.1535995667432848,0.2823335387290857,0.8144303483487455,0.22003565977736966,1.4774741455581113,1.1037153323191373,0.979817091690343,0.500902047170255,1.3025731706593435,0.4207491335220819,0.4980692169881837,0.5822752444911662
0.27653912494654687,1.1387047249969178,0.15651527135068133,1.0228719571823004,0.9193749845079117,0.2534043292814947,1.0795564039934056,0.47079880367706856,0.6098257558211541,0.8851913024036739,0.8115174678635146,0.3703781644964366,0.5879871796741907,0.730407076783894,0.03281506529859912,0.47962887981957947,0.8947748939485993,0.051765133098677696,1.2578389534097754,1.3029433253414922,0.03368184176185984,1.3227275746688518,0.5593364304857759,0.8271517711162029,0.35590330369667705,1.0516622279859427,0.7786843262818225,0.15365487010802825,-0.037168197183542584,-0.20039926852196743,0.607670812281685,0.7835236805063994
1.027548888902019,0.6279011680319153,0.09221508275408596,1.2116146377464863,0.6681620550649212,0.03781207507004525,0.7222714733348887,0.30267051799174916,1.0316250599983565,0.8710604938268602,0.21173370170197028,0.13266028789266543,-0.3280964036433812,-0.07425707041894392,0.425898616567736,0.4612678218177592,0.34432360741932255,0.09019996388179366,0.6782642476976886,0.2138568513483269,0.5038016015319048,-0.7648465330145727,-1.869471141773852,0.20317686317816488,-0.6816356931722465,-0.10605937815710642,-0.1814629511457584,0.7327494253279944,0.10860005087486227,-0.03878245967927399,0.26664777040404775,0.002487117665049693
0.8699106792591055,0.9189692023851804,1.2416676954069374,0.11318159602364264,0.6517635791294502,1.003180527936355,0.8899636027615927,0.6011316285467567,0.5516844987146969,0.20810001085865704,1.2539091483013454,1.204575674382383,0.5825638170360299,0.4008975470181608,0.18120014856752764,0.8903541548465986,0.1810383421680588,1.614814969504624,0.02572683706593526,0.8049667536478217,1.4396844833487958,0.9434626377756867,0.7189640810877327,0.1336526680567276,-0.08665576452305157,0.9751648688313548,1.3287109372449621,0.34130650316774425,-0.02409795100907386,-0.6993327661918654,0.02331750223403789,0.4404595533670114
0.24873053733369083,0.2028522451025648,1.3472555518574412,-0.0904141286312306,0.2731740957272585,0.3709809373044801,0.20464437660274512,0.6912235382365112,0.22939993365988526,-0.014408486864669761,0.4977356706504776,-0.04233630577189105,0.014414456723463392,-0.22856618743765295,-0.2158587009618759,-0.5519789478717391,-0.6717282748929692,-0.8322026624789337,-1.0648497964999082,-0.8437355643721642,-0.52501964961768,-0.4192421025814582,-0.6381871797520116,-1.7108725620875382,0.22512271746232793,-0.04667491098780574,-0.39330507762928163,0.3128304438390871,-1.152724886930033,0.2583015576178447,-1.1878727950779029,-0.6038887509679707
0.4553354659599641,0.09448603134226585,0.15001496671879866,1.3003127429195103,0.9269506469762104,0.6533435879196573,0.7308049305694676,1.4592083975149168,0.552921909412488,1.0721262192255225,0.7787600327886465,1.895676137678051,0.01709101241610189,1.3738811990840984,1.0485609646271277,0.4711328656603768,1.515594213152982,-0.2335716211729194,0.41866479896311964,0.06389559190703265,0.8622988621776327,0.08738570755019337,0.8476591982125026,0.5246762836268983,0.3645518584327582,0.7844634373892172,0.44132650488845687,0.016414076877310668,1.9461192976165909,0.2861683575680716,-0.5951046160107006,0.07623862975583723
0.589434882599458,1.0236851059351268,1.0274915605340869,1.3946324555745568,1.439866848416861,0.4292848130671464,1.2475729086907021,1.6826659891255633,1.3796076464476092,0.8192106302127425,0.5940889712120294,0.9009613944419165,0.18015327128832714,0.33274794955840764,0.12498478151380576,0.4806991966479413,0.686950247188685,0.8272907256042015,0.3792948099056738,1.2027785472391623,0.5521545007469196,0.2500565415110226,0.7442733584635612,1.5996709083095833,0.7718091130283593,0.40871200068575825,-0.18809336120186304,0.4510253379207948,0.6628968653431595,0.33596150345485887,-0.31899239505519306,0.07200527986481459
1.517928232042949,0.9420031347859166,0.5183537285482809,1.618197235109286,0.44529291507536495,0.4438076098926775,0.5075659767999947,0.4801558887017056,0.13231166884550316,0.20422538997719186,0.3453181699174056,0.5550729318483777,0.6341810407267666,1.3643592939928246,1.3678612568513506,0.5698328914074013,0.38550319909047165,0.25826827818458,1.0259360124667745,0.5657830772804269,0.4630096845805075,0.23708547057500579,0.24629402033614878,0.7779235872842977,-0.053490303182830656,1.0875741612665313,0.30871499495002963,0.48591352628093376,-0.12305617627117549,0.5235689799614617,0.34953945272002684,0.4722476751882982
1.5358544491809452,0.8885687624437733,0.40154956248651297,1.0930853519307977,0.9308902370270838,1.1306620572332586,1.086998078963136,1.4869369565938273,-0.20265949334289168,1.099934908102945,1.2518463790498724,0.30285748348160646,0.31237051095971,0.36492018317668434,0.47949915641437857,0.8321967695037396,1.133772280015861,1.231141913905617,0.26063659702876457,0.24578519469007937,1.3141680497500141,0.9672897258531044,0.6725596457763411,0.8545628293151588,0.58932693883508,0.8524321558963691,0.40760396860461856,0.6951339656264455,-0.20984022238564648,0.18585980166992838,0.17519433567013498,0.31009295801307446
0.2648397256740813,1.1431334872750727,0.5997156481186009,1.125444565026196,0.26604375358200927,1.1302567264020729,0.6085484760855584,1.236290825190817,1.3772186407027842,0.44386120828953196,1.1566096050756058,1.8622495340509029,0.39128338300817916,1.242359001845378,1.1422526948229292,0.8689392740307358,0.36566337372383456,0.6147846890506443,-0.3972459288596205,0.7803467132326959,0.8310647952560954,0.710667467674468,-0.8555258608044357,-0.014923731007230101,0.2301833383364691,0.7359692809670848,0.7203067696789812,0.4756196024212404,0.86305557110108,0.01663076143119402,0.8188174269123049,0.734659027036477
0.3741913799066461,1.282782402313809,0.8153108415495215,0.7372755826583961,1.0101784747332276,0.7487921847574734,1.3286087727431175,1.2626360683684,0.9788216075853226,0.7936313299057162,1.0886389046578602,1.2760916113877883,1.1875425736429406,0.22018833065651178,0.17737609651128838,0.36027059077423074,1.1890042994656367,-0.09767106336427389,0.8769268221666522,0.8494082395880513,1.237581159084999,0.7340871034757259,-0.0404774704501073,0.13821701121361396,0.01323106881188807,0.3211678312059916,0.4841865331455255,-0.02198926470369844,1.2807637981252462,-0.1328887368935766,1.186751635996547,1.0898694903362016
1.5112114776429109,0.8264118757881642,1.1129306394762675,0.9416524870517695,0.4952195209081133,0.3555839702237306,0.8308736868066318,0.664073648053067,1.0967094535553348,0.5396956754771598,1.6191981648994478,1.3725589685946817,0.3553372711197352,-0.16867608592663563,0.8392952600565753,0.5835913699693271,0.14613027048066074,-0.15020501083628313,0.6753677339769271,1.1560551398534795,0.9487338762851247,0.672271082563415,0.8705510114507106,0.6042874253487469,-0.11063329175438519,-0.12030717823915982,0.47405305236514955,0.4804048552237928,0.9709241420524842,0.9084040609700175,0.8162664319447814,0.3571466180779411
0.19091196659634058,0.9978795805525849,0.4837631177361954,1.2811919012446542,1.5685116715008884,0.879809545693234,1.0950952652812347,1.4623388615960222,0.4514276980084076,1.321664280477727,0.897676474169695,0.8387380859227821,1.3858902401477877,0.8410771626361445,-0.021631847851567243,1.4368586791336297,0.22716958394612013,1.3170125401433062,0.6344266868924945,1.256142186640424,1.223641437175285,0.8589892453014677,0.8853948836554083,0.8292088001339584,-0.4026835483797385,0.6493049238216629,0.017605228821541474,0.6463250702796615,-0.026038470392506063,-0.06272402153039358,1.3161671749422577,1.0320116686786265
0.02737411099960607,-0.2275571193754563,0.2207829560630726,0.6126852430611117,0.6589275387924172,0.3855886309337264,0.19627798812698216,0.42755566381787724,-0.21649329077484752,-0.6905956434406865,0.33813884947113054,-0.6621915651144356,0.2683638966883565,0.6586211809396253,-0.22159529833817085,-0.6676327458616758,-0.2346353283176519,-0.6081844533380646,-0.677223208079571,-0.1872848500441148,-1.2397508698991646,-1.1927653550503903,-0.4928934579912199,-0.5441750864800748,-0.3903931728988752,0.3476977218086976,-0.5639279851999354,-0.34182881727014974,-1.1518092959954935,-0.30154217093688945,-0.9684611892579678,-0.6875472973231026
0.8217995439025156,0.0014706929211013575,1.4681734146292753,0.7774042620678843,-0.06698553995932821,0.2736223741201035,0.6635820444221654,0.8682272052081348,0.5891644734118346,0.6576436488444288,0.2910734876487317,1.1496348411059336,0.7340149158486171,0.7592350884811345,0.47379815236064143,-0.45293946209683267,-0.25228360969261854,0.4685043911930332,0.20626141885715293,0.4020073423042722,0.9903863964059679,0.48505903270135337,0.7211720869067297,0.10862354399448987,-0.3728607050537217,-0.028766606407748925,-0.4327903374930245,0.7181966025064499,0.3037973126707939,0.13854427523552948,0.4661237942012626,-1.1917898830160825
1.053267195692959,0.4704829419180254,0.8858409105469912,0.8042342354529644,1.6293231303449862,0.13143969777205777,1.0228830327904361,1.5180230457268642,1.151559475939523,1.1827981598632016,1.0538258080319967,0.20195249142863048,0.044798552288663473,0.7261482111327481,-0.3602233699037134,1.3262182650652745,1.3112925521798968,0.4738081574790858,0.49416282928240063,0.631962956466235,0.6822674549617125,0.7075047177409248,0.9102432782809946,0.5315813150334363,1.0758254814996975,0.8131137029352135,0.2721555939211712,1.2282878323088786,-0.1336956902621418,0.48366904367190566,0.9971586246030406,0.1357514221604592
0.94728840027016,0.47630158746484164,0.484279351074253,0.3685596102135543,0.39392943960393656,0.18961627873396392,0.94209314821717,0.7222223702691368,0.674338974595512,1.470848421656726,1.0345416948772732,0.5334536166889245,0.4864686283209442,1.1666850921555045,0.5662838671555728,-0.18568138825080638,0.676775115065004,-0.07802956554261564,1.7716634284901063,0.18530273711795525,0.5753247470630373,0.7730191254943508,0.4867981445022279,0.4728792908045791,0.815142472841239,1.3532477937707013,0.9593918577661378,1.2999884376936013,0.02212324875235072,0.6884332657103246,0.5913229500944464,0.6728336204548989
0.4097976970356863,0.8584785491277017,0.6217698466010946,0.7169015629596374,1.0328048003792887,1.8397757760874667,1.2263526824740605,0.7331016967407621,0.7737345883277689,0.5038957082884638,0.284980505338243,0.3596170936288432,1.0644460771717295,0.19371785243088302,1.3869629625721638,1.0869185547856837,0.7111858191160103,0.6906427407538831,0.4009074728053789,0.8031788997154528,1.2003033613461973,0.2923395270158753,-0.1355688196175222,0.9695036189660473,0.7664118168827007,0.030040413651972075,0.20894163140042998,0.13117936138175967,0.1831666682819772,0.36791057206205,0.38042627192493306,0.17189114708230152
1.0444947653300225,1.6376791333533416,1.0792597885622015,0.9166653518750727,0.7756866643963624,0.4285493018944995,0.7598457675820424,-0.3905605986124815,0.986655376803899,0.7054568115588682,0.5918764887647084,0.02890961400209413,1.702396883584428,0.6779315506215762,0.6474354653960468,0.22819725790980777,0.7129081456568067,1.3839633801579891,1.1975062323286725,1.0953555696118489,0.9294566055755384,0.46464649436247724,-0.09395435867650792,0.5173751056043578,0.48629309749396177,1.1145370342081824,0.7303325380873991,1.3668872623586041,1.1441770728181888,0.301504144330596,-0.38386467424462745,1.190075591587272
1.4955158780288438,-0.5433261957124984,0.600624345673596,0.5888099854946411,0.6611640781318334,0.3990772268562657,0.5694046969838408,0.1898222805712233,1.0626059130883365,1.195914101256284,0.3928915139336089,0.1462968227562822,0.28962586457764156,0.6072335828062685,-0.17721665887801308,-0.08594308661810707,0.5253877245524068,0.7105209068808904,-0.09906607774814619,-0.48452262790763967,1.7942337881278732,0.5136931516310433,-0.04177289684819689,0.49579848702454493,-0.031481181168712846,0.43374491774951474,0.04928216825465555,-0.015314926795987484,-0.14818915971233526,-0.8454026398101553,0.8171996427837808,-0.6525286358883414
1.024471359096499,1.6737875258107957,1.6402029515660637,2.0471386615086575,0.30859695944704607,0.4694857520005852,-0.34623333534992606,1.5809142540397074,1.5695165875420565,0.25857171904402043,0.6460362129071376,0.2655150494137576,-0.13978913036179408,0.6241364794769202,0.5598179671525181,0.5166897424818813,0.8122929857326584,1.405243264284345,0.5280017677667924,0.7533581934022521,1.0196923916143705,0.9209892214001565,0.32391546261792215,0.6660830530946933,0.8779987398453271,0.025964145617172973,1.207406822255743,1.2765259510138856,0.1840426750768548,0.6265869582567283,0.8348390524008226,0.2244808964521552
0.07250565252554314,0.08550312796655524,0.8344564976405453,0.8567304526305934,0.6966312550898939,0.5356999263898929,-0.8731433413954053,0.7577111361242794,0.1033190072173387,0.21265811417672678,-0.4558076740552424,-0.6960017600558548,0.27344916466737934,0.22854206219986598,-0.7075559115457215,0.7330551462204844,-0.1803804249722701,-0.005971164102201831,-1.1324185507692481,0.6549881178243964,-1.050164602496762,0.041642322578688384,-0.999924757144039,-0.8425152184477006,-0.16779343947611963,-0.07613861559541801,-1.251827127794897,-0.09567880790905015,-0.14155258062158083,-1.154487707117604,0.09405804009292618,-1.451686527737668
0.9448922393291109,1.9662375206043872,1.0008493625935673,0.36726878041420213,0.3770466789174797,1.4718550919118347,0.7911141748030187,1.0600283119024319,1.5292593930105682,-0.4129066326530516,1.399415239448278,0.9632157613050366,0.3235602743996611,0.35175308214111684,0.9647806267886355,1.9031942631420036,1.2025916108396268,1.323244895730619,0.5835474924819456,0.36803458174875664,0.26585465395240593,0.3997808957954382,-0.39526399174341964,0.25543482009187446,0.3240522517308788,0.5024607271751413,0.6415123717311348,0.7419569327196355,0.5379701165776216,0.2390304059112654,-0.46797939756745355,0.20963367041563485
0.9020769359980136,0.7083605086414896,1.6377212000093198,0.48029716357732355,0.8737718933761787,1.0134714015319881,0.27270798260745743,0.9574129825341795,0.6580599183760075,0.9075503204784812,0.3977857745370057,1.3326125856681657,0.21198810610370622,0.24043808084435192,0.6945670532743525,0.3249501753832916,0.2584206383007768,0.7430214206254964,-0.0729848008391969,0.16415557658475177,1.6833049212037243,0.8736552876282867,0.2578455487068875,0.8270020306707739,0.8878940682541152,1.087347024417681,0.5120593021291238,1.0489803497932746,-0.47379045964198474,0.0015978838447673338,0.5956356249335346,0.6621047410204273
0.8254568477677365,0.884920236579659,-0.14405315437268973,0.4548439557563085,1.0897205405584356,0.3560520217032185,0.4797887922310779,-0.26612987293969137,0.6250740028320398,0.22240666459387104,0.7995798214429124,0.7979626982594226,0.6654190049026152,1.5653361678865365,0.9689666721087384,-0.20892357330488265,0.06849053238082192,0.7180874395175155,0.21462415341633012,-0.8160475210763554,1.3310302866587742,1.004029766596486,0.8916156615877289,0.31423296880221785,0.8180672152657652,0.237959652262121,0.6780659669663344,0.10043988548859129,1.3035770280771088,-0.25536637795827843,1.1298418388207223,0.5167458886251967
0.42599525669973254,-0.0927495268873989,1.3805202209565193,-0.31865146100097663,0.5213490954573988,0.044402757439212404,1.621112135779132,0.8310476829633562,0.6254198918634684,0.5666130479576724,0.0033386225192044705,1.3881499679223561,0.5008204503809272,0.7403491318338078,-0.30180755621839594,0.05184934507851602,1.0058412143695525,0.8793393150782657,1.5562357269748133,1.3396148598571838,0.5409016434994911,0.8803945405004177,0.47282550339030605,1.6452994008569997,1.1787361777870002,0.6749823598014374,0.6758347092956647,1.283156642036734,0.8352217263560253,1.3090659576176868,-0.58312403906413,0.7279021053659306
0.9500875246422607,-0.1899451079495479,0.7302733030373147,0.7140636622857959,0.583850654127452,0.5159240074672629,0.46376393774075475,0.864316512537491,1.9259797068878504,0.39447547999808924,0.6009070407673771,0.4020143583056676,1.2868797870355,-0.45612740528784346,0.4548280966928036,1.12005223113625,0.5538878002378592,0.28006395559620323,0.8999265048320375,1.1213083117401468,0.7615748523494319,0.2433075782373405,0.8592288844177147,0.41686984140028044,0.9768222707077143,1.3317692568008572,-0.7271510609867774,0.6162652350046464,-0.32243416567471195,1.7506462417475293,0.2796376571672115,0.8704745955292177
1.56042561603189,0.8505235988936588,0.8708946055490281,1.6865318153246498,0.7751774273420231,1.518023512086371,0.8556346341012151,1.345934179937828,0.3164955645686454,0.6636791776364238,1.502195376318205,0.6700420555999608,0.866104500719526,0.2347380223688827,0.5134526225711931,0.767213703889089,0.7242758215131567,1.3306594454399168,1.4502767250287822,0.24009425804111506,0.7118913893256473,0.9810419123561649,1.3893009577414417,0.9771396401962401,0.7496855305569663,0.9234110803638771,0.9125217340256189,0.0968743522646458,0.6418321990522361,1.2593324461769897,0.4100215397183044,0.5620112958902537
1.8660732300718508,0.9228937160229028,0.4447860738796237,0.22780360445862913,1.0772120854199165,1.3485127599413183,1.3886211815694687,0.5702993594513006,0.29975916701567995,0.740468882796658,0.32359782170382145,1.311740015902159,0.6536920622492031,0.8043128263192456,0.6734348737704583,1.112259149195118,0.3670437572880311,-0.40773969580020064,0.9149825573003458,1.1620539046955676,0.8794442521211705,0.3238025104097752,0.06362117574880854,0.8651432574278362,0.6749683062281372,0.5272435005433969,1.4868689883543844,0.08733145131616415,1.4329513133628344,0.5456439015179638,-0.4040853143701306,0.4076866474569611
0.5954323486172921,1.0785755187797852,0.3823241552585838,0.8813336730203016,0.47408727369980563,0.1694104575150226,0.4190024437362264,-0.14533973870801473,-0.3523788838790788,0.08689031438527665,0.8012360438261998,-0.3569219805264656,-0.8130828625102335,-1.0227953176033624,0.43757752846563036,-0.7361727975587165,-0.458901371578498,0.32768809380107433,-1.1758088808408662,0.34225537105764336,-0.5647063593304681,-1.0450925514236462,-0.6262143617526479,-0.894319207724598,-0.34176056196598537,-0.9139811893768854,-1.5720061086973676,-0.7511961596420417,-1.342315354331447,-0.583351060700998,-1.2988309228442911,-0.9672641151996919
0.453528384926466,1.0880002998031506,1.268084866496061,0.4219088428636711,0.556877126879469,0.48347786820055766,1.383735608440926,0.5026275519852736,0.9112378910306146,0.8441151730660003,0.2246011689288393,1.0258320223242914,-0.2553834206614237,0.8680258369840477,0.33387096479883105,1.2594330161825829,-0.021764963958202932,0.5122449507065768,0.8605604031068883,0.6953068411125083,1.0377362580988883,-0.11529323486086263,1.4570843932755322,0.8804668209318112,1.2840879362612485,1.0272598989891826,0.5698322596299672,-0.08136760704875035,0.2636562121747512,1.3245336155139324,1.2064188148934978,0.18748798456468652
1.3814512862720698,0.7261420869402231,0.81435319869333,1.3039352034803393,1.0684051678218105,0.3797942588714627,0.3953092948257183,0.8892044771380194,0.424886387896099,0.9837719197893502,-0.32047794428527043,1.6440683081980603,0.9575047992716691,0.8127121136308724,1.7129709497178198,-0.45708144642444903,0.2932793970381224,0.48989684914765436,1.1087237441153506,1.105964875655689,0.2232537752505896,1.142894919215057,0.4294698411809893,1.2237143043622587,0.0879074806997715,0.5284840148394815,0.3305536591692087,1.088746684189687,0.28404219451601614,0.5085276845767659,0.7671056228968314,0.7699172161295913
0.7354542088900935,0.6443615817199078,0.5892581910644946,0.25179336860537943,-0.021495842232331724,0.5705261416182692,0.6056336594364207,0.2786152540615673,0.8912132325224122,-0.425502155937735,-0.2669700886751422,0.3373278313056911,-0.05288208387212706,0.46111784250081334,-0.5513171329427701,-0.82892089823508,-0.1420804968127774,-0.3715076072945621,-0.09742629292226024,-0.417578029113138,-0.6078960276959456,-0.5082696796661385,-0.4881144507815988,-0.6855114669480245,-0.6637364845805572,-0.7917116409264517,-0.1878524433031427,-0.5439043901846473,0.4643334078962055,-0.6051587270559269,-0.9806944918669598,0.6120799738178834
-0.6681004718890575,0.1432996030022904,-0.2948113029286066,0.915763583707794,0.3104670927942505,1.1233776875158683,1.1402604655290478,0.14983021631248794,0.03911649229568859,0.766259595337212,1.6558694939047702,1.0273937557088406,0.3727635494837485,1.1727366111096686,0.4941455494776208,0.32714184463936363,-0.37104846137882097,0.7416745341951754,0.364614453043968,0.7163518838058229,-0.49342171837662807,0.7288310944356258,-0.5844333571439709,1.1618646181719514,0.8651744468283427,0.4508074286602679,0.8569972468985285,0.07169436707505383,0.5816205606065479,0.9271389683128117,-1.0334447004803882,0.2736757947777696
1.7189710149961377,1.0107915856462848,0.6745174425181486,1.2204299416333666,0.7676174151183377,0.7035161986720766,0.4243570074155196,1.0461357932776676,-0.001995241095292921,1.1543691248819632,1.0538959180309853,0.8148041937357346,1.504251009039329,1.1653120140788076,0.4168190861942917,0.4163058381274455,0.26109804772485773,0.9661251014091425,0.17947866699267723,1.2098327658332468,1.3177437839146742,0.20440962366855658,0.5383529575454162,0.6262049822188822,1.0462204099956343,1.3948115021775003,-0.26710887957679974,0.4016411396434886,0.4124244550189282,-0.17058297836062997,0.27114491441327593,0.7111724467918372
1.0170634907704863,0.7917867803218966,0.35497846439058806,0.6936400022267033,0.6811235152927252,0.38440409490733096,1.0751251017841743,1.4305449877791683,0.15867775487250435,1.6224793026341422,0.6957028399055257,1.1245689655889062,0.5145346461462628,0.688446943349629,0.5182185597761021,0.30252639704381884,1.062933470633128,0.5473327335742553,-0.038777768476967456,0.9436667561495371,0.05346595423002498,0.0672876718061528,1.227430327330501,0.01972454193256945,-0.5539935987029446,0.9015705568533096,0.4237056021169238,0.45190393783777183,0.3881826061240017,0.6455869185920073,0.13734030311377277,1.2353454118994138
0.09580507597045895,0.8925718541204581,0.4509052340777649,1.1141452408816184,0.4558064133893985,0.5163701998430569,0.29684546482005075,0.9814275468977667,0.14807452371023877,0.2065814410022842,0.10462710851338791,0.16199635170687143,0.6116428900709018,1.3423166949697014,0.2893807425320333,0.854668412719547,1.1057266976695672,0.7546622708813184,0.20333028684832563,0.503139778567165,-0.49151460908374156,-0.26798054598828946,-0.21060860678064053,1.181588909346266,-0.3755451234391353,-0.41357190243149317,-0.5523749207579471,0.21895500508560634,-0.02008752926249953,0.42166751543467207,0.18378202612588806,-0.8719565991165035
1.4670897702931127,1.1103185869255547,0.4127000447254038,0.22924964092050415,-0.009430864020498975,0.9140561439129926,0.013425276693314725,0.9432858587522748,0.5168784944757548,1.151100921653367,1.0303139641500556,1.1386277670575362,0.45343561162322255,-0.22493238885763794,-0.19947157479136335,-0.7447861919550005,-0.27178326109104367,0.27547831971343606,-0.06809614557538524,0.09201809686293255,0.39853239721463163,-0.02999159594619248,-0.46918541617097315,0.034666015477408774,-0.4184981096979243,-0.13522677529010996,0.6409740515780462,-0.19620352792786144,0.7940805510769315,0.5941060203903745,-0.4415004612023107,-0.7373235589623575
0.7737229190399033,1.376383621247098,0.5537837014450708,1.3997397535419576,0.45190568250726526,1.1426367010193772,0.8580529921155686,0.4343739866432274,0.596045368960331,0.7310656620869713,-0.0224488553796397,0.5063454810152188,-0.6540962266252627,0.7173797972106497,0.34957205243538775,1.5553064591276073,0.40821244397219203,0.14166175323204344,0.9335144625936634,0.3379130100377791,0.2665290291157865,0.8986684495559851,0.11089357089705998,-0.1107423375620511,1.467227830807969,0.8798891831728842,0.4435326743603064,0.558992893555862,0.7983649818571796,1.0164206738893542,0.1357122784078008,0.6803612375993726
1.0389070764603276,1.5381807506560032,0.5164033912318047,0.03379872990610355,1.1242125348201222,0.062243297317439605,0.6801874828048561,1.1353633201578495,-0.6947497305946139,1.434051969301552,0.9368180450436147,0.5393319358874322,-0.123599355508891,0.9963467595238519,0.6790625191738855,0.7269530906924292,1.244738447031653,1.071515371952648,1.6401668361574617,0.7450638084783202,0.31065091084634405,0.5497093346894191,0.838958911111146,1.125822751034164,-0.12928814595855898,0.5944086219621463,1.3804081453766734,0.4406270629055699,1.0109387302336539,0.7763107126906464,0.9916302273277967,0.09240770381656532
0.3972991649672097,0.8098556856097974,0.03276826093925922,0.921958087731747,0.9912903212864697,1.098919920392425,1.3643671408197862,0.2950759554675385,0.6895942618346318,1.9790317343526271,0.7204172459058362,1.2275605140713681,-0.0012949719200578969,0.8845549198683427,0.7937314179847544,0.8758747568964864,0.32387871453664613,0.13202367906526935,0.4415431276022298,0.6192391954994693,1.2487493535420606,1.5525731680065857,1.329426147953432,1.0479870969285976,0.10205869861100547,0.38569172687781406,0.6806003430639879,0.24451197936874253,0.834035629063077,0.8899950032097877,0.781844955348041,1.0098552768953222
0.9831637417705386,1.0600586230886901,1.4989290604733219,0.051390652562397166,0.07861449204435678,2.013275021418569,1.5098783633342547,1.8593929165658567,0.8033590813516893,1.0416122353014798,0.5302406411217686,0.13791996945928597,-0.5337847094636027,0.3339599716210927,-0.007379055926516331,1.4498587310560367,1.6087736819723342,-0.010981101185206565,1.3254059313732753,1.1438291857919558,-0.12863121261753552,0.4487839926779731,0.34104536377958317,0.9918921908512754,-0.0101608456917065,0.5407035015428205,0.2326700648826801,0.7974020900994017,0.43703678695513704,0.2621290971124463,0.40705163624926777,1.5153093910365876
0.6383231652806424,0.3679205431827445,0.552329424071268,0.7980913292448382,0.6996560812086892,0.2714780571096641,0.08308819733539174,2.076123353602679,0.20722807788784314,0.5070129378184894,1.018478508355058,1.0061244217656007,0.516403350507699,0.8485943166851497,0.7510295140025733,0.5548296792056253,0.8236398253178461,1.2181662083967022,0.6684480158949915,0.6603631172197822,1.1903376471798948,1.1245979380531888,1.4230954453235847,-0.26022062570211313,1.056788421345495,0.8909298370736514,0.13281111798085632,0.6865254574062525,1.070993676678101,0.11517248783994377,0.7349811385767103,0.9329648124820402
1.3571171733713023,1.1382349744490565,1.239385828142016,0.9369338390332649,0.403804691209961,0.5907166031380133,0.5202864509563361,1.1432409132255226,0.9455268703172227,1.1147043698078314,0.17980992904801485,0.5322013897314333,0.1877535642364554,0.5097063989544697,1.9622406781758956,0.5170369297304851,0.5383867186967134,0.5944310947065109,0.6052379358969279,0.2773986611409436,0.7278636713449679,1.1817152122429473,0.7882718825811965,0.06231184208768259,0.4320558772939462,0.31437611432174695,0.6021070509748895,1.2259573341879886,0.4709914047886602,0.4856745146474485,1.4025223334750214,0.9353909704523616
0.5800733684497971,1.69443909508734,0.8053298023435678,0.8039728567689698,1.119341348996291,0.6718656033769029,0.9945890184916252,1.6157301512957467,1.2752609927364822,1.9364755463791705,0.4315931779222324,0.35035475552351697,0.9145449586440184,1.0955535459844257,0.4649690859299053,0.7548775017134067,1.1561655056580966,0.3353479858653949,1.5142398573864793,-0.02416161832210373,1.6261028511060949,1.1445808255435783,0.5862644366779537,0.41656038591930966,0.35071469836528857,0.5222419942440544,0.5513893860830759,1.188344621724121,1.5297598529913936,0.6294419094096477,0.09088568007060455,0.2244249542984345
0.7084546076943579,0.28465868690026563,0.20940845350572557,0.9468265219470405,1.1982330118304152,0.19713262255245112,0.23412319335925658,0.37588354938294427,1.5993922334526414,0.639885405561494,-0.4608751363531528,0.5925008934036358,-0.18694211766541613,0.5709735373836712,0.9808596301845931,0.9129199462427535,1.6001424440145855,0.2640995037363837,0.7029081877451416,0.31835205475235984,-0.11483931735170883,1.0866814442967596,0.8627620094156031,0.7597337163871017,0.8176239263901226,0.24740338802835177,0.0727897731983923,0.5795551844915101,1.1260385040049088,1.3337905168094175,0.9114162774690232,0.5118751880005795
0.09740381562309153,0.8382636115881255,0.7988938024555007,0.5714418306588259,0.9247062813117968,-0.08099882676863501,1.283389518533606,0.4158037682287919,0.6310327891385586,0.7635607173642396,0.7549306974115155,0.8202616981851116,0.5331971088172603,0.03683345207535993,-0.04804352276563101,0.13161153167454556,-0.37932118768224266,1.1022001863546245,0.9548066074088679,0.4079359995558278,0.04047547931288571,0.023487039117988842,0.47076183712230313,0.9401962990101002,-0.2544512361098734,-0.5586265481122406,0.74340595616418,-0.9545201696719998,-0.595663629723264,-0.24514091933403673,-0.9320645408153043,0.37431285564882943
1.12682704300936,0.25352538000544766,0.7476371406945885,1.2451558597429098,0.4205163415809252,1.0484818356060666,0.03996062105893938,0.5658878272130743,-0.4029984687328263,-0.05968508859108379,0.6506523129348218,0.1359319420010841,0.6281633956530924,0.06487107378119927,0.7382109893155049,0.40646946644600046,0.4878912115852546,0.8615492902303776,0.37164247614422874,0.9515095443025302,0.607805829002843,-0.13968518183054185,0.7383030215459546,0.19321585971059754,-0.16659272064175362,0.1393593208598629,0.5257489815616759,0.16657167124133682,0.8197981906787579,0.42155330587080064,0.10973220978829212,-0.6947957171250485
0.884421936116541,0.8285266904089035,1.1740256263845255,1.1125225753609855,-0.14102210013098593,0.07675917730402182,0.8374908670569845,0.05877862883395901,1.3133067647052992,1.078923367443275,1.1263062580059027,0.5371492165604596,-0.2152357324930151,0.8523558994334095,0.5167066802258686,0.5822908853490985,1.114205561349444,-0.061915001112643475,0.14866016989853675,0.34542135983894207,-0.3155430152454222,0.028241622448266654,0.3382038892688036,-0.1014277864272907,0.6852418385530543,-0.7552958077090755,0.5309711894832154,0.2696418615282282,-0.37581251937523635,-0.5839162571936094,-1.191989115534015,-0.5793491819613867
-0.12271194240226779,0.4222027415934041,1.747181188846379,0.4425271762244582,0.8175464448921145,0.6121514874338708,0.8783136808135389,0.4483503452236838,0.2633900615760856,0.7095269746333067,0.2544798770600871,0.9228948592219839,1.164292113299592,1.2932777741237897,0.5174894310660157,0.9606026669458035,0.9471966775353543,0.8543927929293409,0.4398184221374263,0.15410278780951536,0.9072580742751826,-0.20951352295274284,0.49720750855768747,-0.6589210162866235,-0.06397238191833132,0.15157284514884956,1.123999420672131,0.9047855106089644,0.2684654608779805,0.8944368466475192,0.9575114057555051,0.41695555042917076
0.7426055891827249,0.04831888389611849,0.6988118774453461,0.8989279398696154,0.9352214005888275,1.3270960491382648,1.5768526853471374,-0.48659754459517834,0.3550385460832333,0.614782399894674,0.9901422662888322,0.25464537208470667,0.8029404866023417,0.7717594021287096,0.909166885092188,0.932733226420327,0.8702321709901074,0.7873110933370953,0.7074180142758394,1.0005182389037521,-0.46340420354020995,1.4160845016293995,-0.471113800598319,0.07831358308542935,0.4908484314357281,0.926446259917483,-0.9219961285423192,0.5466693364359128,0.9416303225069689,1.0270110070968823,0.16503509481657735,0.3468703311390154
0.3642447028334214,1.5435639627504103,1.0797346685186366,0.9781000752114981,0.3534049468129451,0.5406004766110926,1.4553695150727983,1.5572757235570487,0.19860279316058627,0.891193472382587,0.5445064568554769,0.8881114231625394,1.3082433514564906,0.955146518007473,0.5606014569226241,0.9683259529438488,0.5209468676417256,0.8965405853866498,1.3777809778405221,-0.3704431356088431,1.0548832790119194,-0.1256097026414521,1.2452910801140737,0.29938168660124503,-0.0046068590424416245,0.9377744279169355,0.7577223484286943,0.061138046926000944,-0.0810670757850952,0.43601120533700277,-0.08834355102029157,-0.0334485118452823
0.5115166712743332,0.985783844482949,-0.43993980439093194,-0.09024499627040072,0.5909550954957363,0.42914527220874377,-0.2159429147145387,0.539137506963941,-0.7084757030375035,-0.8510194895539118,-0.661295117791993,0.234506605057727,-1.630613081524356,0.47960974018542357,-0.15491609937039325,-1.0425178272856903,-0.24567117993623921,0.21334523810149586,-0.06913764544824075,0.14565964759709693,-1.1210094470827725,-0.677803511373479,-0.9648850134399574,0.32576928549829975,-0.2424890396755282,0.8335898220458238,-0.8499897699464597,-1.0032519982786994,-0.735456147485753,0.0036676080161166524,-0.8883256013903026,-0.6610389146601772
1.2756386944382658,0.6358120844289743,0.5405139357984879,1.5194486420495954,0.8289890728932913,0.5729124494941613,1.1349034996927767,0.855167268706895,0.27041868764101007,0.2819133814331837,-0.23932442617966287,1.1426644773009005,1.3996421542799207,1.072094462973968,0.9976737822024822,0.6476323382119441,1.0883922318891697,0.8336225465622911,1.5817726136062178,0.6189140369531965,1.3277611716099682,1.0809747990527123,0.9988488679439225,-0.38785117119323465,1.0688236105346558,0.5263858249179851,0.3536740696400432,-0.1807250221821266,0.5426392358150101,0.5465277474917652,-0.13780103684209555,-0.23935211183031446
0.6735743577151652,0.0639822425550135,0.8472492077240876,-0.23933904112917997,0.008570463331432798,0.6797570555384596,-0.0485263803055733,-0.04170297510626961,0.7623631140803802,0.2707695229741484,0.8079933901607173,-0.5466568896178472,0.3523785826804602,0.5808899702828261,0.5459343687020995,0.235416338297541,0.18761683237355814,-0.48424799107548877,-0.7875491952761575,-0.5799855431286145,-1.2702806331005987,0.200596763906576,-0.6441853778870473,0.11264454750862074,-1.177920250029643,-0.04860251193189136,-0.8636253323275058,-1.283099596592134,0.14951619789170112,-0.1318551680247707,-0.5993695466097368,-0.7062887710461674
0.9372680937916409,0.9154505307980398,0.9537439061029193,0.6705605165541492,2.7610967320549014,0.18415121868611883,0.9936691974569598,0.4918814609778959,1.7959615449685495,0.0894340580549402,1.0724481022560304,0.5864082414543982,0.7206052198988823,1.2641611222351798,0.18177426880287761,1.0425868873999615,0.7103238161261496,0.8268801281643388,1.158714484955226,0.026858347538926908,1.0615546163161989,0.3594653315990698,1.179063952330256,0.7851733088066155,0.49946463900227267,0.2951268298271511,0.9872848140351543,1.1912073411472939,0.27900703236900937,-0.03675133380805462,0.8608054455379195,-0.2269774964003186
0.04930983072081241,0.15554157757165465,0.46298806906689316,-0.33395963642526527,0.9176904630104925,-0.06013471920589464,0.38384511162828616,1.5048620300140692,0.4836816380969293,0.6555471355882502,-0.013433334136356334,0.13757116334376546,0.26756785240336534,1.0129934833383467,0.23592283028051647,0.3225824640405757,0.12920549522843827,0.1036503018324979,0.3969819502512417,0.458557493666911,-0.16944952812235242,-0.2609991949867783,-0.21283906039346262,-0.6393441578407593,-0.7644679955711504,0.14875004681187542,0.4388834709541006,0.3745717706928346,-1.2823938621652702,-0.2442445166002407,-0.7028937847090685,-0.1098929568440413
0.08833160255930672,0.8650916690577782,1.0694046465902465,0.09634122174380222,1.6376129737415264,0.9913814688126708,0.2631049265824531,0.6133501057349463,0.7483369704608712,0.9015571928159593,0.7709691334198918,0.7003181968152531,0.8703154325299083,0.4990535707847191,0.5512643233909074,0.422882777737935,1.659564721684212,1.4224338281085103,0.9571952226194633,1.33079119267544,1.055487799230844,0.7345533379008098,-0.12165844566799877,0.4868125314751054,0.43670988375162445,0.023602227826483357,-0.16744382044581907,0.8070911716903426,0.7076849639845082,-0.053946540951162136,0.1407606708472121,1.0778991111936131
0.08122710927779597,0.5594480267452655,1.0870571633663193,1.591945791159907,1.4700787231265138,0.3433206437188095,1.0340591843810287,0.8200027149004605,1.1809787495474018,0.6494297546508223,0.9965859616018848,0.4201034285389268,0.8588840015186116,-0.21461583724579814,1.0716091914138204,1.6882266347075137,0.07871693055782847,0.6447928048073773,1.1197887780697122,0.6838454307748459,0.7388069054885156,0.44841803738196284,0.4170510982978857,0.5745474147449859,0.6250645408304786,-0.0005808164160930884,0.5426263238844746,1.3449984677614932,0.33586590600464933,-0.08887554235466999,0.43799189007209344,0.1399815685543832
0.30200144651930483,0.12690578038458,1.274655193598958,0.7919011022491457,0.1336270930752137,0.7478088528867048,1.4145871647809343,1.2789732515678496,0.8880319743330871,1.3224595849682346,0.2302190647510023,0.9435940458499185,0.6725544718652309,0.6059036161270974,0.12003581572159405,-0.32977533134508685,1.109868166906994,0.8120942216474618,1.130547316717702,0.4495187229623835,0.29986818732810566,0.6471917414620993,1.0582270491482513,0.5021683840438482,1.0051214219250433,0.08698581157601837,0.49491375027255535,0.5256744263678145,1.1586277747600615,0.633565648090598,1.3867386832124042,-0.17655442535720978
0.7797388082365342,1.401720304591479,0.5703821352811853,0.8065064069555217,0.6568993987705571,-0.45659177118721783,0.48936843634691374,1.2049992766114805,0.9957688721456592,0.46891528322364284,0.7803774662099967,0.7445198739100544,2.202922028020042,1.6522159415513418,0.7466687468907721,0.7909674454339561,0.21115229711490063,0.2895888810458237,0.8606402886650025,0.4056904112233282,1.1083319271676937,1.4287605986326608,0.7974376172323625,0.6687630944576387,-0.23616098269452546,0.9639449370085869,0.003801666087959843,0.3517269340901201,1.0252207489916692,1.0446310312371598,0.28044616039024817,0.2928302071565384
